area_type,availability,Location,society,Area,Bathroom,balcony,Price,Bhk
Super built-up  Area,Ready To Move,1st Phase JP Nagar,Prhtsok,2825.0,4.0,3.0,250.0,4
Super built-up  Area,Ready To Move,1st Phase JP Nagar,Prhtsok,1875.0,3.0,1.0,167.0,3
Super built-up  Area,Ready To Move,1st Phase JP Nagar,NCaveun,1394.0,2.0,1.0,100.0,2
Super built-up  Area,18-May,1st Phase JP Nagar,Inntsth,1077.0,2.0,2.0,93.0,2
Super built-up  Area,18-May,1st Phase JP Nagar,Inntsth,1590.0,3.0,3.0,131.0,3
Super built-up  Area,Ready To Move,1st Phase JP Nagar,Prhtsok,2180.0,3.0,2.0,210.0,3
Super built-up  Area,18-May,1st Phase JP Nagar,Inntsth,2077.0,3.0,3.0,175.0,3
Super built-up  Area,Ready To Move,1st Phase JP Nagar,NCaveun,1205.0,2.0,1.0,85.0,2
Super built-up  Area,Ready To Move,1st Phase JP Nagar,Prhtsok,2615.0,5.0,3.0,222.0,4
Built-up  Area,Ready To Move,5th Phase JP Nagar,Prenty ,1150.0,3.0,3.0,52.5,2
Super built-up  Area,Ready To Move,5th Phase JP Nagar,MBncele,1485.0,2.0,2.0,67.0,3
Built-up  Area,Ready To Move,5th Phase JP Nagar,Shenshi,600.0,1.0,1.0,30.0,1
Super built-up  Area,Ready To Move,5th Phase JP Nagar,Maodser,1000.0,2.0,0.0,48.0,2
Super built-up  Area,Ready To Move,5th Phase JP Nagar,MBaleRo,1350.0,2.0,1.0,75.0,3
Built-up  Area,Ready To Move,5th Phase JP Nagar,Matonr ,1030.0,2.0,2.0,57.0,2
Built-up  Area,Ready To Move,5th Phase JP Nagar,Niaveha,1190.0,2.0,2.0,61.8,2
Super built-up  Area,Ready To Move,5th Phase JP Nagar,Maodser,1080.0,2.0,1.0,53.0,2
Super built-up  Area,Ready To Move,5th Phase JP Nagar,Mangsr ,1041.0,2.0,2.0,54.0,2
Super built-up  Area,Ready To Move,5th Phase JP Nagar,NDncysi,1450.0,2.0,2.0,73.0,3
Built-up  Area,Ready To Move,7th Phase JP Nagar,Brnia G,1080.0,2.0,2.0,72.0,2
Super built-up  Area,Ready To Move,7th Phase JP Nagar,BriumMi,1270.0,2.0,2.0,93.0,2
Built-up  Area,Ready To Move,7th Phase JP Nagar,Brnia G,1420.0,2.0,1.0,100.0,3
Built-up  Area,Ready To Move,7th Phase JP Nagar,Eladero,1245.0,2.0,1.0,94.0,2
Super built-up  Area,Ready To Move,7th Phase JP Nagar,BriumMi,1175.0,2.0,1.0,82.0,2
Super built-up  Area,Ready To Move,7th Phase JP Nagar,Brnia G,1400.0,2.0,1.0,95.0,3
Super built-up  Area,19-Dec,7th Phase JP Nagar,Puarero,2225.0,3.0,1.0,160.0,3
Built-up  Area,Ready To Move,7th Phase JP Nagar,Brnia G,1050.0,2.0,1.0,71.0,2
Super built-up  Area,Ready To Move,7th Phase JP Nagar,Brsiaen,1450.0,2.0,1.0,100.0,3
Super built-up  Area,Ready To Move,7th Phase JP Nagar,Brnia G,1420.0,2.0,2.0,96.0,3
Super built-up  Area,Ready To Move,7th Phase JP Nagar,Eladero,1680.0,3.0,2.0,120.0,3
Super built-up  Area,Ready To Move,7th Phase JP Nagar,Brnia G,980.0,2.0,2.0,69.0,2
Super built-up  Area,Ready To Move,7th Phase JP Nagar,Hiestre,1180.0,2.0,2.0,72.0,2
Built-up  Area,Ready To Move,7th Phase JP Nagar,LencyRe,1050.0,2.0,1.0,57.0,3
Super built-up  Area,Ready To Move,7th Phase JP Nagar,BriumMi,1270.0,2.0,1.0,83.0,2
Super built-up  Area,19-Dec,7th Phase JP Nagar,Puarero,2503.0,4.0,0.0,188.0,4
Super built-up  Area,Ready To Move,7th Phase JP Nagar,JDensar,1250.0,3.0,2.0,65.0,3
Super built-up  Area,Ready To Move,7th Phase JP Nagar,Eladero,1575.0,2.0,2.0,110.0,3
Super built-up  Area,Ready To Move,7th Phase JP Nagar,Brngsal,1850.0,3.0,2.0,140.0,3
Built-up  Area,Ready To Move,7th Phase JP Nagar,Eladero,1575.0,2.0,2.0,120.0,3
Super built-up  Area,Ready To Move,7th Phase JP Nagar,Eladero,1680.0,3.0,2.0,120.0,3
Super built-up  Area,Ready To Move,7th Phase JP Nagar,BriumMi,1175.0,2.0,2.0,82.5,2
Super built-up  Area,Ready To Move,7th Phase JP Nagar,BriumMi,1215.0,2.0,2.0,90.0,2
Super built-up  Area,Ready To Move,7th Phase JP Nagar,Brnia G,1050.0,2.0,1.0,75.0,2
Super built-up  Area,Ready To Move,7th Phase JP Nagar,Axdam V,1300.0,3.0,2.0,89.13,3
Super built-up  Area,Ready To Move,7th Phase JP Nagar,Brnia G,1130.0,2.0,2.0,73.0,2
Super built-up  Area,Ready To Move,7th Phase JP Nagar,BriumMi,1450.0,3.0,2.0,100.0,3
Super built-up  Area,Ready To Move,7th Phase JP Nagar,BriumMi,1275.0,2.0,1.0,87.0,2
Super built-up  Area,Ready To Move,7th Phase JP Nagar,Eladero,1650.0,3.0,2.0,110.0,3
Built-up  Area,Ready To Move,7th Phase JP Nagar,Eladero,1680.0,3.0,2.0,117.0,3
Super built-up  Area,Ready To Move,7th Phase JP Nagar,Hiestre,1000.0,2.0,2.0,53.0,2
Super built-up  Area,Ready To Move,7th Phase JP Nagar,Eladero,1680.0,3.0,2.0,125.0,3
Super built-up  Area,Ready To Move,7th Phase JP Nagar,Brnia G,1460.0,2.0,2.0,100.0,3
Super built-up  Area,Ready To Move,7th Phase JP Nagar,Brnia G,1650.0,3.0,3.0,110.0,3
Super built-up  Area,Ready To Move,7th Phase JP Nagar,Hiestre,1200.0,2.0,2.0,62.5,2
Super built-up  Area,Ready To Move,7th Phase JP Nagar,Axdam V,1000.0,2.0,1.0,70.65,2
Super built-up  Area,Ready To Move,7th Phase JP Nagar,Brnia G,1080.0,2.0,2.0,75.0,2
Super built-up  Area,Ready To Move,7th Phase JP Nagar,Eladero,1680.0,3.0,3.0,125.0,3
Super built-up  Area,Ready To Move,7th Phase JP Nagar,Brnia G,1460.0,2.0,1.0,97.0,3
Super built-up  Area,Ready To Move,7th Phase JP Nagar,Panorse,1100.0,3.0,1.0,60.0,2
Super built-up  Area,Ready To Move,7th Phase JP Nagar,Eladero,1790.0,3.0,3.0,120.0,3
Super built-up  Area,Ready To Move,7th Phase JP Nagar,Eladero,1680.0,3.0,2.0,117.0,3
Super built-up  Area,Ready To Move,7th Phase JP Nagar,Brnia G,1050.0,2.0,1.0,77.0,2
Super built-up  Area,Ready To Move,7th Phase JP Nagar,Brnia G,1050.0,2.0,1.0,75.0,2
Super built-up  Area,Ready To Move,7th Phase JP Nagar,Brnia G,1040.0,2.0,1.0,75.0,2
Super built-up  Area,Ready To Move,7th Phase JP Nagar,Brnia G,1400.0,2.0,1.0,95.0,3
Super built-up  Area,Ready To Move,7th Phase JP Nagar,BriumMi,1800.0,3.0,2.0,130.0,3
Super built-up  Area,Ready To Move,7th Phase JP Nagar,Brnia G,1050.0,2.0,0.0,68.0,2
Built-up  Area,Ready To Move,7th Phase JP Nagar,AiIIIpl,1000.0,2.0,2.0,60.0,2
Super built-up  Area,Ready To Move,7th Phase JP Nagar,Eladero,1680.0,3.0,2.0,125.0,3
Super built-up  Area,Ready To Move,7th Phase JP Nagar,Brnia G,1050.0,2.0,1.0,77.47,2
Super built-up  Area,Ready To Move,7th Phase JP Nagar,BriumMi,1270.0,2.0,1.0,80.0,2
Super built-up  Area,Ready To Move,7th Phase JP Nagar,Eladero,1680.0,3.0,2.0,122.0,3
Super built-up  Area,Ready To Move,7th Phase JP Nagar,Brnia G,1130.0,2.0,2.0,85.0,2
Super built-up  Area,Ready To Move,7th Phase JP Nagar,Eladero,1680.0,3.0,3.0,130.0,3
Built-up  Area,Ready To Move,7th Phase JP Nagar,Brnia G,980.0,2.0,1.0,77.44,2
Super built-up  Area,Ready To Move,7th Phase JP Nagar,Eladero,1680.0,3.0,2.0,112.0,3
Super built-up  Area,Ready To Move,7th Phase JP Nagar,Srncya ,1515.0,2.0,1.0,76.0,3
Super built-up  Area,19-Dec,7th Phase JP Nagar,Puarero,1976.0,3.0,1.0,145.0,3
Super built-up  Area,Ready To Move,7th Phase JP Nagar,Eladero,1600.0,2.0,2.0,110.0,3
Super built-up  Area,Ready To Move,7th Phase JP Nagar,Eladero,1765.0,3.0,2.0,118.0,3
Super built-up  Area,Ready To Move,7th Phase JP Nagar,BriumMi,1450.0,2.0,1.0,102.0,3
Super built-up  Area,Ready To Move,7th Phase JP Nagar,Eladero,1575.0,2.0,2.0,110.0,3
Built-up  Area,Ready To Move,7th Phase JP Nagar,LencyRe,1075.0,2.0,1.0,57.0,3
Super built-up  Area,Ready To Move,7th Phase JP Nagar,Brnia G,750.0,1.0,2.0,47.0,1
Super built-up  Area,Ready To Move,7th Phase JP Nagar,Brnia G,1430.0,2.0,1.0,102.0,3
Super built-up  Area,Ready To Move,7th Phase JP Nagar,Prhna S,1128.0,2.0,1.0,60.0,2
Super built-up  Area,18-May,8th Phase JP Nagar,Maian M,451.0,1.0,0.0,29.9,1
Super built-up  Area,Ready To Move,8th Phase JP Nagar,MBodsen,1062.0,2.0,1.0,42.47,2
Super built-up  Area,20-Mar,8th Phase JP Nagar,Vaarech,1455.0,3.0,2.0,73.31,3
Super built-up  Area,Ready To Move,8th Phase JP Nagar,i1rtsCo,871.0,2.0,2.0,55.0,2
Super built-up  Area,Ready To Move,8th Phase JP Nagar,MBodsen,1098.0,2.0,1.0,43.91,2
Super built-up  Area,Ready To Move,8th Phase JP Nagar,MBodsen,1062.0,2.0,1.0,42.47,2
Super built-up  Area,18-Jul,8th Phase JP Nagar,Maian M,500.0,1.0,1.0,31.0,1
Super built-up  Area,Ready To Move,8th Phase JP Nagar,MBodsen,909.0,2.0,1.0,40.9,2
Super built-up  Area,18-Jul,8th Phase JP Nagar,Maian M,500.0,1.0,1.0,30.0,1
Super built-up  Area,Ready To Move,8th Phase JP Nagar,Yaenti ,1605.0,2.0,2.0,65.0,3
Super built-up  Area,Ready To Move,8th Phase JP Nagar,GRhtsei,1504.0,2.0,2.0,83.0,3
Super built-up  Area,Ready To Move,8th Phase JP Nagar,MBodsen,1368.0,2.0,1.0,54.71,3
Super built-up  Area,Ready To Move,8th Phase JP Nagar,MBodsen,1089.0,2.0,1.0,43.55,2
Super built-up  Area,Ready To Move,8th Phase JP Nagar,MBodsen,1224.0,2.0,2.0,48.95,3
Super built-up  Area,Ready To Move,8th Phase JP Nagar,HMityld,1513.0,2.0,3.0,62.0,2
Built-up  Area,Ready To Move,8th Phase JP Nagar,SVthaho,1006.0,2.0,0.0,44.0,2
Carpet  Area,18-Jul,8th Phase JP Nagar,Maian M,500.0,1.0,1.0,33.0,1
Super built-up  Area,Ready To Move,8th Phase JP Nagar,HMityld,1510.0,2.0,3.0,80.0,2
Super built-up  Area,Ready To Move,8th Phase JP Nagar,MBodsen,1296.0,2.0,2.0,51.83,3
Super built-up  Area,18-Jun,8th Phase JP Nagar,Maian M,1046.0,2.0,1.0,48.0,2
Super built-up  Area,Ready To Move,8th Phase JP Nagar,MBodsen,1269.0,2.0,3.0,50.75,3
Super built-up  Area,19-Mar,8th Phase JP Nagar,Vaarech,1408.0,3.0,2.0,80.0,3
Super built-up  Area,Ready To Move,8th Phase JP Nagar,Yaenti ,1500.0,2.0,3.0,55.0,3
Super built-up  Area,Ready To Move,9th Phase JP Nagar,NaensGa,1005.0,2.0,1.0,50.0,2
Built-up  Area,Ready To Move,9th Phase JP Nagar,ImiteEl,1890.0,2.0,2.0,85.0,3
Built-up  Area,Ready To Move,9th Phase JP Nagar,NaensGa,1035.0,2.0,1.0,45.0,2
Super built-up  Area,Ready To Move,9th Phase JP Nagar,NaensGa,1005.0,2.0,1.0,42.0,2
Super built-up  Area,Ready To Move,9th Phase JP Nagar,NaensGa,1005.0,2.0,1.0,43.0,2
Built-up  Area,Ready To Move,9th Phase JP Nagar,NaensGa,835.0,2.0,0.0,37.0,2
Super built-up  Area,18-Mar,9th Phase JP Nagar,HMigond,1466.0,2.0,2.0,71.0,2
Super built-up  Area,21-Sep,9th Phase JP Nagar,Vasisvi,1480.0,2.0,1.0,80.0,2
Super built-up  Area,21-Sep,9th Phase JP Nagar,Vasisvi,1073.0,2.0,1.0,52.36,2
Super built-up  Area,Ready To Move,9th Phase JP Nagar,HMigond,1719.3,2.0,2.0,88.0,3
Super built-up  Area,18-Mar,9th Phase JP Nagar,HMigond,1780.0,3.0,2.0,88.0,3
Built-up  Area,Ready To Move,9th Phase JP Nagar,NaensGa,1300.0,2.0,2.0,58.0,3
Super built-up  Area,Ready To Move,9th Phase JP Nagar,JSyane ,1571.0,3.0,2.0,65.0,3
Built-up  Area,Ready To Move,9th Phase JP Nagar,NaensGa,890.0,2.0,2.0,45.0,2
Super built-up  Area,Ready To Move,9th Phase JP Nagar,HMigond,1331.95,2.0,2.0,69.0,2
Super built-up  Area,Ready To Move,AECS Layout,CMoryma,1199.0,2.0,2.0,65.0,2
Super built-up  Area,Ready To Move,AECS Layout,Srestve,1080.0,2.0,2.0,55.0,2
Super built-up  Area,Ready To Move,AECS Layout,CMhamai,1123.0,2.0,2.0,64.0,2
Super built-up  Area,Ready To Move,AECS Layout,Concyvi,1308.0,2.0,1.0,60.0,2
Super built-up  Area,Ready To Move,AECS Layout,CMard B,1005.0,2.0,1.0,55.0,2
Built-up  Area,Ready To Move,AECS Layout,Concyvi,2000.0,3.0,1.0,90.0,3
Super built-up  Area,Ready To Move,Abbigere,SLtias ,985.0,2.0,1.0,40.39,2
Super built-up  Area,Ready To Move,Abbigere,SLtias ,795.0,2.0,1.0,32.54,2
Super built-up  Area,Ready To Move,Abbigere,SLtias ,1005.0,2.0,1.0,39.59,2
Super built-up  Area,17-Nov,Abbigere,AdhriPa,1260.0,2.0,1.0,45.0,3
Super built-up  Area,Ready To Move,Abbigere,SLtias ,1020.0,2.0,1.0,41.82,2
Super built-up  Area,Ready To Move,Abbigere,SLtias ,985.0,2.0,1.0,40.39,2
Super built-up  Area,Ready To Move,Abbigere,SLtias ,795.0,2.0,1.0,32.54,2
Super built-up  Area,Ready To Move,Abbigere,SLtias ,1130.0,2.0,1.0,46.33,2
Super built-up  Area,Ready To Move,Abbigere,SLtias ,795.0,1.0,1.0,32.6,2
Super built-up  Area,Ready To Move,Abbigere,SLtias ,985.0,2.0,1.0,38.92,2
Super built-up  Area,Ready To Move,Abbigere,SLtias ,1000.0,2.0,1.0,41.0,2
Super built-up  Area,Ready To Move,Abbigere,SLtias ,995.0,2.0,1.0,40.8,2
Super built-up  Area,Ready To Move,Abbigere,SLtias ,1020.0,2.0,1.0,40.8,2
Built-up  Area,Ready To Move,Akshaya Nagar,DLhtsnd,1662.0,3.0,3.0,85.1,3
Super built-up  Area,Ready To Move,Akshaya Nagar,DLhtsnd,1897.0,3.0,2.0,120.0,3
Super built-up  Area,Ready To Move,Akshaya Nagar,DLhtsnd,1410.0,2.0,2.0,80.0,3
Built-up  Area,Ready To Move,Akshaya Nagar,DLhtsnd,1662.0,3.0,2.0,85.0,3
Built-up  Area,Ready To Move,Akshaya Nagar,DLhtsnd,1662.0,3.0,2.0,85.5,3
Super built-up  Area,Ready To Move,Akshaya Nagar,DLhtsnd,1430.0,2.0,2.0,75.0,3
Built-up  Area,Ready To Move,Akshaya Nagar,DLhtsnd,1419.0,2.0,3.0,73.0,3
Super built-up  Area,18-May,Akshaya Nagar,Suiumy ,1092.0,2.0,1.0,60.0,2
Super built-up  Area,Ready To Move,Akshaya Nagar,BMoldar,1700.0,3.0,1.0,80.0,3
Super built-up  Area,Ready To Move,Akshaya Nagar,DLhtsnd,1884.0,3.0,3.0,98.0,3
Super built-up  Area,Ready To Move,Akshaya Nagar,DLhtsnd,1314.0,2.0,2.0,68.8,2
Super built-up  Area,Ready To Move,Akshaya Nagar,DLhtsnd,1690.0,3.0,2.0,85.0,3
Super built-up  Area,Ready To Move,Akshaya Nagar,DLhtsnd,1265.0,2.0,3.0,67.0,2
Super built-up  Area,Ready To Move,Akshaya Nagar,DLhtsnd,2300.0,4.0,3.0,102.0,3
Super built-up  Area,Ready To Move,Akshaya Nagar,DLhtsnd,1420.0,2.0,2.0,75.0,3
Super built-up  Area,Ready To Move,Akshaya Nagar,DLhtsnd,1412.0,2.0,3.0,88.0,3
Built-up  Area,Ready To Move,Akshaya Nagar,DLhtsnd,1434.0,3.0,3.0,84.0,3
Super built-up  Area,Ready To Move,Akshaya Nagar,DLhtsnd,1419.0,2.0,3.0,87.0,3
Super built-up  Area,Ready To Move,Akshaya Nagar,DLhtsnd,1690.0,3.0,2.0,85.0,3
Super built-up  Area,Ready To Move,Akshaya Nagar,SagasSa,1100.0,2.0,2.0,48.0,2
Super built-up  Area,Ready To Move,Akshaya Nagar,DLhtsnd,1896.0,3.0,2.0,102.0,3
Super built-up  Area,Ready To Move,Akshaya Nagar,DLhtsnd,1300.0,2.0,2.0,66.0,2
Super built-up  Area,Ready To Move,Akshaya Nagar,DLhtsnd,1225.0,2.0,0.0,68.0,2
Super built-up  Area,Ready To Move,Akshaya Nagar,DLhtsnd,1421.0,2.0,2.0,73.0,3
Built-up  Area,Ready To Move,Akshaya Nagar,Baalp S,900.0,2.0,1.0,45.0,2
Super built-up  Area,Ready To Move,Ambalipura,SJarkte,1105.0,2.0,1.0,75.0,2
Built-up  Area,Ready To Move,Ambalipura,SJodsed,1150.0,2.0,2.0,80.0,2
Super built-up  Area,Ready To Move,Ambalipura,Dimes E,1332.0,2.0,1.0,79.0,2
Super built-up  Area,Ready To Move,Ambalipura,SJarkte,1730.0,3.0,1.0,120.0,3
Super built-up  Area,Ready To Move,Ambalipura,SJodsed,1351.0,2.0,1.0,77.0,2
Built-up  Area,Ready To Move,Ambalipura,SJodsed,2550.0,4.0,2.0,149.0,4
Super built-up  Area,Ready To Move,Ambalipura,Maorai ,1625.0,2.0,2.0,145.0,3
Super built-up  Area,Ready To Move,Ambalipura,Dimes E,1303.0,2.0,2.0,80.0,2
Super built-up  Area,Ready To Move,Ambalipura,Dimes E,1607.0,2.0,2.0,112.0,3
Super built-up  Area,Ready To Move,Ambalipura,SJodsed,1700.0,2.0,2.0,76.0,2
Super built-up  Area,Ready To Move,Ambalipura,Dimes E,1607.0,2.0,2.0,112.0,3
Super built-up  Area,Ready To Move,Ambedkar Nagar,SoechHa,1935.0,4.0,2.0,130.0,3
Super built-up  Area,Ready To Move,Ambedkar Nagar,SoechHa,1424.0,2.0,2.0,90.0,2
Super built-up  Area,Ready To Move,Ambedkar Nagar,SoechHa,2225.0,4.0,2.0,169.0,3
Super built-up  Area,Ready To Move,Ambedkar Nagar,SoechHa,1850.0,4.0,3.0,139.0,3
Super built-up  Area,Ready To Move,Ambedkar Nagar,SoechHa,1862.0,3.0,2.0,119.0,3
Super built-up  Area,Ready To Move,Ambedkar Nagar,SoechHa,1424.0,2.0,2.0,90.0,2
Super built-up  Area,Ready To Move,Ambedkar Nagar,SoechHa,2150.0,4.0,2.0,125.0,3
Built-up  Area,Ready To Move,Ambedkar Nagar,SoechHa,3530.0,4.0,2.0,290.0,4
Super built-up  Area,Ready To Move,Ambedkar Nagar,SoechHa,1852.0,3.0,2.0,130.0,3
Super built-up  Area,Ready To Move,Ambedkar Nagar,SoechHa,1850.0,4.0,2.0,120.0,3
Super built-up  Area,Ready To Move,Ambedkar Nagar,SoechHa,1367.0,2.0,2.0,86.0,2
Plot  Area,18-Dec,Ambedkar Nagar,Thessrm,3565.0,4.0,3.0,255.0,4
Super built-up  Area,Ready To Move,Ambedkar Nagar,SoechHa,1409.0,2.0,2.0,95.0,2
Super built-up  Area,Ready To Move,Ambedkar Nagar,SoechHa,1950.0,4.0,2.0,120.0,3
Super built-up  Area,Ready To Move,Ambedkar Nagar,SoechHa,1921.0,4.0,3.0,129.0,3
Super built-up  Area,Ready To Move,Ambedkar Nagar,SoechHa,1935.0,4.0,2.0,125.0,3
Super built-up  Area,Ready To Move,Ambedkar Nagar,SoechHa,1852.0,4.0,2.0,122.0,3
Super built-up  Area,Ready To Move,Ambedkar Nagar,SoechHa,1950.0,4.0,2.0,120.0,3
Super built-up  Area,Ready To Move,Ambedkar Nagar,SoechHa,1852.0,3.0,2.0,125.0,3
Super built-up  Area,Ready To Move,Ambedkar Nagar,SoechHa,1850.0,4.0,2.0,121.0,3
Super built-up  Area,Ready To Move,Ambedkar Nagar,SoechHa,1425.0,2.0,1.0,94.0,2
Built-up  Area,Ready To Move,Ambedkar Nagar,SoechHa,2395.0,4.0,2.0,150.0,3
Super built-up  Area,17-Jul,Anandapura,ViensRK,1167.0,2.0,1.0,43.76,2
Super built-up  Area,17-Jul,Anandapura,ViensRK,1141.0,2.0,1.0,42.79,2
Super built-up  Area,17-Jul,Anandapura,ViensRK,1576.0,3.0,2.0,59.1,3
Super built-up  Area,Ready To Move,Anandapura,ViensRK,1151.0,2.0,1.0,43.1,2
Super built-up  Area,Ready To Move,Anandapura,ViensRK,1141.0,2.0,1.0,42.75,2
Super built-up  Area,Ready To Move,Anandapura,ViensRK,1151.0,2.0,1.0,42.9,2
Super built-up  Area,Ready To Move,Anandapura,ViensRK,1576.0,3.0,2.0,58.0,3
Built-up  Area,Ready To Move,Anandapura,LoLeoen,1250.0,2.0,2.0,45.0,2
Super built-up  Area,17-Jul,Anandapura,ViensRK,1151.0,2.0,1.0,43.16,2
Super built-up  Area,Ready To Move,Anandapura,ViensRK,1576.0,3.0,2.0,58.7,3
Super built-up  Area,Ready To Move,Ardendale,SoystAm,1750.0,3.0,2.0,100.0,3
Built-up  Area,Ready To Move,Ardendale,AWharde,3198.0,4.0,3.0,200.0,4
Super built-up  Area,Ready To Move,Ardendale,AWharde,2422.0,4.0,2.0,160.0,4
Super built-up  Area,Ready To Move,Ardendale,SoystAm,1750.0,3.0,3.0,100.0,3
Plot  Area,Ready To Move,Ardendale,Aling10,3200.0,4.0,1.0,205.0,4
Super built-up  Area,Ready To Move,Ardendale,SoystAm,1728.0,3.0,2.0,95.0,3
Super built-up  Area,Ready To Move,Ardendale,SoystAm,1732.46,3.0,2.0,92.0,3
Super built-up  Area,Ready To Move,Ardendale,AWharde,1224.0,2.0,2.0,70.0,2
Super built-up  Area,Ready To Move,Ardendale,SoystAm,1777.26,3.0,2.0,105.0,3
Super built-up  Area,Ready To Move,Ardendale,Mahtsba,1650.0,3.0,3.0,82.0,3
Built-up  Area,Ready To Move,Ardendale,Mahtsba,1650.0,3.0,3.0,82.0,3
Super built-up  Area,Ready To Move,Ardendale,AWharde,1224.0,2.0,2.0,67.0,2
Super built-up  Area,Ready To Move,Ardendale,SoystAm,1723.0,3.0,2.0,95.0,3
Super built-up  Area,Ready To Move,Ardendale,SoystAm,1777.26,3.0,2.0,89.0,3
Super built-up  Area,Ready To Move,Ardendale,SoystAm,1777.26,3.0,2.0,92.0,3
Super built-up  Area,Ready To Move,Attibele,Jae 1hu,450.0,1.0,1.0,11.0,1
Built-up  Area,Ready To Move,Attibele,Natic T,1600.0,4.0,0.0,52.8,4
Built-up  Area,Ready To Move,Attibele,Jae 2hu,656.0,2.0,1.0,25.0,2
Built-up  Area,Ready To Move,Attibele,Jae 2hu,400.0,1.0,1.0,11.0,1
Built-up  Area,Ready To Move,Attibele,Jae 1hu,400.0,1.0,1.0,12.0,1
Built-up  Area,Ready To Move,Attibele,Jae 2hu,400.0,1.0,1.0,14.0,1
Super built-up  Area,Ready To Move,Attibele,Jae 1hu,500.0,1.0,1.0,17.0,1
Built-up  Area,Ready To Move,Attibele,Jae 1hu,395.0,1.0,1.0,10.25,1
Built-up  Area,Ready To Move,Attibele,Jae 1hu,420.0,1.0,1.0,17.0,1
Super built-up  Area,Ready To Move,Attibele,DSvar S,1639.0,2.0,1.0,40.98,3
Built-up  Area,Ready To Move,Attibele,Jae 1hu,418.0,1.0,1.0,12.0,1
Super built-up  Area,Ready To Move,Attibele,Jae 1hu,400.0,1.0,1.0,10.0,1
Super built-up  Area,Ready To Move,Attibele,Inenshe,695.0,1.0,1.0,25.0,2
Super built-up  Area,Ready To Move,Attibele,Inenshe,850.0,1.0,1.0,25.0,2
Built-up  Area,Ready To Move,Attibele,Jae 1hu,450.0,1.0,1.0,12.5,1
Super built-up  Area,Ready To Move,Attibele,DSvar S,995.0,1.0,1.0,24.88,2
Super built-up  Area,17-Sep,Attibele,Inenshe,900.0,1.0,1.0,25.0,2
Super built-up  Area,Ready To Move,Attibele,DSvar S,1174.0,2.0,1.0,29.35,2
Super built-up  Area,Ready To Move,Attibele,DSvar S,782.0,1.0,0.0,19.55,1
Super built-up  Area,Ready To Move,Attibele,DSvar S,1175.0,2.0,1.0,29.38,2
Super built-up  Area,Ready To Move,Attibele,Jae 2hu,656.0,2.0,1.0,25.0,2
Built-up  Area,Ready To Move,Attibele,Jae 2hu,400.0,1.0,1.0,11.5,1
Carpet  Area,Ready To Move,Attibele,Jae 1hu,460.0,1.0,1.0,13.0,1
Super built-up  Area,Ready To Move,Attibele,Jae 1hu,418.0,2.0,1.0,11.5,1
Super built-up  Area,Ready To Move,Attibele,Jae 1hu,550.0,1.0,1.0,11.5,1
Super built-up  Area,Ready To Move,Attibele,DSvar S,996.0,2.0,1.0,24.9,2
Super built-up  Area,Ready To Move,Attibele,Jae 2hu,400.0,1.0,1.0,10.25,1
Super built-up  Area,Ready To Move,Attibele,Jae 2hu,656.0,2.0,1.0,25.0,2
Built-up  Area,Ready To Move,Attibele,Jae 1hu,520.0,1.0,1.0,15.0,1
Carpet  Area,Ready To Move,BTM 2nd Stage,Jancyva,950.0,2.0,1.0,52.0,2
Super built-up  Area,Ready To Move,BTM 2nd Stage,Crentt ,1200.0,2.0,2.0,80.0,2
Super built-up  Area,Ready To Move,BTM 2nd Stage,NDclenn,1274.0,2.0,2.0,70.0,2
Super built-up  Area,Ready To Move,BTM 2nd Stage,Rencyes,1070.0,2.0,1.0,48.0,2
Built-up  Area,Ready To Move,BTM 2nd Stage,MaeamSu,1280.0,2.0,2.0,80.0,2
Built-up  Area,Ready To Move,BTM 2nd Stage,Komesa ,1100.0,2.0,2.0,70.0,2
Super built-up  Area,Ready To Move,BTM 2nd Stage,Vincyat,1000.0,2.0,2.0,58.0,2
Super built-up  Area,Ready To Move,BTM 2nd Stage,Jancyva,1265.0,2.0,2.0,55.0,2
Super built-up  Area,Ready To Move,BTM 2nd Stage,Vincyat,965.0,2.0,2.0,56.0,2
Super built-up  Area,Ready To Move,BTM 2nd Stage,MaeamSu,1147.0,2.0,1.0,75.0,2
Super built-up  Area,Ready To Move,BTM 2nd Stage,Catle C,1400.0,2.0,3.0,90.0,2
Super built-up  Area,Ready To Move,BTM 2nd Stage,Chaldi ,1200.0,2.0,2.0,70.0,2
Super built-up  Area,Ready To Move,BTM 2nd Stage,Jancyva,1265.0,2.0,3.0,55.0,3
Super built-up  Area,20-Jan,Badavala Nagar,DNncasa,1494.0,2.0,2.0,94.55,3
Super built-up  Area,20-Jan,Badavala Nagar,DNncasa,1274.0,2.0,1.0,81.0,2
Super built-up  Area,20-Jan,Badavala Nagar,DNncasa,1842.0,3.0,2.0,115.0,3
Super built-up  Area,Ready To Move,Badavala Nagar,DNncasa,1494.0,2.0,2.0,94.55,3
Super built-up  Area,20-Jan,Badavala Nagar,DNncasa,1274.0,2.0,1.0,81.0,2
Super built-up  Area,20-Jan,Badavala Nagar,DNncasa,1494.0,2.0,2.0,94.55,3
Super built-up  Area,20-Jan,Badavala Nagar,DNncasa,1842.0,3.0,2.0,115.0,3
Super built-up  Area,20-Jan,Badavala Nagar,DNncasa,1842.0,3.0,2.0,115.0,3
Super built-up  Area,20-Jan,Badavala Nagar,DNncasa,1842.0,3.0,2.0,115.0,3
Super built-up  Area,Ready To Move,Balagere,Soestin,1210.0,2.0,1.0,80.9,2
Super built-up  Area,Ready To Move,Balagere,Soresea,1205.0,2.0,1.0,78.5,2
Super built-up  Area,17-Sep,Balagere,HiqueMa,1145.0,2.0,2.0,65.0,2
Super built-up  Area,19-Dec,Balagere,Soresea,1012.0,2.0,1.0,54.59,2
Super built-up  Area,18-Jul,Balagere,Soresea,1020.07,2.0,1.0,68.38,2
Super built-up  Area,18-Jul,Balagere,Soresea,1205.47,2.0,1.0,81.0,2
Super built-up  Area,20-Jan,Balagere,Soresea,1007.0,2.0,1.0,65.0,2
Super built-up  Area,17-Jun,Balagere,Soresea,1205.0,2.0,1.0,70.0,2
Super built-up  Area,18-Jul,Balagere,Soresea,1210.0,2.0,1.0,74.0,2
Super built-up  Area,Ready To Move,Balagere,Soresea,1210.0,2.0,1.0,83.0,2
Built-up  Area,17-May,Balagere,Soresea,675.0,1.0,1.0,45.0,1
Super built-up  Area,Ready To Move,Balagere,Soresea,656.0,1.0,1.0,43.0,1
Super built-up  Area,19-Dec,Balagere,Soresea,1012.0,2.0,1.0,54.59,2
Super built-up  Area,18-Dec,Balagere,Soresea,1012.0,2.0,1.0,64.0,2
Super built-up  Area,Ready To Move,Balagere,Soresea,1007.0,2.0,1.0,62.0,2
Built-up  Area,Ready To Move,Balagere,Soresea,1007.0,2.0,1.0,67.0,2
Super built-up  Area,Ready To Move,Balagere,Soresea,1007.0,2.0,1.0,66.0,2
Super built-up  Area,18-May,Balagere,Soresea,1210.0,2.0,1.0,69.0,2
Super built-up  Area,18-Apr,Balagere,Soresea,1012.0,2.0,1.0,65.0,2
Super built-up  Area,20-Jan,Balagere,Soresea,656.0,1.0,1.0,38.77,1
Super built-up  Area,18-May,Balagere,Soresea,645.0,1.0,1.0,39.0,1
Built-up  Area,18-Jan,Balagere,Soresea,645.0,1.0,1.0,41.0,1
Super built-up  Area,18-Nov,Balagere,Soresea,1210.0,2.0,1.0,82.0,2
Super built-up  Area,20-Jan,Balagere,Soresea,1205.0,2.0,1.0,73.87,2
Super built-up  Area,18-Mar,Balagere,Soresea,1012.0,2.0,1.0,70.0,2
Super built-up  Area,18-Dec,Balagere,Soresea,1007.0,2.0,1.0,68.0,2
Super built-up  Area,17-Oct,Balagere,Soresea,1205.0,2.0,1.0,67.0,2
Super built-up  Area,Ready To Move,Balagere,Soresea,1205.0,2.0,1.0,79.0,2
Built-up  Area,Ready To Move,Balagere,Soresea,1012.0,2.0,1.0,68.0,2
Built-up  Area,Ready To Move,Banashankari,Skave E,1300.0,2.0,2.0,75.0,3
Super built-up  Area,Ready To Move,Banashankari,Bregae ,1800.0,3.0,2.0,115.0,3
Built-up  Area,Ready To Move,Banashankari,Koestpt,1125.0,2.0,1.0,63.0,2
Super built-up  Area,18-May,Banashankari,Bregae ,1310.0,2.0,2.0,80.0,2
Super built-up  Area,18-Jul,Banashankari,Rallse ,2600.0,4.0,1.0,135.0,3
Super built-up  Area,Ready To Move,Banashankari,Goeesem,1260.0,2.0,3.0,75.0,2
Built-up  Area,Ready To Move,Banashankari,Naashi ,1350.0,2.0,0.0,83.0,3
Super built-up  Area,Ready To Move,Banashankari,Sriseva,1400.0,2.0,1.0,78.0,3
Super built-up  Area,Ready To Move,Banashankari,Bregae ,1700.0,3.0,2.0,125.0,3
Super built-up  Area,Ready To Move,Banashankari,Bregae ,1390.0,2.0,2.0,86.0,2
Super built-up  Area,Ready To Move,Banashankari,Ajacea ,1460.0,2.0,3.0,70.0,2
Super built-up  Area,Ready To Move,Banashankari,Koestpt,1200.0,2.0,1.0,60.0,2
Super built-up  Area,Ready To Move,Banashankari,Bregae ,1290.0,2.0,2.0,80.0,2
Built-up  Area,Ready To Move,Banashankari,Sksia A,1186.0,2.0,3.0,65.0,2
Super built-up  Area,Ready To Move,Banashankari,Bregae ,1650.0,3.0,2.0,101.0,3
Super built-up  Area,Ready To Move,Banashankari,Bregae ,1330.0,2.0,2.0,77.0,2
Super built-up  Area,Ready To Move,Banashankari,Goeesem,1185.0,2.0,2.0,67.0,2
Super built-up  Area,18-May,Banashankari,Bregae ,1650.0,3.0,2.0,101.0,3
Super built-up  Area,Ready To Move,Banashankari,Bregae ,1310.0,2.0,2.0,80.43,2
Super built-up  Area,18-Apr,Banashankari,Bregae ,1430.0,2.0,2.0,87.8,2
Built-up  Area,Ready To Move,Banashankari,Sksia A,1540.0,3.0,3.0,80.0,3
Built-up  Area,Ready To Move,Banashankari,Bregae ,1800.0,3.0,2.0,125.0,3
Super built-up  Area,Ready To Move,Banashankari,Vimesar,1750.0,2.0,2.0,89.0,3
Super built-up  Area,18-Apr,Banashankari,Bregae ,1770.0,3.0,3.0,108.0,3
Super built-up  Area,Ready To Move,Banashankari,Bregae ,1800.0,3.0,2.0,125.0,3
Super built-up  Area,Ready To Move,Banashankari,SuentAp,1100.0,2.0,1.0,63.0,2
Super built-up  Area,Ready To Move,Banashankari,Goeesem,1260.0,2.0,3.0,75.0,2
Super built-up  Area,Ready To Move,Banashankari,Sksia A,1426.0,3.0,2.0,85.0,3
Super built-up  Area,Ready To Move,Bannerghatta Road,NadelCi,1050.0,2.0,1.0,65.0,2
Super built-up  Area,Ready To Move,Bannerghatta Road,SNity S,1170.0,2.0,1.0,66.0,3
Super built-up  Area,21-Feb,Bannerghatta Road,Hiatei ,595.0,1.0,1.0,33.32,1
Super built-up  Area,Ready To Move,Bannerghatta Road,SNity S,1460.0,2.0,1.0,90.0,3
Super built-up  Area,18-Oct,Bannerghatta Road,DSnjh S,1556.0,2.0,1.0,59.13,3
Super built-up  Area,19-Feb,Bannerghatta Road,Hiatei ,1179.0,2.0,1.0,66.02,2
Super built-up  Area,Ready To Move,Bannerghatta Road,SNity S,1400.0,2.0,2.0,78.0,2
Super built-up  Area,Ready To Move,Bannerghatta Road,PrliaRe,1654.0,3.0,2.0,100.0,3
Super built-up  Area,Ready To Move,Bannerghatta Road,SNity S,1460.0,2.0,2.0,72.0,3
Super built-up  Area,Ready To Move,Bannerghatta Road,Hiate F,1200.0,2.0,2.0,75.0,2
Super built-up  Area,Ready To Move,Bannerghatta Road,Leate O,1760.0,3.0,2.0,67.0,3
Super built-up  Area,19-Dec,Bannerghatta Road,Hiatei ,595.0,1.0,1.0,31.83,1
Super built-up  Area,Ready To Move,Bannerghatta Road,SNity S,1255.0,2.0,2.0,65.26,2
Super built-up  Area,Ready To Move,Bannerghatta Road,SNity S,1550.0,3.0,2.0,78.0,3
Super built-up  Area,Ready To Move,Bannerghatta Road,SNity S,1550.0,3.0,2.0,82.0,3
Super built-up  Area,Ready To Move,Bannerghatta Road,Siaraa ,1550.0,2.0,2.0,75.0,3
Built-up  Area,Ready To Move,Bannerghatta Road,Haaceal,912.0,2.0,1.0,55.0,2
Super built-up  Area,22-Dec,Bannerghatta Road,PrarePa,1115.0,2.0,1.0,65.12,2
Built-up  Area,Ready To Move,Bannerghatta Road,SNity S,1600.0,3.0,2.0,95.0,3
Super built-up  Area,Ready To Move,Bannerghatta Road,SNity S,1275.0,2.0,2.0,65.0,2
Super built-up  Area,Ready To Move,Bannerghatta Road,Ceise P,892.0,2.0,1.0,39.0,2
Super built-up  Area,Ready To Move,Bannerghatta Road,SNity S,1880.0,3.0,2.0,95.0,3
Super built-up  Area,Ready To Move,Bannerghatta Road,SNity S,1260.0,2.0,2.0,70.0,2
Built-up  Area,Ready To Move,Bannerghatta Road,Dhncyud,1788.0,3.0,2.0,90.0,3
Built-up  Area,Ready To Move,Bannerghatta Road,Saavenc,950.0,2.0,0.0,38.0,2
Built-up  Area,Ready To Move,Bannerghatta Road,PrliaRe,1220.0,2.0,1.0,80.0,2
Super built-up  Area,Ready To Move,Bannerghatta Road,PrarePa,1130.0,2.0,2.0,78.0,2
Super built-up  Area,19-Jan,Bannerghatta Road,Hiatei ,1486.0,3.0,1.0,83.22,3
Super built-up  Area,Ready To Move,Bannerghatta Road,SNity S,1460.0,2.0,2.0,75.0,3
Built-up  Area,Ready To Move,Bannerghatta Road,Bhhmi L,1015.0,2.0,0.0,48.0,2
Super built-up  Area,21-Dec,Bannerghatta Road,PrarePa,1115.0,2.0,1.0,61.0,2
Super built-up  Area,Ready To Move,Bannerghatta Road,Gundaa ,1136.0,2.0,1.0,48.0,2
Super built-up  Area,Ready To Move,Bannerghatta Road,SNity S,1200.0,2.0,2.0,69.0,3
Super built-up  Area,Ready To Move,Bannerghatta Road,SNity S,1465.0,2.0,1.0,76.0,3
Super built-up  Area,Ready To Move,Bannerghatta Road,Shissut,1200.0,2.0,2.0,65.0,2
Super built-up  Area,Ready To Move,Bannerghatta Road,MNikaas,1240.0,2.0,1.0,65.0,2
Built-up  Area,Ready To Move,Bannerghatta Road,Pyvenas,1100.0,2.0,2.0,52.0,3
Super built-up  Area,18-Dec,Bannerghatta Road,Uncioe ,1268.0,2.0,1.0,69.0,2
Super built-up  Area,Ready To Move,Bannerghatta Road,SNity S,1450.0,2.0,2.0,87.0,3
Super built-up  Area,Ready To Move,Bannerghatta Road,SNity S,960.0,2.0,3.0,58.0,2
Super built-up  Area,Ready To Move,Bannerghatta Road,SNity S,1275.0,2.0,1.0,73.0,2
Super built-up  Area,Ready To Move,Bannerghatta Road,Amarere,1305.0,2.0,2.0,60.0,3
Super built-up  Area,Ready To Move,Bannerghatta Road,SNity S,1215.0,2.0,1.0,68.0,2
Super built-up  Area,Ready To Move,Bannerghatta Road,SNity S,1215.0,2.0,1.0,68.0,2
Super built-up  Area,19-Jun,Bannerghatta Road,Saenett,1894.0,3.0,1.0,115.0,3
Super built-up  Area,18-Sep,Bannerghatta Road,DSnjh S,1655.0,2.0,2.0,62.89,3
Super built-up  Area,21-Dec,Bannerghatta Road,Hiatei ,1693.0,3.0,2.0,89.0,3
Super built-up  Area,17-Sep,Bannerghatta Road,GRarken,1280.0,2.0,2.0,60.16,2
Super built-up  Area,Ready To Move,Bannerghatta Road,Anineu ,3230.0,5.0,0.0,165.0,4
Super built-up  Area,Ready To Move,Bannerghatta Road,SNity S,1215.0,2.0,1.0,68.0,2
Super built-up  Area,22-Dec,Bannerghatta Road,PrarePa,1365.0,3.0,1.0,76.18,3
Super built-up  Area,Ready To Move,Bannerghatta Road,PrarePa,1115.0,2.0,2.0,78.0,2
Super built-up  Area,Ready To Move,Bannerghatta Road,Guranya,1535.0,3.0,3.0,60.0,3
Built-up  Area,18-Mar,Bannerghatta Road,SNity S,1655.0,3.0,3.0,90.0,3
Super built-up  Area,18-Oct,Bannerghatta Road,DSnjh S,1247.0,2.0,1.0,47.39,2
Super built-up  Area,Ready To Move,Bannerghatta Road,SNity S,905.0,2.0,1.0,65.0,2
Super built-up  Area,Ready To Move,Bannerghatta Road,SNity S,2185.0,3.0,3.0,120.0,4
Super built-up  Area,Ready To Move,Bannerghatta Road,Gundaa ,1012.0,2.0,1.0,45.0,2
Built-up  Area,Ready To Move,Bannerghatta Road,Malmser,1725.0,3.0,3.0,85.0,3
Super built-up  Area,Ready To Move,Bannerghatta Road,SNity S,1460.0,2.0,2.0,80.0,3
Super built-up  Area,Ready To Move,Bannerghatta Road,Esave E,1340.0,2.0,3.0,85.0,2
Super built-up  Area,Ready To Move,Bannerghatta Road,SNity S,1520.0,2.0,3.0,81.0,3
Super built-up  Area,21-Dec,Bannerghatta Road,PrarePa,1115.0,2.0,1.0,61.0,2
Built-up  Area,Ready To Move,Bannerghatta Road,Saavenc,1250.0,2.0,0.0,48.0,2
Super built-up  Area,19-Jul,Bannerghatta Road,Uncioe ,1640.0,3.0,2.0,105.0,3
Super built-up  Area,18-Oct,Bannerghatta Road,DSnjh S,1656.0,2.0,1.0,62.93,3
Super built-up  Area,Ready To Move,Bannerghatta Road,SNity S,1660.0,3.0,2.0,85.0,3
Super built-up  Area,Ready To Move,Bannerghatta Road,SNity S,1880.0,3.0,2.0,96.5,3
Super built-up  Area,Ready To Move,Bannerghatta Road,SNity S,1550.0,3.0,2.0,96.0,3
Super built-up  Area,22-Jan,Bannerghatta Road,PrarePa,1200.0,2.0,2.0,78.0,2
Super built-up  Area,Ready To Move,Bannerghatta Road,SNity S,1450.0,2.0,2.0,78.0,3
Super built-up  Area,Ready To Move,Bannerghatta Road,Baanise,700.0,1.0,1.0,31.2,1
Super built-up  Area,Ready To Move,Bannerghatta Road,Guranya,1630.0,3.0,3.0,68.0,3
Super built-up  Area,Ready To Move,Bannerghatta Road,SNity S,1400.0,3.0,2.0,69.0,3
Super built-up  Area,Ready To Move,Bannerghatta Road,SNity S,905.0,2.0,1.0,58.0,2
Super built-up  Area,Ready To Move,Bannerghatta Road,SNity S,1465.0,2.0,1.0,75.0,3
Super built-up  Area,Ready To Move,Bannerghatta Road,SNity S,1920.0,3.0,3.0,122.0,3
Super built-up  Area,Ready To Move,Bannerghatta Road,SNity S,1520.0,2.0,3.0,80.0,3
Built-up  Area,Ready To Move,Bannerghatta Road,SNity S,1270.0,2.0,1.0,73.0,3
Super built-up  Area,Ready To Move,Bannerghatta Road,Esave E,1846.0,3.0,2.0,120.0,3
Super built-up  Area,Ready To Move,Bannerghatta Road,SNity S,1655.0,3.0,3.0,95.0,3
Built-up  Area,Ready To Move,Bannerghatta Road,Malmser,1206.0,2.0,3.0,53.0,2
Super built-up  Area,Ready To Move,Bannerghatta Road,Amarere,1150.0,2.0,2.0,55.0,2
Super built-up  Area,Ready To Move,Bannerghatta Road,SNity S,1215.0,2.0,1.0,65.0,2
Super built-up  Area,Ready To Move,Bannerghatta Road,SNity S,1510.0,2.0,3.0,110.0,3
Super built-up  Area,18-Sep,Bannerghatta Road,DSnjh S,1246.0,2.0,2.0,47.35,2
Carpet  Area,Ready To Move,Bannerghatta Road,Vemit S,1470.0,2.0,1.0,85.0,3
Super built-up  Area,Ready To Move,Bannerghatta Road,SNity S,970.0,2.0,1.0,57.0,2
Super built-up  Area,Ready To Move,Battarahalli,PaontWa,1779.0,3.0,2.0,89.61,3
Super built-up  Area,Ready To Move,Battarahalli,PaontWa,1945.0,3.0,2.0,97.42,3
Super built-up  Area,Ready To Move,Battarahalli,PaontWa,1880.0,3.0,2.0,94.36,3
Super built-up  Area,Ready To Move,Battarahalli,PaontWa,1636.0,2.0,2.0,82.89,2
Super built-up  Area,Ready To Move,Battarahalli,PaontWa,1779.0,3.0,2.0,90.0,3
Super built-up  Area,Ready To Move,Battarahalli,SraveHi,1516.0,3.0,3.0,65.0,3
Super built-up  Area,19-Dec,Battarahalli,PaontWa,2082.0,3.0,2.0,104.0,3
Super built-up  Area,19-Jan,Battarahalli,PaontWa,2024.0,3.0,2.0,103.0,3
Super built-up  Area,Ready To Move,Battarahalli,SraveHi,1097.0,2.0,1.0,49.0,2
Super built-up  Area,Ready To Move,Begur,Prntsrt,1664.0,4.0,3.0,65.0,4
Super built-up  Area,Ready To Move,Begur,Arera V,1419.0,2.0,2.0,59.0,3
Built-up  Area,Ready To Move,Begur,Vantspa,1580.0,3.0,2.0,75.0,3
Super built-up  Area,18-Apr,Begur,Arera V,1445.0,2.0,2.0,47.1,3
Built-up  Area,Ready To Move,Begur,Arhtsth,1475.0,2.0,2.0,74.0,3
Built-up  Area,Ready To Move,Begur,Duity C,3500.0,4.0,2.0,185.0,3
Super built-up  Area,Ready To Move,Begur,Viodspr,1100.0,2.0,2.0,55.0,2
Built-up  Area,Ready To Move,Begur,Arntyi ,1306.0,2.0,3.0,65.0,2
Super built-up  Area,Ready To Move,Begur,Spews L,1304.0,3.0,0.0,65.0,3
Super built-up  Area,18-Apr,Begur,Arera V,1411.0,2.0,2.0,60.0,3
Super built-up  Area,Ready To Move,Begur,Prorath,815.0,2.0,1.0,40.0,2
Super built-up  Area,Ready To Move,Begur,Arera V,1443.0,2.0,2.0,70.0,3
Super built-up  Area,Ready To Move,Begur Road,Dhalsh ,1200.0,2.0,2.0,44.0,2
Super built-up  Area,Ready To Move,Begur Road,Dhalsh ,1200.0,2.0,2.0,46.8,2
Super built-up  Area,Ready To Move,Begur Road,Dhalsh ,1160.0,2.0,2.0,44.0,2
Super built-up  Area,Ready To Move,Begur Road,Dhalsh ,1500.0,2.0,3.0,54.0,3
Super built-up  Area,Ready To Move,Begur Road,Dhalsh ,1615.0,3.0,2.0,59.76,3
Super built-up  Area,Ready To Move,Begur Road,Dhalsh ,1200.0,2.0,2.0,43.2,2
Super built-up  Area,Ready To Move,Begur Road,Dhalsh ,1160.0,2.0,2.0,44.08,2
Super built-up  Area,Ready To Move,Begur Road,Dhalsh ,1200.0,2.0,2.0,45.0,2
Super built-up  Area,Ready To Move,Begur Road,Dhalsh ,1410.0,2.0,3.0,53.0,3
Super built-up  Area,Ready To Move,Begur Road,Dhalsh ,1260.0,2.0,2.0,46.62,2
Super built-up  Area,Ready To Move,Begur Road,Dhalsh ,1410.0,2.0,3.0,44.42,3
Super built-up  Area,Ready To Move,Begur Road,MJilayl,1500.0,2.0,3.0,70.0,3
Super built-up  Area,Ready To Move,Begur Road,Dhalsh ,1160.0,2.0,2.0,42.0,2
Super built-up  Area,Ready To Move,Begur Road,Dhalsh ,1200.0,2.0,2.0,45.0,2
Super built-up  Area,Ready To Move,Begur Road,Dhalsh ,1500.0,2.0,3.0,55.0,3
Super built-up  Area,Ready To Move,Begur Road,Dhalsh ,1410.0,2.0,3.0,52.17,3
Super built-up  Area,Ready To Move,Begur Road,Dhalsh ,1615.0,3.0,2.0,58.0,3
Super built-up  Area,19-Aug,Begur Road,Pruthg ,1583.0,3.0,1.0,74.4,3
Super built-up  Area,Ready To Move,Begur Road,Visic C,1170.0,2.0,2.0,46.0,2
Super built-up  Area,Ready To Move,Begur Road,Dhalsh ,1160.0,2.0,2.0,42.92,2
Super built-up  Area,Ready To Move,Begur Road,Dhalsh ,1410.0,2.0,3.0,52.17,3
Super built-up  Area,Ready To Move,Begur Road,Dhalsh ,1410.0,2.0,3.0,50.06,3
Super built-up  Area,Ready To Move,Begur Road,Dhalsh ,1565.0,2.0,2.0,59.76,3
Super built-up  Area,Ready To Move,Begur Road,Dhalsh ,1160.0,2.0,2.0,42.0,2
Built-up  Area,Ready To Move,Begur Road,Dhalsh ,1400.0,2.0,3.0,50.06,3
Super built-up  Area,Ready To Move,Begur Road,Dhalsh ,1410.0,2.0,3.0,53.58,3
Super built-up  Area,Ready To Move,Begur Road,Dhalsh ,1200.0,2.0,2.0,42.6,2
Super built-up  Area,Ready To Move,Begur Road,Dhalsh ,1160.0,2.0,2.0,42.0,2
Super built-up  Area,Ready To Move,Begur Road,Nihtsur,1334.0,2.0,3.0,42.69,2
Super built-up  Area,Ready To Move,Begur Road,Dhalsh ,1565.0,2.0,2.0,57.91,3
Super built-up  Area,Ready To Move,Begur Road,Dhalsh ,1200.0,2.0,2.0,45.6,2
Super built-up  Area,Ready To Move,Begur Road,Dhalsh ,1215.0,2.0,2.0,43.13,2
Super built-up  Area,Ready To Move,Begur Road,Dhalsh ,1160.0,2.0,2.0,36.54,2
Super built-up  Area,Ready To Move,Begur Road,Dhalsh ,1615.0,3.0,2.0,50.87,3
Super built-up  Area,Ready To Move,Begur Road,Dhalsh ,1200.0,2.0,2.0,44.4,2
Super built-up  Area,Ready To Move,Begur Road,Dhalsh ,1565.0,2.0,2.0,49.3,3
Super built-up  Area,Ready To Move,Begur Road,Dhalsh ,1160.0,2.0,2.0,44.0,2
Super built-up  Area,Ready To Move,Begur Road,Dhalsh ,1410.0,2.0,3.0,49.34,3
Super built-up  Area,Ready To Move,Begur Road,Dhalsh ,1565.0,2.0,2.0,56.34,3
Super built-up  Area,Ready To Move,Begur Road,Dhalsh ,1200.0,2.0,2.0,42.0,2
Super built-up  Area,Ready To Move,Begur Road,Dhalsh ,1240.0,2.0,2.0,45.88,2
Super built-up  Area,Ready To Move,Begur Road,Dhalsh ,1410.0,2.0,3.0,44.42,3
Super built-up  Area,Ready To Move,Begur Road,Dhalsh ,1200.0,2.0,2.0,44.0,2
Super built-up  Area,Ready To Move,Begur Road,Dhalsh ,1500.0,2.0,3.0,47.25,3
Built-up  Area,Ready To Move,Begur Road,Dhalsh ,1100.0,2.0,2.0,42.6,2
Super built-up  Area,Ready To Move,Begur Road,Dhalsh ,1565.0,2.0,2.0,57.91,3
Super built-up  Area,Ready To Move,Begur Road,Dhalsh ,1200.0,2.0,2.0,44.4,2
Super built-up  Area,Ready To Move,Begur Road,Dhalsh ,1160.0,2.0,2.0,36.54,2
Super built-up  Area,Ready To Move,Begur Road,Dhalsh ,1215.0,2.0,1.0,43.75,2
Built-up  Area,Ready To Move,Begur Road,Dhalsh ,1200.0,2.0,2.0,44.73,2
Super built-up  Area,Ready To Move,Begur Road,Dhalsh ,1410.0,2.0,3.0,54.99,3
Super built-up  Area,Ready To Move,Bellandur,Ocavees,1250.0,2.0,1.0,76.0,2
Super built-up  Area,Ready To Move,Bellandur,Sronda ,1000.0,2.0,2.0,50.0,2
Super built-up  Area,Ready To Move,Bellandur,Krine O,921.0,2.0,2.0,40.0,2
Super built-up  Area,17-Oct,Bellandur,NiCodCa,2025.0,4.0,3.0,109.0,4
Super built-up  Area,Ready To Move,Bellandur,AkonyHa,1490.0,2.0,2.0,98.0,3
Built-up  Area,Ready To Move,Bellandur,Itnaia ,1398.0,3.0,1.0,68.0,3
Super built-up  Area,Ready To Move,Bellandur,Maonsrn,1692.0,3.0,2.0,88.0,3
Super built-up  Area,Ready To Move,Bellandur,OriewLa,1299.0,2.0,2.0,82.0,2
Super built-up  Area,Ready To Move,Bellandur,Trows M,900.0,2.0,2.0,56.0,2
Super built-up  Area,Ready To Move,Bellandur,Amivace,1457.0,2.0,2.0,85.0,2
Super built-up  Area,Ready To Move,Bellandur,Kritel ,1050.0,2.0,2.0,72.0,2
Built-up  Area,Ready To Move,Bellandur,Vaodssh,3600.0,4.0,0.0,260.0,4
Super built-up  Area,Ready To Move,Bellandur,GoncyRe,1310.0,2.0,2.0,72.0,2
Super built-up  Area,Ready To Move,Bellandur,Krala D,1785.0,3.0,3.0,118.0,3
Super built-up  Area,Ready To Move,Bellandur,Soodsa ,1051.0,2.0,2.0,60.0,2
Built-up  Area,Ready To Move,Bellandur,Srthaa ,1450.0,3.0,1.0,68.0,3
Super built-up  Area,18-Mar,Bellandur,NiCodCa,1685.0,3.0,3.0,100.0,3
Super built-up  Area,Ready To Move,Bellandur,Sronda ,982.0,2.0,2.0,55.0,2
Super built-up  Area,Ready To Move,Bellandur,MancyRe,1063.0,2.0,1.0,58.0,2
Super built-up  Area,Ready To Move,Bellandur,GoncyRe,1325.0,2.0,2.0,65.0,2
Super built-up  Area,Ready To Move,Bellandur,OriewLa,1281.0,2.0,2.0,87.0,2
Super built-up  Area,Ready To Move,Bellandur,SRageri,1200.0,2.0,1.0,52.0,2
Built-up  Area,Ready To Move,Bellandur,Krala D,1785.0,3.0,2.0,120.0,3
Super built-up  Area,Ready To Move,Bellandur,DSpazTo,1088.0,2.0,2.0,48.0,2
Super built-up  Area,Ready To Move,Bellandur,Trows M,1310.0,2.0,2.0,85.0,2
Built-up  Area,Ready To Move,Bellandur,Ocavees,1465.0,3.0,3.0,90.0,2
Super built-up  Area,Ready To Move,Bellandur,OriewLa,1767.0,3.0,2.0,109.0,3
Super built-up  Area,Ready To Move,Bellandur,Srdids ,1150.0,2.0,1.0,69.44,2
Super built-up  Area,Ready To Move,Bellandur,Krala D,1410.0,3.0,2.0,92.0,2
Super built-up  Area,Ready To Move,Bellandur,Goner C,1015.0,2.0,1.0,60.0,2
Super built-up  Area,Ready To Move,Bellandur,BhreeBa,2500.0,4.0,2.0,112.0,3
Super built-up  Area,18-Jan,Bellandur,NiCodCa,1685.0,3.0,3.0,101.0,3
Built-up  Area,18-Jul,Bellandur,NiCodCa,1685.0,3.0,3.0,115.0,3
Super built-up  Area,Ready To Move,Bellandur,Goner C,1049.0,2.0,1.0,51.0,2
Built-up  Area,Ready To Move,Bellandur,DSsorin,1350.0,2.0,1.0,63.0,3
Super built-up  Area,Ready To Move,Bellandur,CVnetnc,1420.0,3.0,2.0,62.0,3
Super built-up  Area,Ready To Move,Bellandur,Krine O,1200.0,2.0,1.0,62.0,2
Super built-up  Area,Ready To Move,Bellandur,OriewLa,1767.0,3.0,2.0,89.0,3
Super built-up  Area,Ready To Move,Bellandur,OriewLa,1830.0,3.0,3.0,89.0,3
Super built-up  Area,Ready To Move,Bellandur,BhreeBa,2400.0,3.0,2.0,115.0,3
Built-up  Area,Ready To Move,Bellandur,Srure S,960.0,2.0,2.0,48.0,2
Super built-up  Area,Ready To Move,Bellandur,Krala D,1690.0,2.0,2.0,116.0,3
Built-up  Area,Ready To Move,Bellandur,Srure S,850.0,2.0,1.0,45.0,2
Super built-up  Area,19-Jul,Bellandur,Thesseg,1454.0,2.0,1.0,90.0,2
Super built-up  Area,Ready To Move,Bellandur,OriewLa,1830.0,3.0,3.0,91.86,3
Super built-up  Area,Ready To Move,Bellandur,SRageri,1195.0,2.0,1.0,52.0,2
Super built-up  Area,Ready To Move,Bellandur,OriewLa,1830.0,3.0,3.0,89.89,3
Super built-up  Area,18-Aug,Bellandur,NiCodCa,1260.0,2.0,2.0,83.5,2
Super built-up  Area,Ready To Move,Bellandur,Goner C,1047.0,2.0,1.0,75.0,2
Super built-up  Area,Ready To Move,Bharathi Nagar,FoapeWa,1322.0,2.0,2.0,68.0,2
Super built-up  Area,Ready To Move,Bharathi Nagar,FoapeWa,1351.0,2.0,2.0,70.0,2
Super built-up  Area,Ready To Move,Bharathi Nagar,FoapeWa,1351.0,2.0,2.0,74.0,2
Super built-up  Area,Ready To Move,Bharathi Nagar,ReudePr,1432.0,2.0,2.0,68.0,2
Super built-up  Area,Ready To Move,Bharathi Nagar,FoapeWa,1328.0,2.0,2.0,69.0,2
Super built-up  Area,18-Mar,Bhoganhalli,Rosha I,1670.0,3.0,1.0,99.0,3
Super built-up  Area,18-Jul,Bhoganhalli,Rosha I,2119.0,4.0,3.0,111.0,4
Super built-up  Area,18-Jul,Bhoganhalli,Rosha I,1718.0,3.0,2.0,90.2,3
Super built-up  Area,18-Apr,Bhoganhalli,Rosha I,1444.0,2.0,1.0,75.97,2
Super built-up  Area,18-Jul,Bhoganhalli,Rosha I,1447.0,2.0,1.0,75.97,2
Built-up  Area,Ready To Move,Bhoganhalli,Prsun S,1700.0,3.0,2.0,126.0,3
Super built-up  Area,18-May,Bhoganhalli,Rosha I,1447.0,2.0,1.0,75.97,2
Super built-up  Area,18-Jul,Bhoganhalli,Rosha I,1610.0,3.0,1.0,84.53,3
Super built-up  Area,18-Mar,Bhoganhalli,Rosha I,1974.0,4.0,0.0,106.0,4
Super built-up  Area,18-Jul,Bhoganhalli,Rosha I,2171.0,4.0,2.0,111.0,4
Super built-up  Area,Ready To Move,Bhoganhalli,Pride S,1760.0,3.0,2.0,127.0,3
Super built-up  Area,18-Jul,Bhoganhalli,Rosha I,2119.0,4.0,2.0,111.0,4
Super built-up  Area,18-Jul,Bhoganhalli,Rosha I,1447.0,2.0,1.0,75.97,2
Super built-up  Area,Ready To Move,Bhoganhalli,Prsun S,1949.0,3.0,2.0,129.0,3
Super built-up  Area,Ready To Move,Bhoganhalli,Pride S,1760.0,3.0,2.0,128.0,3
Super built-up  Area,18-Jul,Bhoganhalli,Rosha I,1447.0,2.0,1.0,75.97,2
Super built-up  Area,Ready To Move,Bhoganhalli,Pride S,2439.0,4.0,3.0,185.0,4
Super built-up  Area,Ready To Move,Bhoganhalli,Amconi ,1395.0,2.0,2.0,70.0,3
Super built-up  Area,18-Jul,Bhoganhalli,Rosha I,2119.0,4.0,3.0,111.0,4
Super built-up  Area,18-Apr,Bhoganhalli,Rosha I,1458.0,3.0,1.0,78.45,3
Super built-up  Area,18-Apr,Bhoganhalli,Rosha I,1444.0,2.0,1.0,75.97,2
Super built-up  Area,19-Dec,Bhoganhalli,Rosha I,1205.0,2.0,2.0,64.47,2
Super built-up  Area,18-Jul,Bhoganhalli,Rosha I,1447.0,2.0,1.0,75.97,2
Built-up  Area,Ready To Move,Bhoganhalli,Pride S,2439.0,5.0,2.0,170.0,4
Super built-up  Area,18-Jul,Bhoganhalli,Rosha I,2119.0,4.0,3.0,111.0,4
Super built-up  Area,18-Sep,Bhoganhalli,Rosha I,1205.0,2.0,1.0,68.32,2
Super built-up  Area,Ready To Move,Bhoganhalli,Srhemay,1260.0,2.0,1.0,69.9,2
Super built-up  Area,Ready To Move,Bhoganhalli,Pride S,2439.0,4.0,3.0,170.0,4
Super built-up  Area,Ready To Move,Bhoganhalli,Prsun S,1707.0,3.0,2.0,115.0,3
Super built-up  Area,18-Jul,Bhoganhalli,Rosha I,1610.0,3.0,2.0,84.53,3
Built-up  Area,Ready To Move,Bhoganhalli,Suwerlo,970.0,2.0,1.0,52.5,2
Super built-up  Area,18-Apr,Bhoganhalli,Rosha I,1718.0,3.0,2.0,90.2,3
Super built-up  Area,18-May,Bhoganhalli,Rosha I,1277.0,2.0,1.0,79.89,2
Super built-up  Area,18-Jul,Bhoganhalli,Rosha I,2119.0,4.0,2.0,111.0,4
Super built-up  Area,Ready To Move,Bhoganhalli,Prsun S,1703.0,3.0,2.0,120.0,3
Super built-up  Area,Ready To Move,Billekahalli,MaionPa,1935.0,3.0,2.0,110.0,3
Super built-up  Area,Ready To Move,Billekahalli,Asity S,1125.0,2.0,2.0,62.0,2
Super built-up  Area,Ready To Move,Billekahalli,Dintsmi,1090.0,2.0,3.0,52.0,2
Super built-up  Area,Ready To Move,Billekahalli,Diisein,1112.0,2.0,2.0,62.0,2
Super built-up  Area,Ready To Move,Billekahalli,Raony C,950.0,2.0,1.0,58.11,2
Super built-up  Area,Ready To Move,Billekahalli,Epwnee ,1360.0,2.0,3.0,110.0,2
Super built-up  Area,Ready To Move,Billekahalli,Asity S,1125.0,2.0,1.0,65.0,2
Super built-up  Area,Ready To Move,Billekahalli,Raony C,950.0,2.0,2.0,56.0,2
Super built-up  Area,19-Dec,Binny Pete,She 2rk,1755.0,3.0,1.0,122.0,3
Super built-up  Area,19-Dec,Binny Pete,Shestlo,665.0,1.0,0.0,50.75,1
Super built-up  Area,19-Dec,Binny Pete,She 2rk,660.0,1.0,1.0,54.0,1
Super built-up  Area,19-Dec,Binny Pete,She 2rk,660.0,1.0,1.0,62.0,1
Super built-up  Area,19-Dec,Binny Pete,She 2rk,1365.0,2.0,1.0,122.0,2
Super built-up  Area,19-Dec,Binny Pete,She 2rk,1795.0,3.0,2.0,139.0,3
Super built-up  Area,20-Jan,Binny Pete,She 2rk,1740.0,3.0,1.0,150.0,3
Super built-up  Area,18-May,Binny Pete,Shestlo,1516.0,3.0,1.0,147.0,3
Super built-up  Area,Ready To Move,Bisuvanahalli,Prityel,1180.0,3.0,2.0,48.0,3
Super built-up  Area,Ready To Move,Bisuvanahalli,Prityel,1075.0,2.0,1.0,35.0,3
Super built-up  Area,Ready To Move,Bisuvanahalli,Prityel,1075.0,2.0,1.0,36.0,3
Built-up  Area,Ready To Move,Bisuvanahalli,Prityel,1075.0,2.0,1.0,37.0,3
Super built-up  Area,Ready To Move,Bisuvanahalli,Prityel,1075.0,2.0,1.0,45.0,3
Super built-up  Area,Ready To Move,Bisuvanahalli,Prityel,1075.0,3.0,2.0,36.0,3
Built-up  Area,Ready To Move,Bisuvanahalli,Prityel,845.0,2.0,1.0,33.0,2
Super built-up  Area,Ready To Move,Bisuvanahalli,Prityel,1075.0,2.0,1.0,45.0,3
Super built-up  Area,Ready To Move,Bisuvanahalli,Prityel,845.0,2.0,1.0,37.0,2
Super built-up  Area,Ready To Move,Bisuvanahalli,Prityel,1075.0,2.0,1.0,35.99,3
Built-up  Area,Ready To Move,Bisuvanahalli,Prityel,1075.0,2.0,1.0,36.0,3
Super built-up  Area,Ready To Move,Bisuvanahalli,Prityel,845.0,2.0,1.0,29.0,2
Super built-up  Area,Ready To Move,Bisuvanahalli,Prityel,1075.0,2.0,1.0,47.0,3
Super built-up  Area,Ready To Move,Bisuvanahalli,Prityel,850.0,1.0,1.0,32.0,2
Super built-up  Area,Ready To Move,Bisuvanahalli,Prityel,1075.0,2.0,1.0,50.0,3
Super built-up  Area,Ready To Move,Bisuvanahalli,Prityel,1075.0,2.0,1.0,52.0,3
Super built-up  Area,Ready To Move,Bisuvanahalli,Prityel,1180.0,2.0,1.0,46.0,3
Super built-up  Area,Ready To Move,Bisuvanahalli,Prityel,1075.0,2.0,1.0,42.0,3
Super built-up  Area,Ready To Move,Bisuvanahalli,Prityel,845.0,2.0,1.0,37.0,2
Super built-up  Area,Ready To Move,Bisuvanahalli,Prityel,1075.0,2.0,1.0,43.0,3
Built-up  Area,Ready To Move,Bisuvanahalli,Prityel,700.0,1.0,1.0,32.0,2
Super built-up  Area,Ready To Move,Bisuvanahalli,Prityel,1075.0,2.0,1.0,52.0,3
Super built-up  Area,Ready To Move,Bisuvanahalli,Prityel,1075.0,2.0,1.0,50.0,3
Super built-up  Area,Ready To Move,Bisuvanahalli,Prityel,1075.0,2.0,1.0,41.0,3
Super built-up  Area,Ready To Move,Bisuvanahalli,Prityel,845.0,2.0,1.0,33.0,2
Super built-up  Area,Ready To Move,Bisuvanahalli,Prityel,945.0,2.0,1.0,33.0,2
Built-up  Area,Ready To Move,Bisuvanahalli,Prityel,845.0,2.0,1.0,30.0,2
Super built-up  Area,Ready To Move,Bisuvanahalli,Prityel,1200.0,2.0,1.0,41.0,3
Built-up  Area,Ready To Move,Bisuvanahalli,Prityel,1180.0,2.0,1.0,45.0,3
Super built-up  Area,Ready To Move,Bisuvanahalli,Prityel,1075.0,2.0,1.0,43.0,3
Built-up  Area,Ready To Move,Bisuvanahalli,Prityel,1080.0,2.0,1.0,45.0,3
Super built-up  Area,Ready To Move,Bisuvanahalli,Prityel,1180.0,2.0,1.0,55.5,3
Super built-up  Area,Ready To Move,Bisuvanahalli,Prityel,1075.0,2.0,1.0,47.0,3
Super built-up  Area,Ready To Move,Bisuvanahalli,Prityel,1075.0,2.0,1.0,48.0,3
Super built-up  Area,Ready To Move,Bisuvanahalli,Prityel,1075.0,2.0,1.0,37.0,3
Super built-up  Area,Ready To Move,Bisuvanahalli,Prityel,1075.0,2.0,1.0,45.0,3
Super built-up  Area,Ready To Move,Bisuvanahalli,Prityel,1075.0,2.0,1.0,44.0,3
Super built-up  Area,Ready To Move,Bisuvanahalli,Prityel,850.0,2.0,1.0,27.0,2
Super built-up  Area,Ready To Move,Bisuvanahalli,Prityel,1075.0,2.0,1.0,42.0,3
Super built-up  Area,Ready To Move,Bisuvanahalli,Prityel,845.0,2.0,2.0,32.0,2
Built-up  Area,Ready To Move,Bisuvanahalli,Prityel,1075.0,2.0,1.0,41.49,3
Built-up  Area,Ready To Move,Bisuvanahalli,Prityel,845.0,2.0,0.0,34.0,2
Super built-up  Area,Ready To Move,Bommanahalli,AxinoCi,1850.0,3.0,2.0,90.0,3
Super built-up  Area,Ready To Move,Bommanahalli,Kut 3or,910.0,2.0,1.0,45.0,2
Super built-up  Area,Ready To Move,Bommanahalli,Jaw 2 L,1050.0,2.0,2.0,46.0,2
Super built-up  Area,Ready To Move,Bommanahalli,KancyRe,1100.0,1.0,2.0,55.0,2
Built-up  Area,Ready To Move,Bommanahalli,BlibuMa,1350.0,2.0,2.0,72.0,2
Super built-up  Area,Ready To Move,Bommanahalli,Jaw 2 L,1020.0,2.0,2.0,55.0,2
Super built-up  Area,Ready To Move,Bommanahalli,Maoseer,1160.0,2.0,3.0,53.0,2
Super built-up  Area,Ready To Move,Bommanahalli,Jaw 2 L,1050.0,2.0,2.0,54.0,2
Super built-up  Area,18-Jun,Bommasandra,SSestth,1260.0,3.0,1.0,49.36,3
Super built-up  Area,Ready To Move,Bommasandra,Vaodspe,1200.0,3.0,2.0,46.0,3
Super built-up  Area,18-Jun,Bommasandra,SSestth,1035.0,2.0,1.0,41.0,2
Super built-up  Area,18-May,Bommasandra,SSestth,1035.0,2.0,1.0,41.73,2
Super built-up  Area,Ready To Move,Bommasandra,Niara S,1034.0,2.0,3.0,40.0,2
Built-up  Area,Ready To Move,Bommasandra,Vaodspe,877.0,2.0,2.0,30.0,2
Super built-up  Area,18-May,Bommasandra,SSestth,920.0,2.0,1.0,37.46,2
Super built-up  Area,18-May,Bommasandra,SSestth,1035.0,2.0,1.0,41.43,2
Super built-up  Area,18-May,Bommasandra,SSestth,1295.0,2.0,1.0,50.28,3
Super built-up  Area,18-Jun,Bommasandra,SSestth,1015.0,2.0,1.0,40.0,2
Built-up  Area,Ready To Move,Bommasandra,RKhipwn,1000.0,2.0,1.0,35.0,2
Super built-up  Area,18-Mar,Bommasandra,SSestth,955.0,2.0,1.0,35.28,2
Super built-up  Area,18-Jun,Bommasandra,SSestth,1005.0,2.0,1.0,39.77,2
Super built-up  Area,Ready To Move,Bommasandra,Heatee ,1014.0,2.0,1.0,35.0,2
Super built-up  Area,18-Jun,Bommasandra,SSestth,1020.0,2.0,1.0,40.89,2
Super built-up  Area,18-May,Bommasandra,SSestth,920.0,2.0,1.0,37.2,2
Super built-up  Area,Ready To Move,Bommasandra,Niara S,800.0,1.0,1.0,32.0,2
Super built-up  Area,18-May,Bommasandra,SSestth,1280.0,3.0,1.0,50.0,3
Super built-up  Area,18-Aug,Bommasandra,DSoodil,1127.0,2.0,1.0,45.0,2
Built-up  Area,Ready To Move,Bommasandra,Niara S,1400.0,2.0,3.0,45.0,3
Super built-up  Area,Ready To Move,Bommasandra,Vaodspe,877.0,2.0,1.0,29.0,2
Super built-up  Area,18-Jun,Bommasandra,SSestth,1365.0,3.0,1.0,52.81,3
Super built-up  Area,Ready To Move,Bommasandra,Niara S,842.0,2.0,2.0,30.0,2
Super built-up  Area,18-May,Bommasandra,SSestth,1260.0,3.0,1.0,49.36,3
Super built-up  Area,18-May,Bommasandra,SSestth,1365.0,3.0,1.0,52.82,3
Super built-up  Area,18-May,Bommasandra,SSestth,955.0,2.0,1.0,37.97,2
Super built-up  Area,Ready To Move,Bommasandra,TCncyn ,1089.0,2.0,1.0,40.0,2
Super built-up  Area,18-May,Bommasandra,SSestth,1365.0,3.0,1.0,53.96,3
Plot  Area,Ready To Move,Bommenahalli,Prana S,1200.0,3.0,1.0,125.0,3
Built-up  Area,Ready To Move,Bommenahalli,Prana S,1632.0,3.0,0.0,145.0,4
Plot  Area,Ready To Move,Bommenahalli,Prana S,1670.0,3.0,0.0,135.0,4
Built-up  Area,Ready To Move,Bommenahalli,Prana S,1680.0,3.0,0.0,135.0,4
Plot  Area,Ready To Move,Bommenahalli,Prana S,1632.0,3.0,1.0,128.0,4
Built-up  Area,Ready To Move,Bommenahalli,Prood G,3339.0,3.0,0.0,250.0,3
Plot  Area,Ready To Move,Bommenahalli,Prana S,1355.0,3.0,0.0,135.0,4
Plot  Area,Ready To Move,Bommenahalli,Prana S,1232.0,3.0,1.0,96.0,3
Built-up  Area,Ready To Move,Bommenahalli,Prana S,1632.0,3.0,0.0,140.0,4
Super built-up  Area,Ready To Move,Brookefield,Danna S,1150.0,2.0,3.0,69.0,2
Built-up  Area,Ready To Move,Brookefield,Mapleer,1142.0,2.0,2.0,70.0,2
Super built-up  Area,Ready To Move,Brookefield,Saowson,1440.0,2.0,3.0,68.0,3
Super built-up  Area,Ready To Move,Brookefield,Gotaten,1595.0,3.0,3.0,88.0,3
Super built-up  Area,Ready To Move,Brookefield,Mapleer,1476.0,3.0,2.0,105.0,3
Super built-up  Area,Ready To Move,Brookefield,Mapleer,1262.0,2.0,1.0,75.0,2
Super built-up  Area,Ready To Move,Brookefield,CidgeKn,1139.0,2.0,2.0,80.0,2
Super built-up  Area,Ready To Move,Brookefield,Gotaten,1125.0,2.0,2.0,70.0,2
Super built-up  Area,Ready To Move,Brookefield,Baentgi,1420.0,3.0,2.0,85.0,3
Built-up  Area,Ready To Move,Brookefield,Goodsrb,3532.0,3.0,3.0,170.0,4
Super built-up  Area,Ready To Move,Brookefield,Neestna,941.0,2.0,2.0,48.0,2
Built-up  Area,Ready To Move,Brookefield,Saowson,1595.0,2.0,3.0,75.0,3
Built-up  Area,Ready To Move,Brookefield,Roeekbl,1410.0,2.0,0.0,80.0,3
Built-up  Area,Ready To Move,Brookefield,Bhiya N,1100.0,2.0,1.0,55.0,2
Super built-up  Area,Ready To Move,Brookefield,Gotaten,2400.0,3.0,3.0,140.0,4
Built-up  Area,Ready To Move,Brookefield,Roeekbl,1225.0,2.0,2.0,66.5,2
Super built-up  Area,Ready To Move,Brookefield,Usnexra,1080.0,2.0,3.0,50.0,2
Super built-up  Area,Ready To Move,Brookefield,Stlomg ,1200.0,2.0,2.0,75.0,2
Super built-up  Area,Ready To Move,Brookefield,Saandvi,1089.0,2.0,1.0,49.0,2
Super built-up  Area,Ready To Move,Brookefield,Srluei ,1130.0,2.0,2.0,56.0,2
Super built-up  Area,Ready To Move,Brookefield,Roeekbl,1270.0,2.0,1.0,95.0,2
Super built-up  Area,Ready To Move,Brookefield,Stide B,1706.0,3.0,2.0,115.0,3
Super built-up  Area,Ready To Move,Brookefield,Stlomg ,1389.0,2.0,2.0,94.0,2
Super built-up  Area,Ready To Move,Brookefield,Vaontos,1750.0,2.0,2.0,75.0,3
Built-up  Area,Ready To Move,Brookefield,Roeekbl,1225.0,2.0,2.0,72.0,2
Built-up  Area,Ready To Move,Brookefield,Goodsrb,3675.0,4.0,3.0,176.0,4
Super built-up  Area,Ready To Move,Brookefield,Stlomg ,1746.0,3.0,3.0,115.0,3
Super built-up  Area,Ready To Move,Brookefield,Baentgi,1518.0,3.0,3.0,80.0,3
Super built-up  Area,Ready To Move,Brookefield,Stlomg ,1382.0,2.0,2.0,84.5,2
Super built-up  Area,Ready To Move,Brookefield,Keorai ,1260.0,2.0,1.0,70.0,2
Super built-up  Area,Ready To Move,Budigere,PrityTr,1153.0,2.0,2.0,56.4,2
Super built-up  Area,Ready To Move,Budigere,PrityTr,1162.0,2.0,1.0,59.9,2
Super built-up  Area,Ready To Move,Budigere,PrityTr,1991.0,4.0,2.0,103.0,3
Super built-up  Area,Ready To Move,Budigere,PrityTr,1153.0,2.0,2.0,57.0,2
Super built-up  Area,Ready To Move,Budigere,PrityTr,1162.0,2.0,1.0,57.0,2
Super built-up  Area,Ready To Move,Budigere,PrityTr,1139.0,2.0,2.0,62.0,2
Super built-up  Area,Ready To Move,Budigere,PrityTr,1139.0,2.0,2.0,56.8,2
Super built-up  Area,Ready To Move,Budigere,PrityTr,1139.0,2.0,2.0,56.85,2
Super built-up  Area,Ready To Move,Budigere,PrityTr,1991.0,4.0,2.0,100.0,3
Super built-up  Area,Ready To Move,Budigere,PrityTr,664.0,1.0,1.0,35.0,1
Super built-up  Area,Ready To Move,Budigere,PrityTr,1820.0,3.0,2.0,93.0,3
Super built-up  Area,Ready To Move,Budigere,PrityTr,1636.0,3.0,2.0,85.0,3
Super built-up  Area,Ready To Move,Budigere,PrityTr,1444.0,2.0,2.0,70.0,2
Super built-up  Area,Ready To Move,Budigere,PrityTr,1139.0,2.0,2.0,60.0,2
Super built-up  Area,Ready To Move,Budigere,PrityTr,1820.0,3.0,2.0,85.5,3
Super built-up  Area,Ready To Move,Budigere,PrityTr,1820.0,3.0,2.0,93.0,3
Super built-up  Area,Ready To Move,Budigere,PrityTr,1162.0,2.0,1.0,58.0,2
Super built-up  Area,Ready To Move,Budigere,PrityTr,1636.0,3.0,2.0,85.0,3
Super built-up  Area,Ready To Move,Budigere,PrityTr,1087.0,2.0,1.0,54.3,2
Super built-up  Area,Ready To Move,Budigere,PrityTr,1820.0,3.0,2.0,89.0,3
Super built-up  Area,Ready To Move,Budigere,PrityTr,664.0,1.0,1.0,35.4,1
Super built-up  Area,Ready To Move,Budigere,PrityTr,1153.0,2.0,2.0,56.7,2
Super built-up  Area,Ready To Move,Budigere,PrityTr,1139.0,2.0,2.0,56.5,2
Super built-up  Area,Ready To Move,Budigere,PrityTr,1636.0,3.0,2.0,83.0,3
Built-up  Area,Ready To Move,Budigere,PrityTr,664.0,1.0,1.0,34.0,1
Super built-up  Area,Ready To Move,Budigere,PrityTr,1162.0,2.0,1.0,58.0,2
Super built-up  Area,Ready To Move,Budigere,PrityTr,1153.0,2.0,2.0,60.0,2
Super built-up  Area,Ready To Move,Budigere,PrityTr,1820.0,3.0,2.0,99.0,3
Super built-up  Area,Ready To Move,Budigere,PrityTr,1820.0,3.0,2.0,95.0,3
Super built-up  Area,Ready To Move,Budigere,PrityTr,1991.0,4.0,2.0,100.0,3
Built-up  Area,Ready To Move,Budigere,PrityTr,1820.0,3.0,2.0,95.5,3
Super built-up  Area,Ready To Move,Budigere,PrityTr,1153.0,2.0,2.0,56.0,2
Super built-up  Area,Ready To Move,Budigere,PrityTr,1153.0,2.0,2.0,56.5,2
Super built-up  Area,Ready To Move,Budigere,PrityTr,1153.0,2.0,2.0,58.0,2
Super built-up  Area,Ready To Move,Budigere,PrityTr,1636.0,3.0,2.0,88.0,3
Super built-up  Area,Ready To Move,Budigere,PrityTr,1153.0,2.0,2.0,56.55,2
Super built-up  Area,Ready To Move,Budigere,PrityTr,1153.0,2.0,2.0,56.5,2
Super built-up  Area,Ready To Move,Budigere,PrityTr,1153.0,2.0,2.0,60.0,2
Super built-up  Area,Ready To Move,CV Raman Nagar,Srshq T,1120.0,2.0,2.0,55.0,2
Super built-up  Area,Ready To Move,CV Raman Nagar,AnncyRe,740.0,2.0,1.0,37.0,2
Super built-up  Area,Ready To Move,CV Raman Nagar,Pu270a ,1392.0,2.0,1.0,98.0,2
Super built-up  Area,Ready To Move,CV Raman Nagar,Pu270a ,1825.0,3.0,2.0,126.0,3
Super built-up  Area,Ready To Move,CV Raman Nagar,Madener,1025.0,2.0,2.0,50.0,2
Super built-up  Area,Ready To Move,CV Raman Nagar,Roareta,1198.0,2.0,2.0,60.0,2
Super built-up  Area,Ready To Move,CV Raman Nagar,Chhalut,1560.0,2.0,2.0,85.0,2
Super built-up  Area,Ready To Move,CV Raman Nagar,Chhamku,1590.0,2.0,3.0,85.0,3
Super built-up  Area,Ready To Move,CV Raman Nagar,RatraNa,1100.0,2.0,1.0,58.0,2
Super built-up  Area,Ready To Move,CV Raman Nagar,ARestco,1051.0,2.0,3.0,61.0,2
Super built-up  Area,Ready To Move,CV Raman Nagar,JKmesHo,1020.0,2.0,1.0,55.0,2
Super built-up  Area,Ready To Move,CV Raman Nagar,Chhamku,1285.0,2.0,2.0,65.0,2
Super built-up  Area,Ready To Move,CV Raman Nagar,JKmesHo,1040.0,2.0,1.0,50.0,2
Super built-up  Area,18-Jul,CV Raman Nagar,Pu270a ,1392.0,2.0,1.0,95.0,2
Super built-up  Area,Ready To Move,CV Raman Nagar,Pu270a ,705.0,2.0,1.0,50.0,1
Built-up  Area,Ready To Move,Chandapura,KHityry,650.0,1.0,1.0,17.0,2
Super built-up  Area,18-Aug,Chandapura,SunceEs,645.0,1.0,1.0,16.45,1
Super built-up  Area,18-Sep,Chandapura,SunceEs,645.0,1.0,1.0,16.45,1
Super built-up  Area,Ready To Move,Chandapura,KHityry,800.0,1.0,1.0,20.0,2
Super built-up  Area,18-Jul,Chandapura,SunceEs,1015.0,2.0,2.0,25.88,2
Super built-up  Area,18-Mar,Chandapura,Siissi ,530.0,1.0,0.0,11.66,1
Super built-up  Area,18-May,Chandapura,SunceEs,1190.0,2.0,2.0,30.35,3
Super built-up  Area,18-Aug,Chandapura,SuVue S,1025.0,2.0,2.0,27.68,2
Super built-up  Area,18-Sep,Chandapura,SunceEs,1015.0,2.0,2.0,25.88,2
Super built-up  Area,18-Oct,Chandapura,SunceEs,1305.0,3.0,1.0,33.28,3
Super built-up  Area,Ready To Move,Chandapura,Halms S,1065.0,2.0,1.0,33.0,3
Built-up  Area,Ready To Move,Chandapura,KHityry,850.0,1.0,1.0,18.5,2
Super built-up  Area,18-Dec,Chandapura,Siageal,590.0,1.0,0.0,13.57,1
Super built-up  Area,18-Aug,Chandapura,SunceEs,645.0,1.0,1.0,16.45,1
Super built-up  Area,18-Aug,Chandapura,Dhowsyo,630.0,1.0,0.0,13.86,1
Super built-up  Area,18-Jul,Chandapura,SunceEs,1185.0,2.0,2.0,30.22,3
Super built-up  Area,18-Aug,Chandapura,SunceEs,1015.0,2.0,2.0,25.88,2
Super built-up  Area,19-Sep,Chandapura,SuVue S,520.0,1.0,1.0,14.04,1
Super built-up  Area,18-Aug,Chandapura,SunceEs,975.0,2.0,1.0,24.86,2
Super built-up  Area,18-Jul,Chandapura,SunceEs,645.0,1.0,1.0,16.45,1
Super built-up  Area,18-Sep,Chandapura,SunceEs,985.0,2.0,1.0,25.12,2
Super built-up  Area,18-Jul,Chandapura,SunceEs,645.0,1.0,1.0,16.45,1
Super built-up  Area,18-Aug,Chandapura,SunceEs,975.0,2.0,1.0,24.86,2
Super built-up  Area,Ready To Move,Chandapura,KHityry,700.0,1.0,1.0,19.0,2
Super built-up  Area,18-Aug,Chandapura,SunceEs,1190.0,2.0,2.0,30.35,3
Super built-up  Area,Ready To Move,Chandapura,Arhid O,1095.0,2.0,2.0,32.0,3
Built-up  Area,Ready To Move,Chandapura,Vailsaf,1208.51,3.0,2.0,42.0,3
Super built-up  Area,Ready To Move,Chandapura,PavesGr,876.0,2.0,2.0,29.5,2
Super built-up  Area,18-Sep,Chandapura,SunceEs,645.0,1.0,1.0,16.45,1
Super built-up  Area,Ready To Move,Chandapura,Riiew L,1505.0,2.0,2.0,42.0,3
Super built-up  Area,18-Sep,Chandapura,SunceEs,645.0,1.0,1.0,16.45,1
Super built-up  Area,18-Dec,Chandapura,AMAKS O,937.0,2.0,1.0,30.0,2
Super built-up  Area,19-Dec,Chandapura,SuVue S,1025.0,2.0,2.0,27.68,2
Super built-up  Area,18-May,Chandapura,SunceEs,975.0,2.0,1.0,24.86,2
Super built-up  Area,Ready To Move,Chandapura,Arhid O,800.0,2.0,1.0,25.0,2
Super built-up  Area,18-Sep,Chandapura,SunceEs,645.0,1.0,1.0,16.45,1
Super built-up  Area,18-Sep,Chandapura,SunceEs,1230.0,2.0,2.0,31.37,3
Super built-up  Area,18-Aug,Chandapura,SuVue S,950.0,2.0,1.0,25.65,2
Super built-up  Area,18-Sep,Chandapura,SunceEs,645.0,1.0,1.0,16.45,1
Super built-up  Area,19-Dec,Chandapura,SuVue S,1110.0,2.0,2.0,29.97,3
Super built-up  Area,19-Jan,Chandapura,SuVue S,1225.0,3.0,1.0,33.08,3
Super built-up  Area,18-Jul,Chandapura,SunceEs,1305.0,3.0,1.0,33.28,3
Super built-up  Area,18-Sep,Chandapura,SunceEs,1230.0,2.0,2.0,31.37,3
Super built-up  Area,19-Jan,Chandapura,SuVue S,1110.0,2.0,2.0,29.97,3
Super built-up  Area,18-Sep,Chandapura,SunceEs,985.0,2.0,1.0,25.12,2
Super built-up  Area,Ready To Move,Chandapura,KHityry,750.0,1.0,1.0,18.5,2
Super built-up  Area,18-Aug,Chandapura,SuVue S,1025.0,2.0,2.0,27.68,2
Super built-up  Area,18-Sep,Chandapura,SunceEs,1190.0,2.0,2.0,30.35,3
Super built-up  Area,18-Sep,Chandapura,SunceEs,1015.0,2.0,2.0,25.88,2
Super built-up  Area,Ready To Move,Chandapura,Riiew L,1345.0,2.0,2.0,39.5,3
Super built-up  Area,18-Dec,Chandapura,SunceEs,1015.0,2.0,2.0,25.88,2
Super built-up  Area,18-Jul,Chandapura,SunceEs,1185.0,2.0,2.0,30.22,3
Super built-up  Area,18-Aug,Chandapura,SunceEs,975.0,2.0,1.0,24.86,2
Super built-up  Area,19-Sep,Chandapura,SuVue S,520.0,1.0,1.0,14.04,1
Super built-up  Area,18-Sep,Chandapura,SunceEs,1230.0,2.0,2.0,31.37,3
Super built-up  Area,18-Sep,Chandapura,SunceEs,1305.0,3.0,1.0,33.28,3
Super built-up  Area,Ready To Move,Chandapura,Siissi ,1323.0,2.0,1.0,42.0,3
Super built-up  Area,18-Aug,Chandapura,SunceEs,985.0,2.0,1.0,25.12,2
Super built-up  Area,18-Aug,Chandapura,SunceEs,645.0,1.0,1.0,16.45,1
Super built-up  Area,18-Jul,Chandapura,SunceEs,645.0,1.0,1.0,16.45,1
Built-up  Area,Ready To Move,Chandapura,KHityry,740.0,1.0,1.0,22.0,2
Super built-up  Area,20-Dec,Chandapura,PavesGr,876.0,2.0,2.0,28.47,2
Super built-up  Area,Ready To Move,Chandapura,Arhid O,1095.0,2.0,2.0,28.0,3
Super built-up  Area,18-Aug,Chandapura,SuVue S,520.0,1.0,1.0,14.04,1
Built-up  Area,Ready To Move,Channasandra,Pritehi,1340.0,2.0,2.0,48.33,3
Super built-up  Area,17-Nov,Channasandra,Unm 2El,1009.0,2.0,1.0,38.34,2
Super built-up  Area,Ready To Move,Channasandra,Unm 2El,1065.0,2.0,1.0,35.0,2
Super built-up  Area,Ready To Move,Channasandra,Unm 2El,1115.0,2.0,1.0,33.45,2
Super built-up  Area,Ready To Move,Channasandra,Unm 2El,1030.0,2.0,1.0,34.5,2
Super built-up  Area,Ready To Move,Channasandra,Unm 2El,1104.0,2.0,1.0,35.5,2
Super built-up  Area,17-Jul,Channasandra,Unm 2El,1065.0,2.0,1.0,40.47,2
Super built-up  Area,Ready To Move,Channasandra,Unm 2El,1310.0,2.0,2.0,45.0,3
Super built-up  Area,Ready To Move,Channasandra,Unm 2El,1050.0,2.0,1.0,35.0,2
Super built-up  Area,Ready To Move,Channasandra,Unm 2El,1093.0,2.0,1.0,34.0,2
Super built-up  Area,Ready To Move,Channasandra,Unm 2El,1123.0,2.0,1.0,36.0,2
Super built-up  Area,18-Apr,Channasandra,Evanaan,1000.0,2.0,2.0,35.0,2
Super built-up  Area,Ready To Move,Channasandra,Unm 2El,1093.0,2.0,1.0,37.0,2
Super built-up  Area,Ready To Move,Channasandra,Unm 2El,1115.0,2.0,1.0,35.8,2
Super built-up  Area,Ready To Move,Channasandra,Unm 2El,1065.0,2.0,1.0,36.0,2
Super built-up  Area,18-Dec,Channasandra,MVisear,1050.0,2.0,1.0,44.41,2
Super built-up  Area,Ready To Move,Channasandra,Unm 2El,1010.0,2.0,1.0,32.0,2
Plot  Area,Ready To Move,Chikka Tirupathi,Theanmp,2600.0,5.0,3.0,120.0,4
Plot  Area,Ready To Move,Chikka Tirupathi,FiriaVi,1808.0,4.0,2.0,80.27,3
Plot  Area,18-May,Chikka Tirupathi,Theanmp,3297.0,3.0,1.0,135.0,3
Plot  Area,18-Dec,Chikka Tirupathi,Theanmp,3500.0,5.0,3.0,150.0,4
Built-up  Area,Ready To Move,Chikka Tirupathi,Theanmp,2704.0,5.0,0.0,105.0,4
Built-up  Area,Ready To Move,Chikka Tirupathi,Theanmp,3250.0,4.0,2.0,136.0,4
Plot  Area,Ready To Move,Chikka Tirupathi,Theanmp,2665.0,5.0,3.0,125.0,4
Super built-up  Area,Ready To Move,Choodasandra,GRhtiru,1115.0,2.0,2.0,50.0,2
Super built-up  Area,Ready To Move,Choodasandra,GRlpank,1300.0,2.0,3.0,57.0,2
Super built-up  Area,17-Jul,Choodasandra,Sainei ,1530.0,3.0,2.0,77.0,3
Super built-up  Area,Ready To Move,Choodasandra,GRhtiru,1220.0,3.0,2.0,56.0,3
Super built-up  Area,Ready To Move,Choodasandra,GRhtiru,1220.0,3.0,2.0,56.0,3
Super built-up  Area,18-May,Choodasandra,Emhtsl ,1197.0,2.0,1.0,63.0,2
Super built-up  Area,Ready To Move,Choodasandra,GRlpank,1465.0,3.0,3.0,75.0,3
Super built-up  Area,Ready To Move,Choodasandra,GRhtiru,1115.0,2.0,1.0,50.0,2
Super built-up  Area,Ready To Move,Choodasandra,GRlpank,1215.0,2.0,2.0,59.0,2
Super built-up  Area,Ready To Move,Choodasandra,Aharlve,1254.0,2.0,1.0,65.0,3
Super built-up  Area,Ready To Move,Choodasandra,Maidsr ,725.0,2.0,2.0,36.0,2
Super built-up  Area,Ready To Move,Choodasandra,GRhtiru,1220.0,3.0,2.0,56.0,3
Super built-up  Area,Ready To Move,Choodasandra,Maidsr ,1075.0,2.0,2.0,45.0,2
Super built-up  Area,Ready To Move,Choodasandra,GRlpank,1180.0,2.0,1.0,71.22,2
Built-up  Area,Ready To Move,Choodasandra,GRlpank,1140.0,2.0,2.0,62.0,2
Super built-up  Area,Ready To Move,Choodasandra,GRhtiru,1220.0,3.0,1.0,56.0,3
Super built-up  Area,Ready To Move,Choodasandra,MJiyayl,1560.0,3.0,2.0,78.0,3
Built-up  Area,Ready To Move,Choodasandra,Maidsr ,1065.0,2.0,1.0,46.0,2
Super built-up  Area,Ready To Move,Choodasandra,GRhtiru,1115.0,2.0,2.0,50.0,2
Super built-up  Area,Ready To Move,Choodasandra,GRhtiru,1220.0,3.0,2.0,56.0,3
Super built-up  Area,Ready To Move,Choodasandra,GRhtiru,1115.0,2.0,1.0,50.0,2
Super built-up  Area,17-Sep,Dasanapura,Tavenew,708.0,2.0,2.0,37.0,2
Super built-up  Area,Ready To Move,Dasanapura,Tavenew,708.0,1.0,1.0,40.0,2
Super built-up  Area,Ready To Move,Dasanapura,Tavenew,1286.0,3.0,2.0,61.44,3
Super built-up  Area,Ready To Move,Dasanapura,Tavenew,814.0,2.0,1.0,42.0,2
Built-up  Area,Ready To Move,Dasanapura,Tavenew,1163.0,2.0,1.0,65.0,2
Super built-up  Area,18-May,Dasanapura,Tavenew,1286.0,2.0,1.0,68.0,3
Super built-up  Area,Ready To Move,Dasanapura,Tavenew,708.0,1.0,1.0,41.0,1
Super built-up  Area,Ready To Move,Dasanapura,Tavenew,814.0,2.0,1.0,43.7,2
Super built-up  Area,Ready To Move,Dasarahalli,Syonyph,1295.0,2.0,1.0,65.0,2
Super built-up  Area,Ready To Move,Dasarahalli,Syonyph,1520.0,2.0,1.0,75.0,3
Built-up  Area,Ready To Move,Dasarahalli,Syonyph,1150.0,2.0,0.0,70.0,2
Super built-up  Area,Ready To Move,Dasarahalli,Prndsde,2100.0,3.0,3.0,120.0,3
Super built-up  Area,18-Jul,Dasarahalli,KSliaor,1333.0,2.0,1.0,78.56,2
Super built-up  Area,Ready To Move,Dasarahalli,Syonyph,1220.0,2.0,2.0,62.0,2
Super built-up  Area,19-Apr,Devanahalli,Oznuean,1260.0,2.0,2.0,66.78,2
Super built-up  Area,22-Dec,Devanahalli,Sabixtt,1282.0,2.0,2.0,68.52,3
Super built-up  Area,18-Aug,Devanahalli,Derdsig,1360.0,2.0,1.0,65.0,2
Super built-up  Area,Ready To Move,Devanahalli,Brntsal,1010.0,2.0,1.0,51.0,2
Super built-up  Area,Ready To Move,Devanahalli,Cerdsga,1080.0,2.0,0.0,53.35,2
Super built-up  Area,Ready To Move,Devanahalli,Brrds O,1080.0,2.0,1.0,44.0,2
Super built-up  Area,18-Apr,Devanahalli,Sabixtt,1282.0,2.0,2.0,52.43,3
Super built-up  Area,18-Apr,Devanahalli,Oznuean,1174.0,2.0,1.0,59.0,2
Super built-up  Area,19-Dec,Devanahalli,Sabixtt,658.0,1.0,1.0,34.0,1
Super built-up  Area,18-Apr,Devanahalli,Sabixtt,658.0,1.0,0.0,26.91,1
Super built-up  Area,Ready To Move,Devanahalli,Brrds O,1080.0,2.0,1.0,52.0,2
Super built-up  Area,22-Nov,Devanahalli,Sabixtt,1498.0,3.0,3.0,79.15,3
Super built-up  Area,22-Nov,Devanahalli,Sabixtt,1466.0,3.0,3.0,77.59,3
Super built-up  Area,18-May,Devanahalli,Pardsri,1020.0,2.0,1.0,49.87,1
Super built-up  Area,18-Apr,Devanahalli,Brrds O,1200.0,2.0,1.0,55.08,3
Super built-up  Area,18-May,Devanahalli,Derdsig,1340.0,2.0,1.0,65.0,2
Super built-up  Area,18-May,Devanahalli,Jurdsig,1230.0,2.0,1.0,56.45,2
Super built-up  Area,18-Apr,Devanahalli,Sabixtt,658.0,1.0,1.0,26.91,1
Super built-up  Area,18-Jul,Devanahalli,Cerdsga,1290.0,2.0,1.0,62.0,3
Built-up  Area,Ready To Move,Devanahalli,Brrds O,1010.0,2.0,1.0,58.0,2
Super built-up  Area,18-Apr,Devanahalli,Sabixtt,1466.0,3.0,3.0,59.96,3
Super built-up  Area,19-Dec,Devanahalli,Jurdsig,1520.0,2.0,1.0,69.76,3
Built-up  Area,Ready To Move,Dodda Nekkundi,Tuentpa,1260.0,2.0,2.0,55.0,2
Super built-up  Area,Ready To Move,Dodda Nekkundi,SaisePa,850.0,2.0,3.0,28.0,2
Super built-up  Area,Ready To Move,Dodda Nekkundi,MavarSa,1080.0,2.0,2.0,50.0,2
Super built-up  Area,Ready To Move,Dodda Nekkundi,Brity U,1252.0,2.0,1.0,71.0,3
Built-up  Area,Ready To Move,Dodda Nekkundi,GSodsee,1145.0,2.0,1.0,46.5,2
Super built-up  Area,Ready To Move,Dodda Nekkundi,Srsami ,1135.0,2.0,2.0,58.0,2
Super built-up  Area,Ready To Move,Dodda Nekkundi,Adxira ,1200.0,2.0,2.0,71.0,2
Super built-up  Area,Ready To Move,Dodda Nekkundi,Vandaac,1585.0,2.0,2.0,79.0,3
Built-up  Area,Ready To Move,Dodda Nekkundi,MavarSa,1005.0,2.0,2.0,45.0,2
Super built-up  Area,Ready To Move,Doddathoguru,LancyRe,970.0,2.0,0.0,33.0,2
Super built-up  Area,Ready To Move,Doddathoguru,Arensh ,1030.0,2.0,2.0,42.0,2
Super built-up  Area,Ready To Move,Doddathoguru,SKterAs,1549.0,3.0,2.0,65.0,3
Super built-up  Area,Ready To Move,Doddathoguru,Vayali ,1015.0,2.0,2.0,33.5,2
Super built-up  Area,Ready To Move,Doddathoguru,Saaveas,1104.0,2.0,2.0,39.0,2
Super built-up  Area,Ready To Move,Doddathoguru,Vabow R,915.0,2.0,1.0,32.0,2
Super built-up  Area,Ready To Move,Doddathoguru,Prora F,1595.0,3.0,3.0,62.0,3
Super built-up  Area,Ready To Move,Doddathoguru,Elayabh,855.0,2.0,1.0,32.0,2
Built-up  Area,Ready To Move,Doddathoguru,Vabow R,925.0,2.0,2.0,30.0,2
Built-up  Area,Ready To Move,Doddathoguru,Srtasno,1208.0,3.0,1.0,45.0,3
Super built-up  Area,Ready To Move,Doddathoguru,Prianhi,940.0,2.0,1.0,32.9,2
Built-up  Area,Ready To Move,Doddathoguru,Cerasy ,1107.0,2.0,3.0,44.0,2
Built-up  Area,Ready To Move,Doddathoguru,Srtasno,907.0,2.0,1.0,40.0,2
Super built-up  Area,Ready To Move,Domlur,Saiewas,1875.0,2.0,2.0,150.0,3
Built-up  Area,Ready To Move,Domlur,Saiewas,640.0,1.0,0.0,55.0,1
Super built-up  Area,Ready To Move,Domlur,IBictnd,1050.0,2.0,2.0,85.0,2
Super built-up  Area,Ready To Move,Domlur,Saiewas,1800.0,3.0,2.0,150.0,3
Super built-up  Area,Ready To Move,Domlur,Saiewas,1950.0,3.0,3.0,165.0,3
Super built-up  Area,Ready To Move,Domlur,Saiewas,780.0,1.0,1.0,70.0,1
Built-up  Area,Ready To Move,Domlur,Srhida ,1695.0,3.0,2.0,125.0,3
Super built-up  Area,Ready To Move,Domlur,IBictnd,1246.0,2.0,1.0,95.0,2
Super built-up  Area,Ready To Move,Domlur,Saiewas,2100.0,3.0,2.0,145.0,3
Super built-up  Area,18-Apr,EPIP Zone,BrontLa,2330.0,3.0,2.0,162.0,3
Super built-up  Area,Ready To Move,EPIP Zone,BrontLa,1330.0,2.0,1.0,92.5,2
Super built-up  Area,Ready To Move,EPIP Zone,BrontLa,1330.0,2.0,1.0,86.98,2
Super built-up  Area,18-Feb,EPIP Zone,BrontLa,1330.0,2.0,1.0,93.36,2
Super built-up  Area,Ready To Move,EPIP Zone,SJlynro,1500.0,3.0,3.0,102.0,3
Built-up  Area,Ready To Move,EPIP Zone,ValiaCa,1125.0,2.0,1.0,65.0,2
Super built-up  Area,Ready To Move,EPIP Zone,Ste 2al,1734.0,3.0,3.0,125.0,3
Super built-up  Area,Ready To Move,EPIP Zone,BrontLa,3360.0,5.0,0.0,225.0,4
Super built-up  Area,Ready To Move,EPIP Zone,Ste 2al,1343.0,2.0,2.0,86.0,2
Super built-up  Area,18-Apr,EPIP Zone,BrontLa,2350.0,4.0,2.0,163.0,3
Super built-up  Area,18-Apr,EPIP Zone,BrontLa,1860.0,3.0,2.0,130.0,3
Super built-up  Area,Ready To Move,EPIP Zone,BrontLa,2210.0,3.0,3.0,165.0,3
Super built-up  Area,Ready To Move,EPIP Zone,BrontLa,2710.0,3.0,2.0,177.0,3
Super built-up  Area,18-Apr,EPIP Zone,BrontLa,3360.0,5.0,2.0,221.0,4
Super built-up  Area,Ready To Move,Electronic City,Itelaa ,660.0,1.0,1.0,23.1,2
Super built-up  Area,Ready To Move,Electronic City,KBityo ,1025.0,2.0,1.0,47.0,3
Super built-up  Area,Ready To Move,Electronic City,DSgmax ,1530.0,2.0,1.0,45.9,3
Super built-up  Area,Ready To Move,Electronic City,GMown E,1500.0,2.0,1.0,64.5,3
Built-up  Area,Ready To Move,Electronic City,GMown E,1060.0,2.0,1.0,60.0,2
Super built-up  Area,18-Apr,Electronic City,Prarkun,1152.0,2.0,1.0,64.5,2
Super built-up  Area,Ready To Move,Electronic City,GMown E,1350.0,2.0,1.0,56.0,3
Built-up  Area,Ready To Move,Electronic City,GMown E,770.0,1.0,1.0,36.0,2
Super built-up  Area,Ready To Move,Electronic City,GMown E,1070.0,2.0,1.0,52.0,2
Built-up  Area,Ready To Move,Electronic City,GMown E,1025.0,2.0,1.0,46.0,2
Super built-up  Area,Ready To Move,Electronic City,Itvir M,589.0,1.0,1.0,27.0,1
Built-up  Area,Ready To Move,Electronic City,Saave R,1100.0,2.0,2.0,42.0,2
Super built-up  Area,Ready To Move,Electronic City,CoapeSo,910.0,2.0,1.0,40.0,2
Super built-up  Area,17-Jun,Electronic City,Prarkun,1108.0,2.0,1.0,63.0,2
Super built-up  Area,18-Apr,Electronic City,Prarkun,1128.0,2.0,1.0,65.0,2
Super built-up  Area,Ready To Move,Electronic City,ShstaAl,1800.0,3.0,2.0,95.0,3
Built-up  Area,18-Apr,Electronic City,Prarkun,630.0,1.0,1.0,34.65,1
Super built-up  Area,18-Apr,Electronic City,Prarkun,1128.0,2.0,1.0,63.0,2
Super built-up  Area,18-Apr,Electronic City,Prarkun,1599.0,3.0,2.0,99.0,3
Super built-up  Area,Ready To Move,Electronic City,Daives ,1094.0,2.0,2.0,42.0,2
Super built-up  Area,Ready To Move,Electronic City,GMown E,1070.0,2.0,1.0,55.0,2
Super built-up  Area,Ready To Move,Electronic City,Palleon,940.0,2.0,1.0,41.0,2
Super built-up  Area,18-Apr,Electronic City,Prarkun,1128.0,2.0,1.0,68.75,2
Super built-up  Area,18-Apr,Electronic City,Prarkun,1342.0,2.0,1.0,73.3,2
Super built-up  Area,Ready To Move,Electronic City,GMown E,1360.0,2.0,1.0,71.0,3
Super built-up  Area,Ready To Move,Electronic City,Itelaa ,880.0,2.0,2.0,29.0,2
Super built-up  Area,18-Dec,Electronic City,GoontLa,1265.0,2.0,0.0,56.93,2
Super built-up  Area,21-Dec,Electronic City,KonteiT,1691.0,2.0,2.0,102.0,3
Super built-up  Area,18-Aug,Electronic City,Prarkun,1128.0,2.0,1.0,65.49,2
Built-up  Area,Ready To Move,Electronic City,Suashen,1620.0,3.0,2.0,62.0,3
Super built-up  Area,Ready To Move,Electronic City,GMown E,1070.0,2.0,1.0,56.1,2
Built-up  Area,Ready To Move,Electronic City,Itvir M,890.0,2.0,2.0,45.0,2
Super built-up  Area,18-May,Electronic City,Prarkun,1128.0,2.0,1.0,65.65,2
Built-up  Area,Ready To Move,Electronic City,Palleon,865.0,2.0,0.0,42.0,2
Super built-up  Area,Ready To Move,Electronic City,CoapeSo,910.0,2.0,2.0,42.0,2
Super built-up  Area,Ready To Move,Electronic City,SNncypa,975.0,2.0,2.0,37.5,2
Built-up  Area,Ready To Move,Electronic City,GMown E,1360.0,2.0,1.0,75.0,3
Super built-up  Area,Ready To Move,Electronic City,GMown E,770.0,1.0,1.0,40.0,2
Super built-up  Area,Ready To Move,Electronic City,Prarkun,1128.0,2.0,1.0,64.0,2
Super built-up  Area,Ready To Move,Electronic City,GMown E,1070.0,2.0,1.0,54.0,2
Super built-up  Area,18-Jan,Electronic City,Prarkun,1571.0,3.0,2.0,89.0,3
Super built-up  Area,Ready To Move,Electronic City,GMown E,870.0,2.0,1.0,39.5,2
Super built-up  Area,18-Jan,Electronic City,Prarkun,630.0,1.0,1.0,47.0,1
Super built-up  Area,Ready To Move,Electronic City,PrwarSa,921.0,2.0,1.0,34.0,2
Super built-up  Area,18-Apr,Electronic City,Prarkun,1374.0,2.0,1.0,72.0,3
Super built-up  Area,Ready To Move,Electronic City,Amhidte,1100.0,2.0,2.0,45.0,2
Super built-up  Area,18-Aug,Electronic City,Prarkun,1128.0,2.0,1.0,65.35,2
Super built-up  Area,18-Apr,Electronic City,Prarkun,1128.0,2.0,1.0,65.0,2
Super built-up  Area,Ready To Move,Electronic City,GMown E,755.0,1.0,1.0,34.0,2
Plot  Area,18-Dec,Electronic City,Janaala,4000.0,5.0,1.0,150.0,4
Super built-up  Area,Ready To Move,Electronic City,DSgmax ,1100.0,2.0,1.0,40.0,2
Super built-up  Area,21-Dec,Electronic City,KonteiT,1563.0,3.0,2.0,91.84,3
Super built-up  Area,Ready To Move,Electronic City,Briumri,1652.0,3.0,2.0,70.0,3
Super built-up  Area,Ready To Move,Electronic City,GMown E,1070.0,2.0,1.0,46.0,2
Super built-up  Area,Ready To Move,Electronic City,Palleon,1350.0,3.0,2.0,58.0,3
Super built-up  Area,Ready To Move,Electronic City,Itelaa ,1000.0,2.0,3.0,25.0,2
Super built-up  Area,Ready To Move,Electronic City,Naireru,1700.0,3.0,2.0,75.0,3
Super built-up  Area,Ready To Move,Electronic City,DSgmax ,1400.0,2.0,1.0,48.0,3
Super built-up  Area,Ready To Move,Electronic City,Prarkun,1128.0,2.0,1.0,68.0,2
Super built-up  Area,Ready To Move,Electronic City,GMown E,1360.0,2.0,1.0,70.5,3
Super built-up  Area,Ready To Move,Electronic City,Prarkun,1571.0,3.0,2.0,105.0,3
Super built-up  Area,Ready To Move,Electronic City,Daives ,1089.0,2.0,2.0,45.0,2
Super built-up  Area,Ready To Move,Electronic City,YCnce R,1110.0,2.0,1.0,40.0,2
Built-up  Area,18-Jan,Electronic City,Prarkun,1600.0,3.0,2.0,104.0,3
Built-up  Area,Ready To Move,Electronic City,GMown E,1500.0,2.0,1.0,100.0,3
Super built-up  Area,Ready To Move,Electronic City,Pa II E,1440.0,2.0,2.0,55.0,3
Super built-up  Area,17-Apr,Electronic City,Sie 2is,1156.0,2.0,2.0,44.0,3
Super built-up  Area,18-Apr,Electronic City,Prarkun,1152.0,2.0,1.0,65.0,2
Super built-up  Area,Ready To Move,Electronic City,GMown E,1070.0,2.0,1.0,60.0,2
Super built-up  Area,18-Apr,Electronic City,Prarkun,1128.0,2.0,1.0,65.5,2
Super built-up  Area,Ready To Move,Electronic City,GMown E,1200.0,2.0,1.0,59.0,2
Super built-up  Area,18-Mar,Electronic City,Prarkun,1152.0,2.0,1.0,65.75,2
Super built-up  Area,18-Dec,Electronic City,S2oveat,1225.0,3.0,0.0,45.03,3
Super built-up  Area,18-Feb,Electronic City,GMown E,1070.0,2.0,1.0,55.0,2
Super built-up  Area,Ready To Move,Electronic City,Pao 3ow,1060.0,2.0,1.0,58.0,2
Super built-up  Area,18-Jul,Electronic City,GMown E,1025.0,2.0,1.0,54.1,2
Super built-up  Area,18-Apr,Electronic City,Sie 2is,1105.0,2.0,1.0,35.0,3
Super built-up  Area,Ready To Move,Electronic City,Itelaa ,660.0,1.0,1.0,18.0,2
Super built-up  Area,Ready To Move,Electronic City,Itvir M,1000.0,2.0,2.0,41.0,2
Super built-up  Area,Ready To Move,Electronic City,GMown E,1500.0,2.0,1.0,78.0,3
Super built-up  Area,20-Dec,Electronic City,KonteiT,1213.0,2.0,1.0,59.32,2
Super built-up  Area,Ready To Move,Electronic City,Goty  E,1575.0,3.0,2.0,90.0,3
Built-up  Area,Ready To Move,Electronic City,GMown E,435.0,1.0,1.0,19.5,1
Built-up  Area,Ready To Move,Electronic City,Goty  E,1449.0,3.0,2.0,100.0,3
Super built-up  Area,Ready To Move,Electronic City,PaanaCh,1125.0,2.0,1.0,58.0,2
Built-up  Area,Ready To Move,Electronic City,PronsEn,1090.0,2.0,2.0,35.03,2
Super built-up  Area,Ready To Move,Electronic City,Goty  E,1575.0,3.0,3.0,101.0,3
Super built-up  Area,Ready To Move,Electronic City,Itelaa ,660.0,1.0,1.0,16.0,2
Super built-up  Area,Ready To Move,Electronic City,Itvir M,919.0,2.0,2.0,40.0,2
Super built-up  Area,18-Apr,Electronic City,GMown E,1500.0,2.0,1.0,78.25,3
Super built-up  Area,Ready To Move,Electronic City,Prarkun,1363.0,2.0,1.0,79.0,2
Super built-up  Area,Ready To Move,Electronic City,Elodsre,1156.0,2.0,2.0,42.0,2
Super built-up  Area,Ready To Move,Electronic City,Prarkun,1108.0,2.0,1.0,67.15,2
Super built-up  Area,18-Aug,Electronic City,Prarkun,1128.0,2.0,1.0,65.7,2
Super built-up  Area,Ready To Move,Electronic City,Cearuy ,1170.0,2.0,1.0,33.0,2
Built-up  Area,Ready To Move,Electronic City,GMown E,1060.0,2.0,1.0,51.0,2
Super built-up  Area,Ready To Move,Electronic City,DSgmax ,1410.0,2.0,2.0,38.0,3
Super built-up  Area,Ready To Move,Electronic City,GMown E,1025.0,2.0,1.0,49.0,2
Super built-up  Area,Ready To Move,Electronic City,Goty  E,1449.0,3.0,2.0,90.0,3
Super built-up  Area,Ready To Move,Electronic City,GMown E,1070.0,2.0,1.0,58.0,2
Super built-up  Area,Ready To Move,Electronic City,DSgmax ,1210.0,2.0,1.0,54.0,2
Built-up  Area,18-Apr,Electronic City,GMown E,1500.0,2.0,1.0,75.0,3
Super built-up  Area,Ready To Move,Electronic City,GMown E,1070.0,2.0,1.0,52.0,2
Super built-up  Area,20-Dec,Electronic City,KonteiT,2435.0,4.0,3.0,119.0,4
Super built-up  Area,18-Mar,Electronic City,Prarkun,630.0,1.0,1.0,47.0,1
Super built-up  Area,Ready To Move,Electronic City,Itelaa ,660.0,1.0,1.0,15.5,2
Super built-up  Area,Ready To Move,Electronic City,Itvir M,919.0,2.0,2.0,34.0,2
Super built-up  Area,Ready To Move,Electronic City,Goty  E,1073.0,2.0,2.0,60.0,2
Super built-up  Area,18-Apr,Electronic City,GMown E,1500.0,2.0,1.0,78.0,3
Super built-up  Area,17-Jun,Electronic City,GMown E,1070.0,2.0,1.0,47.0,2
Super built-up  Area,Ready To Move,Electronic City,Naireru,1296.0,2.0,2.0,65.0,2
Super built-up  Area,21-Dec,Electronic City,KonteiT,1140.0,2.0,1.0,70.93,2
Super built-up  Area,Ready To Move,Electronic City,SraveSL,1096.0,2.0,2.0,40.55,2
Super built-up  Area,Ready To Move,Electronic City,SriewGr,1017.0,2.0,2.0,27.0,2
Super built-up  Area,Ready To Move,Electronic City,YCnce R,1110.0,2.0,1.0,39.95,2
Super built-up  Area,20-Dec,Electronic City,KonteiT,2093.0,4.0,1.0,104.0,4
Super built-up  Area,Ready To Move,Electronic City,GMown E,1025.0,2.0,1.0,53.9,2
Built-up  Area,Ready To Move,Electronic City,Pao 3ow,940.0,2.0,1.0,54.0,2
Super built-up  Area,Ready To Move,Electronic City,GMown E,435.0,1.0,1.0,21.0,1
Super built-up  Area,18-Mar,Electronic City,GMown E,1500.0,2.0,1.0,77.5,3
Super built-up  Area,Ready To Move,Electronic City,Goty  E,1631.0,3.0,2.0,80.0,3
Super built-up  Area,18-Apr,Electronic City,Prarkun,1355.0,2.0,1.0,67.0,2
Super built-up  Area,Ready To Move,Electronic City,Prtor N,1200.0,2.0,0.0,34.0,2
Super built-up  Area,Ready To Move,Electronic City,GMown E,435.0,1.0,1.0,22.0,1
Built-up  Area,Ready To Move,Electronic City,GMown E,1500.0,2.0,1.0,63.0,3
Super built-up  Area,Ready To Move,Electronic City,MDonta ,1039.0,2.0,1.0,50.0,2
Super built-up  Area,Ready To Move,Electronic City,GMown E,770.0,1.0,1.0,39.9,2
Super built-up  Area,Ready To Move,Electronic City,Itvir M,919.0,2.0,2.0,35.0,2
Super built-up  Area,18-Apr,Electronic City,Prarkun,1128.0,2.0,1.0,64.0,2
Super built-up  Area,Ready To Move,Electronic City,Itvir M,1159.0,2.0,3.0,38.0,3
Super built-up  Area,19-Dec,Electronic City,Shntie ,530.0,1.0,1.0,13.5,1
Super built-up  Area,Ready To Move,Electronic City,GMown E,1070.0,2.0,1.0,53.0,2
Super built-up  Area,17-Oct,Electronic City,Prarkun,1571.0,3.0,2.0,83.0,3
Super built-up  Area,Ready To Move,Electronic City,DSgmax ,1470.0,2.0,1.0,44.1,3
Super built-up  Area,Ready To Move,Electronic City,Palleon,1350.0,3.0,2.0,66.0,3
Super built-up  Area,Ready To Move,Electronic City,SJityVe,1652.0,3.0,3.0,110.0,3
Built-up  Area,Ready To Move,Electronic City,KBityo ,1050.0,2.0,1.0,39.0,3
Super built-up  Area,18-Aug,Electronic City,Prarkun,1128.0,2.0,1.0,65.58,2
Super built-up  Area,18-Apr,Electronic City,Prarkun,1355.0,2.0,1.0,97.6,2
Built-up  Area,Ready To Move,Electronic City,Palleon,635.0,1.0,1.0,28.0,1
Super built-up  Area,18-Aug,Electronic City,Prarkun,1128.0,2.0,1.0,65.4,2
Super built-up  Area,Ready To Move,Electronic City,SraveSL,1096.0,2.0,2.0,39.0,2
Super built-up  Area,Ready To Move,Electronic City,Music C,1150.0,2.0,1.0,38.0,2
Super built-up  Area,18-Apr,Electronic City,Prarkun,1355.0,2.0,1.0,72.9,2
Built-up  Area,Ready To Move,Electronic City,Itvir M,1150.0,2.0,2.0,35.0,2
Super built-up  Area,Ready To Move,Electronic City,SJityVe,1609.0,3.0,3.0,115.0,3
Built-up  Area,Ready To Move,Electronic City,GMown E,770.0,1.0,1.0,35.0,2
Built-up  Area,18-Dec,Electronic City,Itelaa ,1020.0,2.0,1.0,29.45,2
Super built-up  Area,Ready To Move,Electronic City,Palleon,865.0,2.0,1.0,40.0,2
Built-up  Area,Ready To Move,Electronic City,Mavanru,800.0,2.0,2.0,32.0,2
Super built-up  Area,Ready To Move,Electronic City,Shncy R,970.0,2.0,2.0,34.0,2
Super built-up  Area,Ready To Move,Electronic City,Prarkun,1108.0,2.0,1.0,63.0,2
Super built-up  Area,18-Apr,Electronic City,Prarkun,630.0,1.0,1.0,40.5,1
Super built-up  Area,Ready To Move,Electronic City,Music C,1100.0,2.0,1.0,41.0,2
Super built-up  Area,Ready To Move,Electronic City,MavanK ,975.0,2.0,1.0,32.0,2
Super built-up  Area,Ready To Move,Electronic City,Sidin J,605.0,1.0,1.0,22.0,1
Built-up  Area,Ready To Move,Electronic City,VHistal,1142.0,2.0,0.0,35.0,2
Super built-up  Area,Ready To Move,Electronic City,GMown E,1070.0,2.0,1.0,48.0,2
Super built-up  Area,Ready To Move,Electronic City,Itvir M,1160.0,2.0,2.0,42.0,3
Super built-up  Area,Ready To Move,Electronic City,GMown E,1360.0,2.0,1.0,70.0,3
Super built-up  Area,Ready To Move,Electronic City,Palleon,635.0,1.0,0.0,28.0,1
Super built-up  Area,18-Apr,Electronic City,Prarkun,1128.0,2.0,1.0,65.45,2
Super built-up  Area,Ready To Move,Electronic City,MVnexde,890.0,2.0,1.0,40.0,2
Super built-up  Area,Ready To Move,Electronic City,Puncyya,1127.0,2.0,2.0,32.0,2
Super built-up  Area,Ready To Move,Electronic City,KBityo ,825.0,2.0,1.0,35.0,2
Super built-up  Area,Ready To Move,Electronic City,Elodsre,1200.0,2.0,2.0,40.5,2
Super built-up  Area,Ready To Move,Electronic City,GMown E,1360.0,2.0,1.0,58.0,3
Super built-up  Area,18-Jan,Electronic City,Prarkun,630.0,1.0,1.0,46.0,1
Super built-up  Area,18-Aug,Electronic City,Prarkun,630.0,1.0,1.0,33.7,1
Super built-up  Area,Ready To Move,Electronic City,Itvir M,1160.0,2.0,2.0,42.0,3
Super built-up  Area,Ready To Move,Electronic City,Itelaa ,660.0,1.0,1.0,16.5,2
Built-up  Area,Ready To Move,Electronic City,DSgmax ,1287.0,3.0,1.0,55.0,3
Super built-up  Area,Ready To Move,Electronic City,Goty  E,1258.0,2.0,1.0,85.5,2
Built-up  Area,Ready To Move,Electronic City,Prarkun,1386.0,2.0,1.0,85.0,2
Built-up  Area,Ready To Move,Electronic City,GMown E,550.0,1.0,1.0,27.0,1
Super built-up  Area,Ready To Move,Electronic City,GMown E,1025.0,2.0,1.0,50.0,2
Super built-up  Area,Ready To Move,Electronic City,GMown E,1070.0,2.0,1.0,55.0,2
Super built-up  Area,18-Apr,Electronic City,Prarkun,1342.0,2.0,1.0,72.0,2
Built-up  Area,Ready To Move,Electronic City,Emodsel,1275.0,3.0,1.0,70.0,3
Super built-up  Area,Ready To Move,Electronic City,GMown E,770.0,1.0,1.0,38.0,2
Super built-up  Area,Ready To Move,Electronic City,YCnce R,1110.0,2.0,1.0,39.9,2
Super built-up  Area,Ready To Move,Electronic City,Itelaa ,660.0,1.0,1.0,23.0,2
Super built-up  Area,17-Jun,Electronic City,Prarkun,1644.0,3.0,2.0,92.59,3
Built-up  Area,Ready To Move,Electronic City,Prhtsua,1250.0,2.0,1.0,62.0,2
Super built-up  Area,18-Apr,Electronic City,Prarkun,1128.0,2.0,1.0,64.8,2
Built-up  Area,Ready To Move,Electronic City,GMown E,1060.0,2.0,1.0,55.0,2
Super built-up  Area,21-Dec,Electronic City,KonteiT,710.0,1.0,1.0,40.42,1
Built-up  Area,Ready To Move,Electronic City,Itelaa ,870.0,2.0,2.0,24.0,2
Super built-up  Area,Ready To Move,Electronic City,Pao 3ow,1275.0,3.0,3.0,63.43,3
Super built-up  Area,Ready To Move,Electronic City,Briumri,1518.0,3.0,3.0,75.0,3
Super built-up  Area,Ready To Move,Electronic City,GMown E,1060.0,2.0,1.0,55.0,2
Super built-up  Area,Ready To Move,Electronic City,SJityVe,1353.0,2.0,3.0,75.0,2
Super built-up  Area,18-Jul,Electronic City,Prarkun,1128.0,2.0,1.0,67.0,2
Built-up  Area,17-Jul,Electronic City,GMown E,1070.0,2.0,1.0,57.0,2
Built-up  Area,Ready To Move,Electronic City,BrnoxEq,1700.0,3.0,2.0,90.0,3
Super built-up  Area,Ready To Move,Electronic City,Elodsre,1521.0,2.0,2.0,57.5,3
Built-up  Area,Ready To Move,Electronic City,DSgmax ,1210.0,2.0,1.0,55.0,2
Built-up  Area,17-Jun,Electronic City,GMown E,1070.0,2.0,1.0,60.0,2
Super built-up  Area,Ready To Move,Electronic City,MAnceun,1190.0,2.0,1.0,42.0,2
Super built-up  Area,Ready To Move,Electronic City,DSgmax ,1150.0,2.0,1.0,38.08,2
Super built-up  Area,18-Jul,Electronic City,Prarkun,1615.0,3.0,2.0,97.0,3
Super built-up  Area,Ready To Move,Electronic City,Briumri,1221.0,2.0,2.0,68.0,2
Super built-up  Area,Ready To Move,Electronic City,MancyEl,970.0,2.0,1.0,35.0,2
Super built-up  Area,Ready To Move,Electronic City,Palleon,995.0,2.0,1.0,48.0,2
Super built-up  Area,Ready To Move,Electronic City,Prarkun,1342.0,2.0,1.0,90.0,2
Super built-up  Area,18-Apr,Electronic City,Prarkun,1128.0,2.0,1.0,63.5,2
Super built-up  Area,Ready To Move,Electronic City,Itvir M,589.0,1.0,1.0,29.0,1
Super built-up  Area,Ready To Move,Electronic City,KBityo ,825.0,2.0,1.0,30.0,2
Super built-up  Area,Ready To Move,Electronic City,Goty  E,1575.0,3.0,1.0,94.5,3
Super built-up  Area,Ready To Move,Electronic City,GMown E,1070.0,2.0,1.0,48.0,2
Super built-up  Area,Ready To Move,Electronic City,GMown E,1025.0,2.0,1.0,54.0,2
Super built-up  Area,Ready To Move,Electronic City,GMown E,1500.0,2.0,1.0,70.0,3
Super built-up  Area,Ready To Move,Electronic City,GMown E,1500.0,2.0,1.0,64.5,3
Super built-up  Area,21-Dec,Electronic City,KonteiT,2093.0,4.0,2.0,134.0,4
Built-up  Area,Ready To Move,Electronic City,Itelaa ,750.0,2.0,1.0,19.5,2
Super built-up  Area,18-Apr,Electronic City,Prarkun,1355.0,2.0,1.0,73.0,2
Super built-up  Area,Ready To Move,Electronic City,GMown E,1360.0,2.0,1.0,64.99,3
Super built-up  Area,Ready To Move,Electronic City,GMown E,1060.0,2.0,1.0,52.0,2
Super built-up  Area,19-Dec,Electronic City Phase II,Coomee ,1056.0,2.0,1.0,39.07,2
Super built-up  Area,18-Jul,Electronic City Phase II,Sryalan,1020.0,2.0,1.0,30.6,2
Super built-up  Area,Ready To Move,Electronic City Phase II,Coush W,1069.0,2.0,2.0,45.0,2
Super built-up  Area,18-May,Electronic City Phase II,SNbay G,630.0,1.0,1.0,28.35,1
Super built-up  Area,18-May,Electronic City Phase II,Sryalan,1220.0,2.0,1.0,35.23,3
Built-up  Area,18-Jul,Electronic City Phase II,Sryalan,1090.0,2.0,1.0,28.34,2
Super built-up  Area,18-Dec,Electronic City Phase II,SNbay G,2225.0,4.0,0.0,98.88,4
Built-up  Area,18-Jul,Electronic City Phase II,Sryalan,1400.0,2.0,1.0,40.43,3
Super built-up  Area,Ready To Move,Electronic City Phase II,SJmesst,1266.0,2.0,2.0,59.0,2
Super built-up  Area,18-Aug,Electronic City Phase II,Sryalan,1000.0,2.0,1.0,28.88,2
Built-up  Area,18-Dec,Electronic City Phase II,Sryalan,1320.0,2.0,1.0,38.13,3
Built-up  Area,18-Aug,Electronic City Phase II,Sryalan,1220.0,3.0,1.0,35.23,3
Super built-up  Area,18-Jul,Electronic City Phase II,MJtroty,972.0,2.0,1.0,44.0,2
Super built-up  Area,18-Apr,Electronic City Phase II,MJtroty,1003.0,2.0,1.0,40.6,2
Built-up  Area,18-Aug,Electronic City Phase II,Sryalan,1320.0,2.0,1.0,38.12,3
Super built-up  Area,18-May,Electronic City Phase II,SNbay G,1395.0,2.0,1.0,62.78,3
Built-up  Area,18-Aug,Electronic City Phase II,Sryalan,1160.0,2.0,1.0,33.5,2
Super built-up  Area,18-May,Electronic City Phase II,Sryalan,1065.0,2.0,1.0,30.75,2
Super built-up  Area,18-Jul,Electronic City Phase II,Sryalan,1400.0,2.0,2.0,41.58,3
Built-up  Area,18-Aug,Electronic City Phase II,Sryalan,1000.0,2.0,1.0,28.88,2
Super built-up  Area,18-May,Electronic City Phase II,Sryalan,1400.0,2.0,2.0,40.43,3
Super built-up  Area,Ready To Move,Electronic City Phase II,Riodsri,900.0,2.0,2.0,32.5,2
Super built-up  Area,18-Apr,Electronic City Phase II,MJtroty,1329.0,2.0,2.0,41.0,3
Built-up  Area,18-Dec,Electronic City Phase II,Sryalan,1220.0,3.0,1.0,35.23,3
Super built-up  Area,18-May,Electronic City Phase II,Coomee ,1418.0,3.0,2.0,52.47,3
Built-up  Area,Ready To Move,Electronic City Phase II,Coush W,1070.0,2.0,2.0,45.0,2
Built-up  Area,18-Aug,Electronic City Phase II,Sryalan,1310.0,2.0,1.0,37.83,3
Built-up  Area,18-Aug,Electronic City Phase II,Sryalan,1140.0,2.0,1.0,33.06,2
Super built-up  Area,18-May,Electronic City Phase II,Sryalan,1400.0,2.0,2.0,40.44,3
Super built-up  Area,18-May,Electronic City Phase II,Sryalan,1160.0,2.0,1.0,33.5,2
Super built-up  Area,Ready To Move,Electronic City Phase II,Assha A,975.0,2.0,2.0,45.0,3
Super built-up  Area,Ready To Move,Electronic City Phase II,MJtroty,1116.0,2.0,2.0,37.0,2
Built-up  Area,18-Aug,Electronic City Phase II,Sryalan,1125.0,2.0,1.0,29.25,2
Super built-up  Area,18-May,Electronic City Phase II,Sryalan,1000.0,2.0,1.0,28.88,2
Super built-up  Area,18-Aug,Electronic City Phase II,Sryalan,1000.0,2.0,1.0,28.88,2
Built-up  Area,18-Dec,Electronic City Phase II,Sryalan,1000.0,2.0,1.0,28.88,2
Built-up  Area,18-Jul,Electronic City Phase II,Sryalan,1165.0,2.0,1.0,30.29,2
Super built-up  Area,19-Dec,Electronic City Phase II,DSineSt,1611.0,2.0,2.0,48.33,3
Built-up  Area,18-Aug,Electronic City Phase II,Sryalan,1065.0,2.0,1.0,30.88,2
Built-up  Area,18-Jul,Electronic City Phase II,Sryalan,1220.0,3.0,1.0,36.6,3
Built-up  Area,18-Jul,Electronic City Phase II,Sryalan,1320.0,2.0,1.0,38.13,3
Super built-up  Area,Ready To Move,Electronic City Phase II,Rie 2ri,920.0,2.0,2.0,26.0,2
Super built-up  Area,18-Apr,Electronic City Phase II,Sryalan,1140.0,2.0,1.0,33.84,2
Built-up  Area,18-Aug,Electronic City Phase II,Sryalan,1125.0,2.0,1.0,32.49,2
Super built-up  Area,18-Aug,Electronic City Phase II,Sryalan,1310.0,2.0,2.0,37.83,3
Super built-up  Area,18-Apr,Electronic City Phase II,Sryalan,1220.0,2.0,1.0,36.21,3
Super built-up  Area,18-May,Electronic City Phase II,Sryalan,1140.0,2.0,1.0,32.92,2
Super built-up  Area,18-May,Electronic City Phase II,MJtroty,1116.0,2.0,2.0,40.0,2
Built-up  Area,Ready To Move,Electronic City Phase II,Sravehi,1150.0,3.0,3.0,46.0,3
Super built-up  Area,Ready To Move,Electronic City Phase II,Rie 2ri,1502.0,3.0,3.0,50.0,3
Super built-up  Area,Ready To Move,Electronic City Phase II,Prvanai,1020.0,2.0,2.0,32.0,2
Super built-up  Area,18-Jul,Electronic City Phase II,Sryalan,1020.0,2.0,1.0,27.43,2
Built-up  Area,18-Jul,Electronic City Phase II,Sryalan,1025.0,2.0,1.0,26.65,2
Built-up  Area,18-Aug,Electronic City Phase II,Sryalan,1020.0,2.0,1.0,29.45,2
Built-up  Area,18-Aug,Electronic City Phase II,Sryalan,1000.0,2.0,1.0,28.88,2
Built-up  Area,18-Dec,Electronic City Phase II,Sryalan,1310.0,2.0,1.0,37.84,3
Super built-up  Area,18-May,Electronic City Phase II,Sryalan,1125.0,2.0,1.0,32.49,2
Super built-up  Area,18-May,Electronic City Phase II,Sryalan,1200.0,2.0,1.0,34.65,2
Super built-up  Area,18-May,Electronic City Phase II,SNbay G,1160.0,2.0,1.0,52.2,2
Super built-up  Area,18-Jun,Electronic City Phase II,Coomee ,1244.0,2.0,1.0,55.0,2
Built-up  Area,18-Aug,Electronic City Phase II,Sryalan,1160.0,2.0,1.0,33.51,2
Built-up  Area,18-Aug,Electronic City Phase II,Sryalan,1220.0,3.0,1.0,35.25,3
Super built-up  Area,19-Dec,Electronic City Phase II,DSineSt,1625.0,2.0,2.0,48.75,3
Super built-up  Area,18-May,Electronic City Phase II,MJtroty,972.0,2.0,1.0,40.0,2
Built-up  Area,18-Dec,Electronic City Phase II,Sryalan,1160.0,2.0,1.0,33.51,2
Super built-up  Area,18-May,Electronic City Phase II,Sryalan,1400.0,2.0,2.0,40.45,3
Built-up  Area,18-Jul,Electronic City Phase II,Sryalan,1090.0,2.0,1.0,31.48,2
Built-up  Area,18-Aug,Electronic City Phase II,Sryalan,1140.0,2.0,1.0,32.92,2
Super built-up  Area,18-May,Electronic City Phase II,Sryalan,1160.0,2.0,1.0,33.5,2
Built-up  Area,18-Aug,Electronic City Phase II,Sryalan,1025.0,2.0,1.0,29.6,2
Super built-up  Area,18-May,Electronic City Phase II,Sryalan,1320.0,2.0,1.0,38.12,3
Built-up  Area,18-Dec,Electronic City Phase II,Sryalan,1125.0,2.0,1.0,32.63,2
Super built-up  Area,18-Apr,Electronic City Phase II,Sryalan,1140.0,2.0,1.0,34.0,2
Super built-up  Area,18-May,Electronic City Phase II,Sryalan,1310.0,2.0,1.0,37.84,3
Built-up  Area,18-Aug,Electronic City Phase II,Sryalan,1400.0,2.0,2.0,40.43,3
Super built-up  Area,Ready To Move,Electronic City Phase II,Rie 2ri,1135.0,2.0,2.0,46.0,2
Built-up  Area,18-Aug,Electronic City Phase II,Sryalan,1165.0,2.0,1.0,33.64,2
Built-up  Area,18-Jul,Electronic City Phase II,Sryalan,1400.0,2.0,2.0,40.44,3
Super built-up  Area,18-May,Electronic City Phase II,MJtroty,1336.0,2.0,3.0,50.35,3
Built-up  Area,18-Dec,Electronic City Phase II,Sryalan,1065.0,2.0,1.0,30.76,2
Built-up  Area,18-Aug,Electronic City Phase II,Sryalan,1065.0,2.0,1.0,30.75,2
Built-up  Area,18-Dec,Electronic City Phase II,Sryalan,1140.0,2.0,1.0,33.06,2
Built-up  Area,18-Aug,Electronic City Phase II,Sryalan,1200.0,2.0,1.0,34.65,2
Super built-up  Area,18-May,Electronic City Phase II,Sryalan,1310.0,2.0,1.0,37.83,3
Super built-up  Area,19-Dec,Electronic City Phase II,DSineSt,1651.0,3.0,1.0,49.53,3
Super built-up  Area,Ready To Move,Electronics City Phase 1,SNdri N,1475.0,3.0,2.0,78.29,3
Built-up  Area,Ready To Move,Electronics City Phase 1,GaicaVe,1490.0,3.0,1.0,78.8,3
Super built-up  Area,Ready To Move,Electronics City Phase 1,Courf T,1113.27,2.0,2.0,53.0,2
Super built-up  Area,Ready To Move,Electronics City Phase 1,GaicaVe,1490.0,3.0,1.0,84.0,3
Super built-up  Area,Ready To Move,Electronics City Phase 1,Shitt S,1175.0,2.0,2.0,51.47,2
Built-up  Area,Ready To Move,Electronics City Phase 1,SNavenc,920.0,2.0,2.0,33.0,2
Super built-up  Area,Ready To Move,Electronics City Phase 1,GaicaVe,1750.0,3.0,2.0,84.0,3
Built-up  Area,Ready To Move,Electronics City Phase 1,GaicaVe,1015.0,2.0,1.0,56.0,2
Super built-up  Area,18-Apr,Electronics City Phase 1,Shitt S,1595.0,3.0,2.0,75.0,3
Super built-up  Area,Ready To Move,Electronics City Phase 1,SNdri N,1515.0,2.0,1.0,80.91,3
Super built-up  Area,Ready To Move,Electronics City Phase 1,SNdri N,1555.0,2.0,1.0,82.0,3
Built-up  Area,18-Jul,Electronics City Phase 1,Shitt S,1340.0,2.0,2.0,75.0,2
Super built-up  Area,Ready To Move,Electronics City Phase 1,Courf T,1124.0,2.0,2.0,55.0,3
Super built-up  Area,18-May,Electronics City Phase 1,Shitt S,1175.0,2.0,1.0,57.0,2
Super built-up  Area,18-Dec,Electronics City Phase 1,Shitt S,755.0,1.0,1.0,42.41,1
Built-up  Area,Ready To Move,Electronics City Phase 1,PaownNe,580.0,1.0,1.0,27.0,1
Built-up  Area,Ready To Move,Electronics City Phase 1,Solle V,940.0,2.0,2.0,49.0,2
Super built-up  Area,19-Dec,Electronics City Phase 1,Shitt S,1335.0,2.0,2.0,67.0,2
Super built-up  Area,18-May,Electronics City Phase 1,Shitt S,1175.0,2.0,1.0,69.0,2
Super built-up  Area,Ready To Move,Electronics City Phase 1,Courf T,1113.12,2.0,2.0,55.0,2
Built-up  Area,Ready To Move,Electronics City Phase 1,Prmes H,635.0,1.0,0.0,26.0,1
Super built-up  Area,18-May,Electronics City Phase 1,Shitt S,1190.0,2.0,1.0,68.0,2
Super built-up  Area,Ready To Move,Electronics City Phase 1,PisomSu,1085.0,2.0,1.0,46.0,2
Super built-up  Area,19-Dec,Electronics City Phase 1,Shitt S,1450.0,3.0,2.0,72.54,3
Super built-up  Area,18-Dec,Electronics City Phase 1,Shitt S,1175.0,2.0,2.0,64.98,2
Super built-up  Area,19-Dec,Electronics City Phase 1,Shitt S,1200.0,2.0,2.0,59.76,2
Super built-up  Area,18-Mar,Electronics City Phase 1,Shitt S,1145.0,2.0,1.0,54.0,2
Super built-up  Area,Ready To Move,Electronics City Phase 1,PSmalsh,1125.0,2.0,2.0,65.0,2
Super built-up  Area,Ready To Move,Electronics City Phase 1,Shiaa S,1550.0,2.0,2.0,82.0,3
Super built-up  Area,Ready To Move,Electronics City Phase 1,Avine A,1175.0,2.0,1.0,50.0,2
Super built-up  Area,17-Jun,Electronics City Phase 1,Shitt S,1450.0,3.0,1.0,70.0,3
Super built-up  Area,Ready To Move,Electronics City Phase 1,Shitt S,1450.0,2.0,2.0,63.51,3
Super built-up  Area,18-Dec,Electronics City Phase 1,Shitt S,1450.0,3.0,2.0,58.0,3
Super built-up  Area,18-Jul,Electronics City Phase 1,Maavera,1314.0,2.0,2.0,60.0,2
Super built-up  Area,18-Apr,Electronics City Phase 1,Shitt S,1170.0,2.0,1.0,62.0,2
Super built-up  Area,18-Dec,Electronics City Phase 1,Shitt S,1450.0,3.0,2.0,79.0,3
Built-up  Area,Ready To Move,Electronics City Phase 1,Raenti ,1080.0,2.0,2.0,46.0,2
Super built-up  Area,18-May,Electronics City Phase 1,Shitt S,1205.0,2.0,2.0,60.0,2
Super built-up  Area,18-Jun,Electronics City Phase 1,Shitt S,1305.0,2.0,1.0,67.0,2
Super built-up  Area,Ready To Move,Electronics City Phase 1,Shitt S,755.0,1.0,0.0,30.12,1
Super built-up  Area,Ready To Move,Electronics City Phase 1,Shitt S,1175.0,2.0,1.0,60.0,2
Super built-up  Area,Ready To Move,Frazer Town,CaaveEn,1700.0,3.0,1.0,180.0,3
Super built-up  Area,Ready To Move,Frazer Town,Bamita ,1870.0,3.0,3.0,185.0,3
Super built-up  Area,Ready To Move,Frazer Town,Asareur,1750.0,3.0,2.0,150.0,3
Built-up  Area,Ready To Move,Frazer Town,Nanorkr,3500.0,4.0,2.0,330.0,3
Super built-up  Area,Ready To Move,Frazer Town,Asneren,1550.0,2.0,2.0,140.0,2
Built-up  Area,Ready To Move,Frazer Town,Clint E,1900.0,4.0,2.0,145.0,3
Super built-up  Area,Ready To Move,Frazer Town,Prook M,2560.0,3.0,2.0,265.0,3
Super built-up  Area,Ready To Move,Frazer Town,Meentan,4856.0,5.0,3.0,410.0,4
Built-up  Area,Ready To Move,Frazer Town,Elrisnt,1315.0,2.0,2.0,140.0,2
Built-up  Area,Ready To Move,Frazer Town,Asuilnc,3435.0,2.0,1.0,341.0,4
Super built-up  Area,Ready To Move,Frazer Town,Tusom B,5400.0,3.0,2.0,400.0,3
Super built-up  Area,Ready To Move,Frazer Town,Bamita ,1870.0,3.0,3.0,180.0,3
Built-up  Area,Ready To Move,Frazer Town,Saentpa,1420.0,2.0,0.0,120.0,2
Built-up  Area,Ready To Move,Gollarapalya Hosahalli,Mauner ,861.0,2.0,1.0,34.5,2
Super built-up  Area,Ready To Move,Gollarapalya Hosahalli,Mauner ,1408.0,3.0,3.0,62.0,3
Built-up  Area,Ready To Move,Gollarapalya Hosahalli,Mauner ,861.0,2.0,1.0,34.5,2
Super built-up  Area,Ready To Move,Gollarapalya Hosahalli,Mauner ,1318.0,3.0,1.0,54.0,3
Built-up  Area,Ready To Move,Gollarapalya Hosahalli,Mauner ,861.0,2.0,0.0,36.5,2
Super built-up  Area,Ready To Move,Gollarapalya Hosahalli,Mauner ,1320.0,3.0,2.0,60.0,3
Built-up  Area,Ready To Move,Gollarapalya Hosahalli,Mauner ,1345.0,3.0,2.0,60.0,3
Super built-up  Area,Ready To Move,Gollarapalya Hosahalli,Mauner ,1318.0,3.0,2.0,56.0,3
Super built-up  Area,Ready To Move,Gollarapalya Hosahalli,Mauner ,1129.0,2.0,1.0,50.0,2
Super built-up  Area,Ready To Move,Gottigere,Sklls C,1618.0,3.0,3.0,82.5,3
Super built-up  Area,Ready To Move,Gottigere,Krryll ,1222.0,2.0,1.0,63.0,2
Super built-up  Area,Ready To Move,Gottigere,M denGa,1153.0,2.0,1.0,48.5,2
Super built-up  Area,Ready To Move,Gottigere,Srtusi ,1460.0,2.0,2.0,65.0,3
Super built-up  Area,Ready To Move,Gottigere,Pridei ,1500.0,3.0,2.0,70.0,3
Super built-up  Area,Ready To Move,Gottigere,Sooutnu,1621.0,3.0,3.0,72.0,3
Super built-up  Area,Ready To Move,Gottigere,Drente ,990.0,2.0,1.0,40.0,2
Super built-up  Area,Ready To Move,Gottigere,Sklls C,1235.0,2.0,2.0,63.0,2
Super built-up  Area,Ready To Move,Gottigere,JaghtDe,1385.0,3.0,2.0,64.0,3
Super built-up  Area,Ready To Move,Gottigere,Srncyla,1000.0,2.0,1.0,35.0,2
Super built-up  Area,Ready To Move,Gottigere,Srncyla,1010.0,2.0,1.0,35.0,2
Super built-up  Area,Ready To Move,Gottigere,Apentir,1385.0,2.0,2.0,50.0,3
Super built-up  Area,Ready To Move,Gottigere,Krryll ,1435.0,2.0,3.0,62.0,3
Built-up  Area,Ready To Move,Gottigere,Skvasa ,945.0,2.0,0.0,45.0,2
Super built-up  Area,Ready To Move,Gottigere,MBireap,1230.0,2.0,2.0,52.0,3
Super built-up  Area,Ready To Move,Gottigere,Pridei ,1120.0,2.0,2.0,50.0,2
Super built-up  Area,Ready To Move,Gottigere,Pridei ,1500.0,3.0,2.0,63.0,3
Super built-up  Area,Ready To Move,Gottigere,Sklls C,1205.0,2.0,1.0,56.58,2
Super built-up  Area,Ready To Move,Gottigere,Sklls C,1613.0,3.0,3.0,72.0,3
Super built-up  Area,Ready To Move,Gottigere,SMshi M,1245.0,2.0,2.0,59.0,2
Super built-up  Area,Ready To Move,Gottigere,i1ncyRe,1200.0,2.0,2.0,50.0,2
Built-up  Area,Ready To Move,Green Glen Layout,Soweray,1670.0,3.0,2.0,120.0,3
Super built-up  Area,Ready To Move,Green Glen Layout,Solia D,1776.42,3.0,2.0,105.0,3
Built-up  Area,Ready To Move,Green Glen Layout,Mazzo P,940.0,2.0,1.0,56.8,2
Built-up  Area,Ready To Move,Green Glen Layout,Blisera,1075.0,2.0,1.0,60.0,2
Super built-up  Area,Ready To Move,Green Glen Layout,Soionar,1715.0,3.0,2.0,115.0,3
Super built-up  Area,Ready To Move,Green Glen Layout,Soweray,1751.0,2.0,1.0,115.0,3
Super built-up  Area,Ready To Move,Green Glen Layout,Soinequ,1530.0,3.0,2.0,105.0,3
Super built-up  Area,Ready To Move,Green Glen Layout,Solia D,1752.0,3.0,2.0,105.0,3
Super built-up  Area,Ready To Move,Green Glen Layout,VVbhion,1680.0,4.0,3.0,95.0,3
Super built-up  Area,Ready To Move,Green Glen Layout,Soweray,1728.0,3.0,2.0,125.0,3
Super built-up  Area,Ready To Move,Green Glen Layout,SoosePr,1645.0,3.0,2.0,110.0,3
Super built-up  Area,Ready To Move,Green Glen Layout,Soinequ,1517.0,3.0,3.0,100.0,3
Super built-up  Area,Ready To Move,Green Glen Layout,Soweray,1750.0,3.0,2.0,120.0,3
Super built-up  Area,Ready To Move,Green Glen Layout,Soweray,1751.0,3.0,2.0,115.0,3
Super built-up  Area,Ready To Move,Green Glen Layout,Solia D,1750.0,3.0,2.0,105.0,3
Super built-up  Area,Ready To Move,Green Glen Layout,Sortz Q,1885.0,3.0,2.0,135.0,3
Super built-up  Area,Ready To Move,Green Glen Layout,SoosePr,1715.0,3.0,3.0,120.0,3
Super built-up  Area,Ready To Move,Green Glen Layout,SoosePr,1623.29,2.0,2.0,105.0,3
Super built-up  Area,Ready To Move,Green Glen Layout,Soionar,1715.0,3.0,3.0,115.0,3
Super built-up  Area,Ready To Move,Green Glen Layout,SoosePr,1715.0,3.0,2.0,105.0,3
Built-up  Area,Ready To Move,Green Glen Layout,Soionar,1600.0,3.0,3.0,105.0,3
Super built-up  Area,Ready To Move,Green Glen Layout,Soweray,1717.0,3.0,3.0,125.0,3
Super built-up  Area,Ready To Move,Green Glen Layout,SoosePr,1715.0,3.0,3.0,112.0,3
Super built-up  Area,Ready To Move,Gubbalala,MauilTr,1470.0,2.0,2.0,82.0,3
Super built-up  Area,Ready To Move,Gubbalala,MauilTr,1745.0,3.0,2.0,125.0,3
Super built-up  Area,Ready To Move,Gubbalala,MauilTr,1745.0,3.0,2.0,104.0,3
Super built-up  Area,Ready To Move,Gubbalala,MauilTr,1745.0,3.0,2.0,115.0,3
Super built-up  Area,Ready To Move,Gubbalala,MauilTr,1745.0,3.0,2.0,110.0,3
Super built-up  Area,Ready To Move,Gubbalala,MauilTr,1205.0,2.0,2.0,70.0,2
Super built-up  Area,Ready To Move,Gubbalala,MauilTr,1435.0,2.0,2.0,80.0,3
Super built-up  Area,Ready To Move,Gubbalala,MauilTr,1475.0,2.0,2.0,80.0,2
Super built-up  Area,Ready To Move,Gubbalala,MauilTr,2000.0,3.0,3.0,125.0,3
Super built-up  Area,Ready To Move,Gubbalala,MauilTr,1285.0,2.0,2.0,90.0,2
Super built-up  Area,18-Apr,Gunjur,BMineis,1140.0,2.0,3.0,43.0,2
Built-up  Area,Ready To Move,Gunjur,NDrelau,1600.0,3.0,3.0,75.0,3
Super built-up  Area,18-Aug,Gunjur,BMineis,1140.0,2.0,2.0,49.11,2
Super built-up  Area,Ready To Move,Gunjur,Puide P,1195.0,2.0,2.0,44.0,2
Built-up  Area,18-Mar,Gunjur,Paestol,1457.0,2.0,3.0,60.0,2
Super built-up  Area,Ready To Move,Gunjur,Akncyes,1080.0,2.0,2.0,41.0,2
Super built-up  Area,Ready To Move,Gunjur,Paestol,2132.0,3.0,3.0,80.0,3
Super built-up  Area,Ready To Move,Gunjur,Paestol,1800.0,3.0,1.0,70.0,3
Super built-up  Area,Ready To Move,Gunjur,Akncyes,1175.0,2.0,2.0,43.48,2
Super built-up  Area,Ready To Move,Gunjur,DSerste,1362.0,3.0,2.0,62.63,3
Super built-up  Area,Ready To Move,Gunjur,DSoodSh,1063.0,2.0,2.0,40.0,2
Super built-up  Area,18-Aug,Gunjur,BMineis,1235.0,2.0,2.0,52.76,2
Super built-up  Area,Ready To Move,Gunjur,DSerste,1362.0,3.0,1.0,62.63,3
Super built-up  Area,Ready To Move,Gunjur,DSerste,1362.0,3.0,1.0,62.63,3
Super built-up  Area,Ready To Move,Gunjur,Paestol,1457.0,2.0,3.0,60.0,2
Super built-up  Area,Ready To Move,HSR Layout,NRosete,1400.0,3.0,2.0,56.0,3
Super built-up  Area,Ready To Move,HSR Layout,SrisePo,1372.0,2.0,1.0,68.0,2
Super built-up  Area,Ready To Move,HSR Layout,NRosete,1140.0,2.0,2.0,46.0,2
Super built-up  Area,Ready To Move,HSR Layout,SrisePo,1372.0,2.0,1.0,61.0,2
Super built-up  Area,Ready To Move,HSR Layout,Klort C,1750.0,3.0,2.0,95.0,3
Super built-up  Area,Ready To Move,HSR Layout,NRosete,1140.0,2.0,2.0,46.0,2
Super built-up  Area,Ready To Move,HSR Layout,SrisePo,1372.0,2.0,1.0,61.0,2
Super built-up  Area,Ready To Move,HSR Layout,NRosete,1140.0,2.0,2.0,46.0,2
Super built-up  Area,Ready To Move,HSR Layout,SruntFa,1127.0,2.0,1.0,68.0,2
Super built-up  Area,Ready To Move,HSR Layout,NRosete,1145.0,2.0,2.0,48.0,2
Super built-up  Area,Ready To Move,HSR Layout,Ammesss,1009.0,2.0,2.0,56.0,2
Super built-up  Area,Ready To Move,HSR Layout,NRosete,1140.0,2.0,2.0,46.0,2
Built-up  Area,Ready To Move,HSR Layout,SruntFa,1126.0,2.0,1.0,69.0,2
Built-up  Area,Ready To Move,HSR Layout,B ncysi,1360.0,2.0,1.0,53.0,3
Super built-up  Area,Ready To Move,HSR Layout,NRosete,1140.0,2.0,2.0,46.0,2
Super built-up  Area,Ready To Move,HSR Layout,NRosete,1145.0,2.0,2.0,46.0,2
Super built-up  Area,Ready To Move,HSR Layout,Siestr ,1142.0,2.0,2.0,65.0,2
Super built-up  Area,Ready To Move,HSR Layout,NRosete,1145.0,2.0,2.0,46.0,2
Super built-up  Area,Ready To Move,HSR Layout,SrisePo,1844.0,3.0,3.0,95.0,3
Built-up  Area,Ready To Move,HSR Layout,VaiewV ,1203.0,2.0,2.0,72.0,2
Super built-up  Area,Ready To Move,HSR Layout,NRosete,1140.0,2.0,2.0,46.0,2
Super built-up  Area,Ready To Move,HSR Layout,NRosete,1140.0,2.0,2.0,46.0,2
Super built-up  Area,Ready To Move,HSR Layout,NRosete,1145.0,2.0,2.0,46.0,2
Super built-up  Area,Ready To Move,HSR Layout,Ammesss,1009.0,2.0,2.0,56.0,2
Built-up  Area,Ready To Move,HSR Layout,NRosete,1145.0,2.0,2.0,46.0,2
Super built-up  Area,Ready To Move,HSR Layout,Veyal V,1100.0,2.0,2.0,44.0,2
Super built-up  Area,Ready To Move,HSR Layout,VaiewV ,1203.0,2.0,2.0,60.0,2
Super built-up  Area,Ready To Move,HSR Layout,NRosete,1140.0,2.0,2.0,46.0,2
Super built-up  Area,Ready To Move,HSR Layout,SrisePo,1844.0,3.0,1.0,89.0,3
Built-up  Area,Ready To Move,HSR Layout,VaiewV ,1203.0,2.0,2.0,60.0,2
Super built-up  Area,Ready To Move,HSR Layout,NRosete,1140.0,2.0,2.0,46.0,2
Super built-up  Area,18-Apr,Haralur Road,SNnia E,1240.0,2.0,1.0,70.0,2
Super built-up  Area,Ready To Move,Haralur Road,NRowse ,1464.0,3.0,2.0,56.0,3
Super built-up  Area,18-Dec,Haralur Road,SNnia E,2805.0,5.0,3.0,154.0,4
Super built-up  Area,Ready To Move,Haralur Road,Zostaa ,1056.0,2.0,1.0,61.0,2
Super built-up  Area,Ready To Move,Haralur Road,NRowse ,1464.0,3.0,2.0,56.0,3
Super built-up  Area,18-Jul,Haralur Road,SNnia E,1810.0,3.0,2.0,100.0,3
Super built-up  Area,Ready To Move,Haralur Road,RInceeg,1194.0,2.0,2.0,46.0,2
Super built-up  Area,18-Apr,Haralur Road,SNnia E,2805.0,4.0,3.0,154.0,4
Super built-up  Area,18-Jul,Haralur Road,SNnia E,1225.0,2.0,1.0,67.38,2
Super built-up  Area,Ready To Move,Haralur Road,DSimaUl,1920.0,3.0,1.0,115.0,3
Super built-up  Area,18-May,Haralur Road,SNnia E,1875.0,3.0,2.0,110.0,3
Super built-up  Area,Ready To Move,Haralur Road,RInceeg,1140.0,2.0,2.0,43.0,2
Super built-up  Area,Ready To Move,Haralur Road,NDionas,2017.0,3.0,2.0,125.0,3
Super built-up  Area,Ready To Move,Haralur Road,RInceeg,1140.0,2.0,2.0,43.0,2
Super built-up  Area,18-Jul,Haralur Road,SNnia E,1875.0,3.0,3.0,110.0,3
Super built-up  Area,Ready To Move,Haralur Road,NDionas,1300.0,2.0,2.0,73.0,2
Super built-up  Area,18-Aug,Haralur Road,SNnia E,1225.0,2.0,1.0,67.38,2
Super built-up  Area,Ready To Move,Haralur Road,SoronSa,3400.0,5.0,3.0,240.0,4
Super built-up  Area,Ready To Move,Haralur Road,NRowse ,1464.0,2.0,2.0,56.0,2
Super built-up  Area,18-Aug,Haralur Road,SNnia E,1230.0,2.0,1.0,78.0,2
Super built-up  Area,Ready To Move,Haralur Road,NDionas,1300.0,2.0,2.0,79.0,2
Super built-up  Area,Ready To Move,Haralur Road,NDionas,1444.0,2.0,1.0,80.0,3
Super built-up  Area,Ready To Move,Haralur Road,NRowse ,1464.0,3.0,2.0,56.0,3
Super built-up  Area,18-Mar,Haralur Road,SNnia E,1225.0,2.0,1.0,70.0,2
Super built-up  Area,Ready To Move,Haralur Road,NRowse ,1464.0,3.0,3.0,56.0,3
Super built-up  Area,18-Dec,Haralur Road,SNnia E,1830.0,3.0,2.0,101.0,3
Super built-up  Area,Ready To Move,Haralur Road,SNnia E,1810.0,3.0,2.0,126.0,3
Super built-up  Area,Ready To Move,Haralur Road,NRowse ,1464.0,2.0,2.0,56.0,2
Super built-up  Area,18-Mar,Haralur Road,SNnia E,1520.0,2.0,2.0,96.0,3
Super built-up  Area,Ready To Move,Haralur Road,NDionas,1300.0,2.0,2.0,75.0,2
Super built-up  Area,Ready To Move,Haralur Road,NDionas,2017.0,2.0,2.0,125.0,3
Super built-up  Area,18-Mar,Haralur Road,SNnia E,2805.0,5.0,3.0,160.0,4
Built-up  Area,Ready To Move,Haralur Road,NDionas,2017.0,3.0,2.0,105.0,3
Super built-up  Area,18-Mar,Haralur Road,SNnia E,1520.0,2.0,2.0,90.0,3
Super built-up  Area,18-Dec,Haralur Road,NDiteio,1985.0,3.0,2.0,130.0,3
Super built-up  Area,Ready To Move,Haralur Road,Ozensve,1255.0,2.0,1.0,90.0,3
Super built-up  Area,Ready To Move,Haralur Road,Zostaa ,1056.0,2.0,1.0,60.0,2
Built-up  Area,Ready To Move,Haralur Road,Siows M,1140.0,2.0,2.0,58.0,2
Super built-up  Area,Ready To Move,Haralur Road,Grterrr,1560.0,3.0,1.0,90.0,3
Super built-up  Area,18-Apr,Haralur Road,SNnia E,1520.0,2.0,2.0,85.0,3
Super built-up  Area,18-Aug,Haralur Road,SNnia E,2805.0,4.0,3.0,154.0,4
Super built-up  Area,18-Aug,Haralur Road,SNnia E,1520.0,2.0,2.0,96.0,3
Super built-up  Area,18-Jul,Haralur Road,SNnia E,1510.0,3.0,2.0,83.05,3
Built-up  Area,Ready To Move,Haralur Road,Zostaa ,1056.0,2.0,1.0,65.0,2
Super built-up  Area,18-Aug,Haralur Road,SNnia E,1810.0,3.0,2.0,100.0,3
Super built-up  Area,18-Mar,Haralur Road,SNnia E,575.0,1.0,1.0,38.0,1
Super built-up  Area,Ready To Move,Haralur Road,RInceeg,1140.0,2.0,2.0,43.0,2
Super built-up  Area,18-Apr,Haralur Road,SNnia E,1850.0,3.0,2.0,120.0,3
Super built-up  Area,Ready To Move,Haralur Road,NRowse ,1464.0,3.0,2.0,56.0,3
Super built-up  Area,Ready To Move,Haralur Road,DSimaUl,1730.0,3.0,1.0,95.0,3
Super built-up  Area,18-Mar,Haralur Road,SNnia E,1225.0,2.0,1.0,77.0,2
Super built-up  Area,Ready To Move,Haralur Road,NDionas,1285.0,2.0,1.0,78.0,2
Super built-up  Area,18-Aug,Haralur Road,SNnia E,1225.0,2.0,1.0,67.48,2
Super built-up  Area,18-Dec,Haralur Road,SNnia E,1225.0,2.0,1.0,69.84,2
Super built-up  Area,Ready To Move,Haralur Road,DSimaUl,1315.0,2.0,1.0,85.0,2
Super built-up  Area,Ready To Move,Haralur Road,NDionas,1300.0,2.0,2.0,75.0,2
Super built-up  Area,Ready To Move,Haralur Road,RInceeg,1140.0,2.0,2.0,43.0,2
Super built-up  Area,Ready To Move,Haralur Road,NDionas,1300.0,2.0,1.0,75.0,2
Super built-up  Area,18-Apr,Haralur Road,SNnia E,1230.0,2.0,1.0,67.65,2
Super built-up  Area,Ready To Move,Haralur Road,NRowse ,1464.0,3.0,2.0,56.0,3
Super built-up  Area,Ready To Move,Haralur Road,Ozensve,1255.0,3.0,1.0,90.0,3
Super built-up  Area,Ready To Move,Haralur Road,DSimaUl,1735.0,3.0,2.0,97.0,3
Super built-up  Area,18-Dec,Haralur Road,SNnia E,1810.0,3.0,2.0,97.83,3
Super built-up  Area,Ready To Move,Haralur Road,RInceeg,1200.0,2.0,2.0,46.0,2
Super built-up  Area,18-Feb,Haralur Road,SNnia E,1810.0,3.0,2.0,112.0,3
Super built-up  Area,Ready To Move,Harlur,Prncyrn,1174.0,2.0,1.0,69.0,2
Built-up  Area,Ready To Move,Harlur,Prncyrn,1197.0,2.0,1.0,84.0,2
Super built-up  Area,Ready To Move,Harlur,SosicCl,1757.0,3.0,2.0,132.0,3
Super built-up  Area,Ready To Move,Harlur,Prncyrn,1174.0,2.0,1.0,76.0,2
Super built-up  Area,Ready To Move,Harlur,SosicCl,1754.0,3.0,2.0,125.0,3
Super built-up  Area,Ready To Move,Harlur,Prncyrn,1290.0,2.0,1.0,85.0,2
Super built-up  Area,Ready To Move,Harlur,SosicCl,1752.12,3.0,2.0,116.0,3
Super built-up  Area,Ready To Move,Harlur,SosicCl,1754.0,3.0,2.0,124.0,3
Super built-up  Area,Ready To Move,Harlur,Prncyrn,1290.0,2.0,1.0,87.0,2
Super built-up  Area,Ready To Move,Harlur,Prncyrn,1749.0,3.0,2.0,115.0,3
Super built-up  Area,Ready To Move,Harlur,Zonce E,1884.0,4.0,2.0,120.0,4
Super built-up  Area,Ready To Move,Harlur,Prncyrn,1197.0,2.0,1.0,79.0,2
Super built-up  Area,Ready To Move,Harlur,Prncyrn,1174.0,2.0,1.0,78.0,2
Super built-up  Area,17-Jun,Harlur,Prncyrn,1197.0,2.0,1.0,79.0,2
Super built-up  Area,Ready To Move,Harlur,Prncyrn,1174.0,2.0,1.0,75.0,2
Super built-up  Area,Ready To Move,Harlur,Shodsir,1620.0,3.0,1.0,110.0,3
Super built-up  Area,Ready To Move,Harlur,Zonce E,1414.0,3.0,2.0,77.5,3
Super built-up  Area,18-Jul,Harlur,Shodsir,1630.0,3.0,1.0,95.1,3
Super built-up  Area,Ready To Move,Harlur,Prncyrn,1755.0,3.0,2.0,130.0,3
Super built-up  Area,Ready To Move,Harlur,Prncyrn,1331.0,2.0,1.0,88.0,2
Super built-up  Area,Ready To Move,Harlur,SosicCl,1756.0,3.0,2.0,128.0,3
Super built-up  Area,Ready To Move,Harlur,Prncyrn,1303.0,2.0,1.0,90.0,2
Super built-up  Area,Ready To Move,Harlur,Prncyrn,1174.0,2.0,1.0,75.0,2
Super built-up  Area,Ready To Move,Harlur,Prncyrn,1197.0,2.0,1.0,78.0,2
Super built-up  Area,Ready To Move,Harlur,Prncyrn,1290.0,2.0,1.0,89.9,2
Super built-up  Area,18-Dec,Harlur,BrriaIm,1386.0,2.0,2.0,85.0,2
Super built-up  Area,Ready To Move,Harlur,Prncyrn,1174.0,2.0,1.0,74.0,2
Super built-up  Area,Ready To Move,Harlur,Prncyrn,1174.0,2.0,1.0,78.0,2
Super built-up  Area,Ready To Move,Harlur,Prncyrn,1755.0,3.0,2.0,115.0,3
Built-up  Area,Ready To Move,Harlur,Prncyrn,2569.0,4.0,1.0,175.0,4
Super built-up  Area,Ready To Move,Harlur,Prncyrn,1197.0,2.0,1.0,77.0,2
Super built-up  Area,Ready To Move,Harlur,SosicCl,1752.12,3.0,2.0,125.0,3
Super built-up  Area,17-Apr,Harlur,Prncyrn,2569.0,5.0,3.0,180.0,4
Super built-up  Area,Ready To Move,Harlur,Prncyrn,1197.0,2.0,1.0,76.0,2
Super built-up  Area,Ready To Move,Harlur,Prncyrn,1197.0,2.0,1.0,75.0,2
Super built-up  Area,Ready To Move,Harlur,Prncyrn,1755.0,3.0,2.0,117.0,3
Super built-up  Area,Ready To Move,Harlur,Prncyrn,1197.0,2.0,1.0,79.9,2
Super built-up  Area,Ready To Move,Harlur,Shodsir,2990.0,4.0,1.0,225.0,4
Super built-up  Area,Ready To Move,Hebbal,Mahosya,1760.0,2.0,2.0,123.0,3
Super built-up  Area,Ready To Move,Hebbal,Prersis,1349.0,2.0,1.0,98.2,2
Super built-up  Area,Ready To Move,Hebbal,Prersis,2483.0,5.0,2.0,212.0,4
Super built-up  Area,18-Dec,Hebbal,Mahosya,1760.0,2.0,2.0,130.0,3
Super built-up  Area,18-Dec,Hebbal,Mahosya,1920.0,3.0,2.0,134.0,3
Super built-up  Area,18-Sep,Hebbal,Arcia S,1337.0,2.0,1.0,82.0,2
Super built-up  Area,Ready To Move,Hebbal,Prersis,1349.0,2.0,1.0,98.0,2
Super built-up  Area,19-Dec,Hebbal,Magiaya,1255.0,2.0,1.0,77.68,3
Super built-up  Area,19-Dec,Hebbal,Magiaya,1355.0,3.0,1.0,83.87,3
Super built-up  Area,21-Mar,Hebbal,Oztarol,1790.0,3.0,2.0,127.0,3
Super built-up  Area,19-Mar,Hebbal,Raard B,2790.0,5.0,3.0,198.0,4
Super built-up  Area,Ready To Move,Hebbal,Prersis,2483.0,5.0,2.0,215.0,4
Super built-up  Area,18-May,Hebbal,Arcia S,812.0,2.0,2.0,55.0,2
Super built-up  Area,19-Jun,Hebbal,Raard B,2790.0,4.0,3.0,198.0,4
Super built-up  Area,19-Oct,Hebbal,SNontle,3067.0,4.0,2.0,230.0,4
Super built-up  Area,19-Dec,Hebbal,SNontle,3067.0,4.0,3.0,230.0,4
Super built-up  Area,18-Dec,Hebbal,Magiaya,1255.0,2.0,1.0,77.68,3
Carpet  Area,18-Dec,Hebbal,Arcia S,823.0,2.0,1.0,50.63,2
Super built-up  Area,Ready To Move,Hebbal,Mahosya,1420.0,2.0,1.0,123.0,2
Carpet  Area,18-Dec,Hebbal,Arcia S,1069.0,3.0,2.0,65.4,3
Super built-up  Area,Ready To Move,Hebbal,Mahosya,1420.0,2.0,1.0,99.39,2
Super built-up  Area,18-Jul,Hebbal,Cehosy ,4235.0,4.0,2.0,365.0,4
Super built-up  Area,19-Jun,Hebbal,Raard B,1700.0,3.0,2.0,124.0,3
Super built-up  Area,18-Dec,Hebbal,Mahosya,1420.0,2.0,1.0,99.39,2
Super built-up  Area,18-Dec,Hebbal,Magiaya,1355.0,3.0,1.0,83.87,3
Super built-up  Area,18-Jul,Hebbal,Mahosya,1440.0,2.0,1.0,115.0,2
Super built-up  Area,18-Apr,Hebbal,Magiaya,1355.0,3.0,1.0,83.87,3
Super built-up  Area,Ready To Move,Hebbal,Kacesh ,2400.0,4.0,1.0,180.0,3
Super built-up  Area,19-Dec,Hebbal,Magiaya,1255.0,2.0,1.0,77.68,3
Built-up  Area,17-Dec,Hebbal,Mahosya,1420.0,2.0,2.0,107.0,2
Super built-up  Area,19-Jun,Hebbal,Raard B,1320.0,2.0,1.0,92.0,2
Super built-up  Area,19-Dec,Hebbal,Raard B,1645.0,3.0,2.0,135.0,3
Super built-up  Area,18-Dec,Hebbal,Magiaya,1355.0,3.0,2.0,83.87,3
Super built-up  Area,Ready To Move,Hebbal,Prersis,2483.0,5.0,2.0,230.0,4
Super built-up  Area,19-Oct,Hebbal,SNontle,2600.0,3.0,2.0,195.0,3
Super built-up  Area,19-Jun,Hebbal,Raard B,1645.0,3.0,2.0,117.0,3
Super built-up  Area,21-Mar,Hebbal,Oztarol,1251.0,2.0,1.0,88.73,2
Super built-up  Area,19-Jun,Hebbal,Raard B,1645.0,3.0,2.0,121.0,3
Super built-up  Area,Ready To Move,Hebbal,Mahosya,1760.0,3.0,2.0,123.0,3
Super built-up  Area,19-Jun,Hebbal,Raard B,2790.0,4.0,3.0,198.0,4
Super built-up  Area,19-Jun,Hebbal,Raard B,1645.0,3.0,2.0,120.0,3
Super built-up  Area,19-Dec,Hebbal,Magiaya,1255.0,2.0,1.0,90.0,3
Super built-up  Area,19-Mar,Hebbal,Raard B,1645.0,3.0,2.0,117.0,3
Super built-up  Area,19-Dec,Hebbal,Magiaya,1255.0,3.0,2.0,77.68,3
Super built-up  Area,18-Sep,Hebbal,Arcia S,1586.0,3.0,2.0,90.0,3
Super built-up  Area,21-Dec,Hebbal,Oztarol,1636.0,3.0,1.0,119.0,3
Super built-up  Area,20-Aug,Hebbal,Magiaya,1255.0,2.0,1.0,95.0,3
Super built-up  Area,19-Jun,Hebbal,Raard B,2790.0,4.0,3.0,198.0,4
Built-up  Area,Ready To Move,Hebbal,Cevely ,1269.0,2.0,1.0,73.0,3
Super built-up  Area,19-Dec,Hebbal,Magiaya,1255.0,2.0,1.0,95.0,3
Super built-up  Area,18-Apr,Hebbal,Arcia S,1088.0,2.0,2.0,61.45,2
Super built-up  Area,Ready To Move,Hebbal,Prersis,1349.0,2.0,1.0,97.8,2
Super built-up  Area,19-Dec,Hebbal,Magiaya,1255.0,3.0,2.0,77.68,3
Super built-up  Area,Ready To Move,Hebbal,Prersis,1344.0,2.0,1.0,108.0,2
Super built-up  Area,19-Dec,Hebbal,Magiaya,1255.0,2.0,1.0,90.0,3
Super built-up  Area,18-Dec,Hebbal,Magiaya,1255.0,3.0,2.0,77.68,3
Super built-up  Area,19-Jun,Hebbal,Raard B,2790.0,5.0,3.0,204.0,4
Super built-up  Area,18-May,Hebbal,Arcia S,1088.0,2.0,2.0,62.0,2
Super built-up  Area,Ready To Move,Hebbal,Prersis,1987.0,4.0,2.0,165.0,3
Super built-up  Area,19-Mar,Hebbal,Raard B,2790.0,5.0,3.0,198.0,4
Built-up  Area,Ready To Move,Hebbal,Prersis,1299.0,2.0,1.0,100.0,2
Super built-up  Area,19-Jun,Hebbal,Raard B,1645.0,3.0,2.0,117.0,3
Super built-up  Area,Ready To Move,Hebbal,Chtert ,1390.0,2.0,2.0,95.0,2
Super built-up  Area,Ready To Move,Hebbal,Prersis,1333.0,2.0,1.0,100.0,2
Super built-up  Area,18-Dec,Hebbal,Magiaya,1355.0,3.0,2.0,83.87,3
Super built-up  Area,Ready To Move,Hebbal,SNontle,2650.0,4.0,3.0,199.0,3
Super built-up  Area,Ready To Move,Hebbal,Chtert ,1800.0,3.0,2.0,140.0,3
Super built-up  Area,19-Jun,Hebbal,Raard B,2470.0,4.0,2.0,203.0,4
Super built-up  Area,18-Nov,Hebbal,Magiaya,1255.0,2.0,1.0,95.0,3
Built-up  Area,Ready To Move,Hebbal,Prersis,1333.0,2.0,1.0,104.0,2
Super built-up  Area,19-Jun,Hebbal,Raard B,1645.0,3.0,2.0,117.0,3
Super built-up  Area,18-Mar,Hebbal,SNontle,2600.0,3.0,2.0,199.0,3
Super built-up  Area,Ready To Move,Hebbal,Prersis,1345.0,2.0,1.0,97.0,2
Super built-up  Area,18-Dec,Hebbal,Magiaya,985.0,2.0,2.0,62.0,2
Super built-up  Area,19-Dec,Hebbal,Raard B,1320.0,2.0,1.0,91.0,2
Super built-up  Area,Ready To Move,Hebbal,Kacesh ,2388.0,3.0,1.0,195.0,3
Super built-up  Area,19-Oct,Hebbal,SNontle,2600.0,3.0,2.0,195.0,3
Super built-up  Area,19-Jun,Hebbal,Raard B,2790.0,5.0,3.0,198.0,4
Super built-up  Area,19-Dec,Hebbal,Raard B,1645.0,3.0,2.0,113.0,3
Super built-up  Area,18-Dec,Hebbal,Magiaya,1355.0,3.0,2.0,83.87,3
Super built-up  Area,Ready To Move,Hebbal,Mahosya,1420.0,2.0,1.0,99.39,2
Built-up  Area,Ready To Move,Hebbal,Thuse F,1590.0,3.0,2.0,96.0,3
Super built-up  Area,18-Sep,Hebbal,Arcia S,1162.0,2.0,1.0,69.0,2
Super built-up  Area,20-Dec,Hebbal,Cehosy ,4235.0,5.0,3.0,364.0,4
Super built-up  Area,Ready To Move,Hebbal,Prersis,1299.0,2.0,1.0,97.0,2
Super built-up  Area,18-Dec,Hebbal,Magiaya,1255.0,3.0,2.0,77.68,3
Super built-up  Area,19-Dec,Hebbal,Raard B,2470.0,5.0,2.0,192.0,4
Super built-up  Area,19-Mar,Hebbal,Raard B,1645.0,3.0,2.0,117.0,3
Super built-up  Area,18-Dec,Hebbal,Mahosya,1920.0,3.0,2.0,134.0,3
Super built-up  Area,18-Aug,Hebbal,Mahosya,1920.0,3.0,2.0,150.0,3
Super built-up  Area,Ready To Move,Hebbal,Prersis,2375.0,4.0,2.0,189.0,4
Super built-up  Area,18-Dec,Hebbal,Mahosya,1420.0,2.0,1.0,99.26,2
Super built-up  Area,21-Dec,Hebbal,Oztarol,1252.0,2.0,1.0,92.0,2
Super built-up  Area,19-Mar,Hebbal,Raard B,2790.0,4.0,3.0,198.0,4
Super built-up  Area,Ready To Move,Hebbal,Prersis,1294.0,2.0,1.0,115.0,2
Super built-up  Area,Ready To Move,Hebbal,Mahosya,1740.0,2.0,1.0,137.0,3
Super built-up  Area,18-Apr,Hebbal,Arcia S,1430.0,3.0,1.0,85.0,3
Super built-up  Area,18-Feb,Hebbal,Prersis,1662.0,3.0,2.0,155.0,3
Super built-up  Area,Ready To Move,Hebbal,Prersis,1349.0,2.0,1.0,98.0,2
Super built-up  Area,Ready To Move,Hebbal,Prersis,1349.0,2.0,1.0,96.8,2
Super built-up  Area,Ready To Move,Hebbal Kempapura,Goateds,1700.0,3.0,2.0,155.0,3
Super built-up  Area,Ready To Move,Hebbal Kempapura,Goateds,1800.0,3.0,2.0,175.0,3
Super built-up  Area,Ready To Move,Hebbal Kempapura,GonumPl,3522.0,3.0,2.0,380.0,3
Built-up  Area,Ready To Move,Hebbal Kempapura,Goateds,1300.0,2.0,2.0,102.0,2
Super built-up  Area,Ready To Move,Hebbal Kempapura,Goateds,1466.0,2.0,3.0,140.0,3
Built-up  Area,Ready To Move,Hebbal Kempapura,Goateds,1725.0,2.0,1.0,165.0,3
Built-up  Area,Ready To Move,Hebbal Kempapura,GonumPl,3408.0,3.0,3.0,260.0,3
Super built-up  Area,Ready To Move,Hebbal Kempapura,Goateds,1485.0,3.0,3.0,132.0,2
Super built-up  Area,Ready To Move,Hebbal Kempapura,Goateds,1400.0,2.0,2.0,108.0,2
Super built-up  Area,Ready To Move,Hebbal Kempapura,Goateds,1800.0,3.0,3.0,150.0,3
Built-up  Area,Ready To Move,Hebbal Kempapura,Goateds,1785.0,3.0,0.0,165.0,3
Super built-up  Area,Ready To Move,Hebbal Kempapura,GonumPl,3729.0,4.0,2.0,384.0,4
Super built-up  Area,Ready To Move,Hebbal Kempapura,Goateds,1600.0,3.0,3.0,170.0,3
Super built-up  Area,Ready To Move,Hebbal Kempapura,Goateds,1730.0,3.0,2.0,175.0,3
Super built-up  Area,Ready To Move,Hegde Nagar,Sonosty,1569.0,3.0,1.0,101.0,3
Super built-up  Area,Ready To Move,Hegde Nagar,SoitaCa,2026.0,3.0,2.0,132.0,3
Super built-up  Area,Ready To Move,Hegde Nagar,SoitaCa,1801.0,3.0,2.0,115.0,3
Super built-up  Area,Ready To Move,Hegde Nagar,Soiniy ,1341.0,2.0,1.0,97.0,2
Super built-up  Area,Ready To Move,Hegde Nagar,SoisoCa,2112.95,4.0,2.0,145.0,3
Super built-up  Area,Ready To Move,Hegde Nagar,Soiniy ,1703.0,3.0,2.0,113.0,3
Super built-up  Area,Ready To Move,Hegde Nagar,Sonosty,1570.0,3.0,1.0,105.0,3
Super built-up  Area,Ready To Move,Hegde Nagar,SoitaCa,1801.0,3.0,2.0,140.0,3
Super built-up  Area,Ready To Move,Hegde Nagar,Sonosty,1584.01,3.0,1.0,103.0,3
Super built-up  Area,Ready To Move,Hegde Nagar,SoitaCa,1965.0,4.0,2.0,125.0,3
Super built-up  Area,Ready To Move,Hegde Nagar,SoitaCa,1847.0,3.0,2.0,135.0,3
Super built-up  Area,Ready To Move,Hegde Nagar,SoitaCa,1965.0,4.0,2.0,132.0,3
Super built-up  Area,Ready To Move,Hegde Nagar,Soiniy ,1703.0,3.0,2.0,125.0,3
Super built-up  Area,Ready To Move,Hegde Nagar,SoitaCa,1847.0,3.0,2.0,125.0,3
Super built-up  Area,Ready To Move,Hegde Nagar,SoisoCa,2144.6,4.0,2.0,145.0,3
Super built-up  Area,Ready To Move,Hegde Nagar,Soiniy ,1718.0,3.0,2.0,119.0,3
Super built-up  Area,Ready To Move,Hegde Nagar,SoitaCa,1847.0,3.0,2.0,123.0,3
Super built-up  Area,19-Sep,Hegde Nagar,SoisoCa,2087.01,3.0,2.0,115.0,3
Super built-up  Area,16-Dec,Hegde Nagar,Soiniy ,1703.0,3.0,2.0,130.0,3
Super built-up  Area,Ready To Move,Hegde Nagar,SoisoCa,2087.01,4.0,2.0,135.0,3
Super built-up  Area,Ready To Move,Hegde Nagar,Soiniy ,1718.0,3.0,2.0,130.0,3
Super built-up  Area,Ready To Move,Hegde Nagar,SoitaCa,1884.0,4.0,2.0,118.0,3
Super built-up  Area,Ready To Move,Hegde Nagar,SoitaCa,1930.0,4.0,2.0,122.0,3
Super built-up  Area,Ready To Move,Hegde Nagar,Sonosty,1584.01,3.0,1.0,104.0,3
Super built-up  Area,Ready To Move,Hegde Nagar,Dhniail,1168.0,2.0,1.0,68.0,3
Super built-up  Area,Ready To Move,Hegde Nagar,SoisoCa,2162.03,4.0,2.0,129.0,3
Super built-up  Area,Ready To Move,Hegde Nagar,SoisoCa,2087.01,4.0,2.0,160.0,3
Built-up  Area,Ready To Move,Hegde Nagar,DSthian,1348.0,2.0,2.0,80.5,3
Super built-up  Area,Ready To Move,Hennur,SLureSi,1075.0,2.0,1.0,52.0,2
Super built-up  Area,Ready To Move,Hennur,Shateor,1255.0,2.0,1.0,52.32,2
Super built-up  Area,Ready To Move,Hennur,Shateor,1225.0,2.0,1.0,57.0,2
Super built-up  Area,Ready To Move,Hennur,Shateor,1255.0,2.0,1.0,57.5,2
Super built-up  Area,Ready To Move,Hennur,Exitym ,1259.0,2.0,2.0,57.0,2
Super built-up  Area,Ready To Move,Hennur,Shateor,1255.0,2.0,2.0,53.5,2
Super built-up  Area,Ready To Move,Hennur,Adity T,1231.0,2.0,2.0,48.0,2
Super built-up  Area,Ready To Move,Hennur,MDncyhi,1040.0,2.0,2.0,42.12,2
Super built-up  Area,Ready To Move,Hennur,MDncyhi,1041.0,2.0,2.0,40.6,2
Super built-up  Area,Ready To Move,Hennur,Adity T,1231.0,2.0,2.0,50.0,2
Super built-up  Area,Ready To Move,Hennur,Shateor,1255.0,2.0,2.0,53.5,2
Super built-up  Area,Ready To Move,Hennur,Shateor,1255.0,2.0,1.0,57.5,2
Super built-up  Area,Ready To Move,Hennur,SLureSi,1020.0,2.0,1.0,48.0,2
Super built-up  Area,Ready To Move,Hennur,Shateor,1255.0,2.0,1.0,52.32,2
Super built-up  Area,Ready To Move,Hennur,Shateor,1295.0,2.0,1.0,64.0,2
Super built-up  Area,Ready To Move,Hennur,SLureSi,1345.0,2.0,1.0,69.0,3
Super built-up  Area,Ready To Move,Hennur,Shateor,1255.0,2.0,1.0,58.0,2
Super built-up  Area,Ready To Move,Hennur,Shateor,1255.0,2.0,1.0,52.32,2
Super built-up  Area,Ready To Move,Hennur,Shateor,1255.0,2.0,2.0,52.35,2
Super built-up  Area,Ready To Move,Hennur,MDncyhi,1340.0,2.0,2.0,54.27,3
Super built-up  Area,Ready To Move,Hennur,Shateor,1255.0,2.0,1.0,53.57,2
Super built-up  Area,Ready To Move,Hennur,Shateor,1255.0,2.0,2.0,56.5,2
Super built-up  Area,Ready To Move,Hennur,Shateor,1295.0,2.0,1.0,62.0,2
Super built-up  Area,Ready To Move,Hennur Road,Anavi B,2089.0,3.0,2.0,140.0,3
Super built-up  Area,Ready To Move,Hennur Road,Mileeou,1385.0,2.0,1.0,83.09,2
Super built-up  Area,Ready To Move,Hennur Road,SaireSa,1904.0,3.0,2.0,120.0,3
Super built-up  Area,Ready To Move,Hennur Road,SaireSa,1891.0,3.0,1.0,109.0,3
Super built-up  Area,19-Sep,Hennur Road,Orens G,1561.0,3.0,2.0,95.0,3
Super built-up  Area,17-Apr,Hennur Road,Koagati,1192.0,2.0,1.0,60.0,3
Super built-up  Area,Ready To Move,Hennur Road,SaireSa,2060.0,3.0,1.0,149.0,3
Super built-up  Area,19-Mar,Hennur Road,Puachal,1482.0,2.0,1.0,92.0,3
Super built-up  Area,Ready To Move,Hennur Road,Puachal,1232.0,2.0,2.0,89.0,2
Super built-up  Area,19-Mar,Hennur Road,Puachal,1482.0,2.0,2.0,83.73,3
Super built-up  Area,18-Oct,Hennur Road,Puachal,1482.0,2.0,1.0,87.0,3
Super built-up  Area,Ready To Move,Hennur Road,SaireSa,1891.0,3.0,1.0,139.0,3
Super built-up  Area,19-Mar,Hennur Road,Puachal,1232.0,2.0,0.0,69.61,2
Super built-up  Area,Ready To Move,Hennur Road,Koagati,987.0,2.0,1.0,49.0,2
Super built-up  Area,19-Mar,Hennur Road,Puachal,1804.0,3.0,2.0,102.0,3
Built-up  Area,Ready To Move,Hennur Road,Asadacy,2160.0,3.0,2.0,160.0,3
Super built-up  Area,18-Mar,Hennur Road,Koagati,1186.0,2.0,1.0,63.0,3
Super built-up  Area,Ready To Move,Hennur Road,Maity W,1385.0,2.0,1.0,83.09,2
Super built-up  Area,Ready To Move,Hennur Road,Koagati,1186.0,2.0,1.0,56.0,3
Super built-up  Area,Ready To Move,Hennur Road,Samittv,2350.0,3.0,2.0,174.0,3
Super built-up  Area,Ready To Move,Hennur Road,ChionCo,1586.0,3.0,3.0,93.94,3
Super built-up  Area,Ready To Move,Hennur Road,Maity W,1290.0,2.0,1.0,94.5,3
Super built-up  Area,Ready To Move,Hennur Road,Maity W,1445.0,3.0,1.0,86.56,3
Super built-up  Area,19-Mar,Hennur Road,Puachal,1482.0,2.0,3.0,97.0,3
Super built-up  Area,Ready To Move,Hennur Road,Gaodsch,1182.0,2.0,2.0,82.5,2
Super built-up  Area,Ready To Move,Hennur Road,Koagati,1192.0,2.0,1.0,62.0,3
Super built-up  Area,18-May,Hennur Road,Koagati,1036.0,2.0,1.0,59.46,2
Super built-up  Area,Ready To Move,Hennur Road,SaireSa,1891.0,3.0,1.0,109.0,3
Super built-up  Area,19-Mar,Hennur Road,Puachal,1232.0,2.0,1.0,69.61,2
Super built-up  Area,18-Aug,Hennur Road,Puachal,1804.0,3.0,2.0,102.0,3
Super built-up  Area,Ready To Move,Hennur Road,Samittv,2320.0,3.0,2.0,170.0,3
Super built-up  Area,Ready To Move,Hennur Road,SaireSa,1936.0,3.0,1.0,118.0,3
Super built-up  Area,Ready To Move,Hennur Road,Eltert ,1480.0,2.0,2.0,65.0,2
Super built-up  Area,18-Sep,Hennur Road,Shxorm ,1590.0,3.0,2.0,96.5,3
Built-up  Area,18-May,Hennur Road,Maity W,1445.0,2.0,1.0,105.0,3
Super built-up  Area,18-Dec,Hennur Road,Koagati,1036.0,2.0,1.0,59.45,2
Super built-up  Area,Ready To Move,Hennur Road,SaireSa,1832.0,3.0,1.0,125.0,3
Super built-up  Area,18-Jan,Hennur Road,Asadacy,1359.0,2.0,2.0,104.0,2
Super built-up  Area,19-Mar,Hennur Road,Puachal,1341.0,2.0,1.0,75.76,2
Super built-up  Area,18-Dec,Hennur Road,Inaxyga,1040.0,2.0,2.0,50.0,2
Super built-up  Area,Ready To Move,Hennur Road,MItatHa,1685.0,3.0,2.0,95.0,3
Super built-up  Area,Ready To Move,Hennur Road,SaireSa,1949.0,3.0,1.0,133.0,3
Super built-up  Area,19-Mar,Hennur Road,Puachal,1232.0,2.0,2.0,89.0,2
Super built-up  Area,Ready To Move,Hennur Road,Mileeou,1250.0,2.0,1.0,77.88,3
Super built-up  Area,Ready To Move,Hennur Road,Samittv,2502.0,4.0,2.0,180.0,4
Built-up  Area,Ready To Move,Hennur Road,SaireSa,1831.0,3.0,1.0,110.0,3
Super built-up  Area,18-Oct,Hennur Road,Puachal,1232.0,2.0,1.0,87.0,2
Super built-up  Area,18-Jan,Hennur Road,Puachal,1232.0,2.0,1.0,74.0,2
Super built-up  Area,18-Jul,Hennur Road,Puachal,1232.0,2.0,1.0,66.0,2
Super built-up  Area,19-Mar,Hennur Road,Puachal,1341.0,2.0,1.0,95.0,2
Super built-up  Area,19-Mar,Hennur Road,Puachal,1232.0,2.0,1.0,88.0,2
Super built-up  Area,Ready To Move,Hennur Road,Samittv,2365.0,4.0,2.0,175.0,3
Super built-up  Area,Ready To Move,Hennur Road,Mileeou,1310.0,2.0,1.0,66.0,2
Built-up  Area,Ready To Move,Hennur Road,Baesta ,1015.0,2.0,2.0,50.0,2
Super built-up  Area,Ready To Move,Hennur Road,Koagati,1186.0,2.0,2.0,55.33,3
Super built-up  Area,Ready To Move,Hennur Road,Samittv,2264.0,3.0,2.0,168.0,3
Super built-up  Area,Ready To Move,Hennur Road,SaireSa,2002.0,3.0,2.0,120.0,3
Super built-up  Area,19-Mar,Hennur Road,Puachal,1232.0,2.0,1.0,69.6,2
Super built-up  Area,18-Dec,Hennur Road,Shxorm ,1195.0,2.0,2.0,73.0,2
Super built-up  Area,Ready To Move,Hennur Road,Koagati,1061.0,2.0,1.0,54.92,2
Super built-up  Area,Ready To Move,Hennur Road,MItatHa,1585.0,2.0,3.0,80.0,3
Super built-up  Area,Ready To Move,Hennur Road,SaireSa,2041.0,3.0,3.0,128.0,3
Super built-up  Area,19-Mar,Hennur Road,Puachal,1232.0,2.0,1.0,87.0,2
Built-up  Area,Ready To Move,Hennur Road,Koagati,1066.0,2.0,1.0,52.23,2
Super built-up  Area,Ready To Move,Hennur Road,Koagati,973.0,2.0,1.0,56.0,2
Built-up  Area,Ready To Move,Hennur Road,Soncy R,1255.0,2.0,1.0,84.0,2
Super built-up  Area,18-Mar,Hennur Road,Puachal,1232.0,2.0,1.0,83.0,2
Super built-up  Area,Ready To Move,Hennur Road,SaireSa,1832.0,3.0,1.0,116.0,3
Super built-up  Area,Ready To Move,Hennur Road,Maity W,1445.0,2.0,2.0,86.69,3
Super built-up  Area,18-Sep,Hennur Road,Maity W,1445.0,2.0,1.0,83.0,3
Super built-up  Area,19-Mar,Hennur Road,Puachal,1679.0,3.0,2.0,94.86,3
Super built-up  Area,18-May,Hennur Road,Puachal,1482.0,2.0,1.0,68.9,3
Super built-up  Area,19-Sep,Hennur Road,Orens G,1450.0,3.0,1.0,88.6,3
Super built-up  Area,Ready To Move,Hennur Road,Mileeou,1155.0,2.0,1.0,69.18,2
Super built-up  Area,Ready To Move,Hennur Road,Koagati,1053.0,2.0,1.0,53.0,2
Super built-up  Area,Ready To Move,Hennur Road,SaireSa,1904.0,3.0,2.0,129.0,3
Super built-up  Area,Ready To Move,Hennur Road,SaireSa,1981.0,3.0,1.0,134.0,3
Super built-up  Area,Ready To Move,Hennur Road,Maity W,1155.0,2.0,1.0,69.18,2
Super built-up  Area,18-Dec,Hennur Road,Shxorm ,1590.0,3.0,2.0,105.0,3
Super built-up  Area,Ready To Move,Hennur Road,SaireSa,2041.0,3.0,3.0,138.0,3
Built-up  Area,Ready To Move,Hennur Road,Maity W,1100.0,2.0,1.0,78.0,3
Super built-up  Area,18-Aug,Hennur Road,Puachal,1232.0,2.0,1.0,69.61,2
Built-up  Area,Ready To Move,Hennur Road,Elley B,1460.0,2.0,1.0,80.3,2
Super built-up  Area,Ready To Move,Hennur Road,Samittv,1933.0,3.0,2.0,140.0,3
Super built-up  Area,18-Dec,Hennur Road,Inaxyga,1030.0,2.0,1.0,46.5,2
Super built-up  Area,18-Aug,Hennur Road,Puachal,1232.0,2.0,1.0,69.61,2
Super built-up  Area,19-Mar,Hennur Road,Orens G,1450.0,3.0,2.0,79.0,3
Super built-up  Area,Ready To Move,Hennur Road,Mileeou,1445.0,2.0,1.0,89.56,3
Super built-up  Area,Ready To Move,Hennur Road,Koagati,973.0,2.0,1.0,50.74,2
Super built-up  Area,19-Mar,Hennur Road,Puachal,1482.0,2.0,1.0,83.73,3
Super built-up  Area,Ready To Move,Hennur Road,Maity W,1305.0,2.0,1.0,77.0,3
Super built-up  Area,Ready To Move,Hennur Road,MItatHa,1672.0,3.0,2.0,86.0,3
Super built-up  Area,19-Mar,Hennur Road,Orens G,1165.0,2.0,1.0,67.0,2
Super built-up  Area,Ready To Move,Hennur Road,Koagati,980.0,2.0,1.0,51.0,2
Super built-up  Area,18-Aug,Hennur Road,Puachal,1232.0,2.0,1.0,80.0,2
Super built-up  Area,Ready To Move,Hennur Road,Mileeou,950.0,2.0,1.0,55.0,2
Super built-up  Area,Ready To Move,Hennur Road,SaireSa,1891.0,3.0,1.0,110.0,3
Super built-up  Area,Ready To Move,Hennur Road,Soncy R,1735.0,3.0,3.0,78.0,3
Super built-up  Area,Ready To Move,Hennur Road,DSreerk,1470.0,2.0,1.0,75.0,3
Super built-up  Area,19-Mar,Hennur Road,Orens G,1165.0,2.0,1.0,52.0,2
Built-up  Area,Ready To Move,Hennur Road,Eltert ,1450.0,2.0,2.0,80.0,2
Super built-up  Area,Ready To Move,Hennur Road,Mileeou,1155.0,2.0,1.0,69.18,2
Super built-up  Area,Ready To Move,Hennur Road,SaireSa,1936.0,3.0,1.0,131.0,3
Built-up  Area,Ready To Move,Hoodi,Dhgraas,985.0,2.0,2.0,67.0,2
Super built-up  Area,Ready To Move,Hoodi,SMaxyay,1715.0,2.0,2.0,95.0,3
Super built-up  Area,19-Dec,Hoodi,Caycend,2118.0,4.0,2.0,111.0,4
Built-up  Area,Ready To Move,Hoodi,Goeur G,1425.0,2.0,2.0,80.0,2
Super built-up  Area,Ready To Move,Hoodi,Goeur G,1420.0,2.0,2.0,75.0,2
Super built-up  Area,21-Dec,Hoodi,GoAirej,1639.0,3.0,2.0,110.0,3
Super built-up  Area,Ready To Move,Hoodi,Keers S,1606.0,3.0,3.0,89.55,3
Super built-up  Area,21-Jul,Hoodi,GoAirej,1639.0,3.0,1.0,98.32,3
Super built-up  Area,19-Dec,Hoodi,Caycend,1512.0,3.0,2.0,75.77,3
Super built-up  Area,19-Dec,Hoodi,Caycend,1026.0,2.0,1.0,60.87,2
Super built-up  Area,Ready To Move,Hoodi,SMaxyay,1400.0,2.0,1.0,78.0,2
Super built-up  Area,21-Jul,Hoodi,GoAirej,1196.0,2.0,0.0,71.74,2
Super built-up  Area,19-Dec,Hoodi,Caycend,1553.0,3.0,2.0,83.09,3
Built-up  Area,Ready To Move,Hoodi,SMaxyay,1500.0,2.0,1.0,84.0,2
Super built-up  Area,19-Dec,Hoodi,Caycend,1055.0,2.0,1.0,57.63,2
Super built-up  Area,Ready To Move,Hoodi,SMaxyay,1925.0,2.0,3.0,114.0,3
Super built-up  Area,Ready To Move,Hoodi,SMaxyay,1400.0,2.0,1.0,82.0,2
Super built-up  Area,19-Dec,Hoodi,Caycend,1746.0,3.0,3.0,84.95,3
Super built-up  Area,21-Dec,Hoodi,GoAirej,706.0,1.0,1.0,48.24,1
Super built-up  Area,Ready To Move,Hoodi,Keers S,1257.0,2.0,1.0,69.0,2
Super built-up  Area,21-Jul,Hoodi,GoAirej,1132.0,2.0,0.0,67.9,2
Super built-up  Area,Ready To Move,Hoodi,Goeur G,1925.0,3.0,3.0,110.0,3
Super built-up  Area,Ready To Move,Hoodi,Keers S,1769.0,3.0,3.0,96.87,3
Super built-up  Area,Ready To Move,Hoodi,Keers S,1257.0,2.0,1.0,71.03,2
Super built-up  Area,Ready To Move,Hoodi,Keers S,1305.0,2.0,1.0,75.0,2
Built-up  Area,Ready To Move,Hoodi,Macanr ,1370.0,3.0,2.0,67.0,3
Super built-up  Area,21-Dec,Hoodi,GoAirej,1108.0,2.0,1.0,74.23,2
Super built-up  Area,Ready To Move,Hoodi,Keers S,1257.0,2.0,1.0,68.5,2
Built-up  Area,Ready To Move,Hoodi,Macanr ,1000.0,2.0,2.0,48.0,2
Super built-up  Area,19-Dec,Hoodi,Caycend,1063.0,2.0,1.0,61.17,2
Super built-up  Area,Ready To Move,Hoodi,Keers S,1259.0,2.0,2.0,69.45,2
Super built-up  Area,19-Dec,Hoodi,Caycend,1559.0,3.0,1.0,81.55,3
Super built-up  Area,Ready To Move,Hoodi,SMaxyay,1715.0,2.0,2.0,100.0,3
Super built-up  Area,19-Dec,Hoodi,Hahtsde,1447.0,3.0,2.0,76.0,2
Super built-up  Area,Ready To Move,Hoodi,EsaceLe,2144.0,3.0,2.0,140.0,3
Super built-up  Area,21-Jul,Hoodi,GoAirej,1108.0,2.0,0.0,66.46,2
Built-up  Area,Ready To Move,Hoodi,Macanr ,1400.0,3.0,2.0,74.0,3
Super built-up  Area,21-Jul,Hoodi,GoAirej,1837.0,3.0,1.0,110.0,3
Super built-up  Area,19-Dec,Hoodi,Caycend,1644.0,3.0,3.0,80.51,3
Built-up  Area,Ready To Move,Horamavu Agara,Maows M,1106.0,2.0,1.0,43.09,2
Super built-up  Area,Ready To Move,Horamavu Agara,Maows M,1107.83,2.0,1.0,41.51,2
Super built-up  Area,Ready To Move,Horamavu Agara,Suise S,1145.0,2.0,1.0,41.21,2
Super built-up  Area,Ready To Move,Horamavu Agara,DSireSo,1000.0,2.0,1.0,46.0,2
Super built-up  Area,Ready To Move,Horamavu Agara,Maows M,1150.0,2.0,1.0,42.0,2
Super built-up  Area,Ready To Move,Horamavu Agara,Honcyju,1364.0,2.0,3.0,50.0,3
Built-up  Area,Ready To Move,Horamavu Agara,SLoraFl,1080.0,2.0,1.0,38.0,2
Super built-up  Area,18-Aug,Horamavu Agara,S2ionrn,994.0,2.0,1.0,42.28,2
Super built-up  Area,Ready To Move,Horamavu Agara,Maows M,1107.83,2.0,1.0,41.51,2
Super built-up  Area,18-Aug,Horamavu Agara,S2ionrn,1090.0,2.0,1.0,46.0,2
Super built-up  Area,Ready To Move,Horamavu Agara,SKdesa ,1557.0,3.0,1.0,70.0,3
Super built-up  Area,Ready To Move,Hormavu,SyidaCr,1500.0,2.0,1.0,78.0,2
Super built-up  Area,Ready To Move,Hormavu,ElavuHo,1150.0,2.0,2.0,55.0,2
Super built-up  Area,19-Dec,Hormavu,Kolisl ,715.0,1.0,2.0,46.0,1
Built-up  Area,Ready To Move,Hormavu,BhncyRe,1180.0,2.0,2.0,50.0,2
Super built-up  Area,Ready To Move,Hormavu,Nadhian,1175.0,2.0,1.0,52.0,2
Super built-up  Area,Ready To Move,Hormavu,Ocock R,1500.0,3.0,3.0,70.0,3
Built-up  Area,Ready To Move,Hormavu,Cadel C,1725.0,3.0,2.0,85.0,3
Super built-up  Area,Ready To Move,Hormavu,NStusD ,1153.0,2.0,1.0,65.0,2
Built-up  Area,Ready To Move,Hormavu,Naandit,1150.0,2.0,1.0,53.11,2
Super built-up  Area,Ready To Move,Hormavu,ARureig,1123.0,2.0,1.0,56.0,2
Super built-up  Area,Ready To Move,Hormavu,ARureig,1385.0,2.0,2.0,69.0,3
Super built-up  Area,Ready To Move,Hormavu,ARureig,1018.0,2.0,1.0,50.8,2
Super built-up  Area,Ready To Move,Hormavu,Undraro,1555.0,3.0,2.0,75.0,3
Super built-up  Area,Ready To Move,Hormavu,SLtraks,1143.0,2.0,1.0,53.0,2
Built-up  Area,Ready To Move,Hormavu,Foisha ,1000.0,2.0,2.0,50.0,2
Super built-up  Area,Ready To Move,Hormavu,Srarkha,1200.0,2.0,2.0,68.0,2
Super built-up  Area,Ready To Move,Hormavu,Undraro,1200.0,2.0,3.0,68.0,2
Super built-up  Area,Ready To Move,Hormavu,VMityre,1420.0,3.0,2.0,58.0,3
Super built-up  Area,Ready To Move,Hormavu,Atreli ,1250.0,2.0,2.0,60.0,2
Super built-up  Area,Ready To Move,Hormavu,ARureig,1385.0,2.0,1.0,69.25,3
Super built-up  Area,Ready To Move,Hormavu,SyavuHo,1400.0,2.0,0.0,75.0,2
Super built-up  Area,Ready To Move,Hormavu,Naandit,1365.0,2.0,2.0,65.0,3
Plot  Area,Ready To Move,Hormavu,Grensak,1200.0,2.0,0.0,73.0,2
Super built-up  Area,Ready To Move,Hormavu,Savar S,1250.0,2.0,2.0,65.0,2
Built-up  Area,Ready To Move,Hormavu,Neise P,1604.0,3.0,0.0,68.0,3
Super built-up  Area,Ready To Move,Hormavu,ARureig,1075.0,2.0,1.0,53.7,2
Super built-up  Area,Ready To Move,Hormavu,ARureig,1075.0,2.0,1.0,53.7,2
Carpet  Area,19-Jun,Hormavu,Kolisl ,2282.0,4.0,0.0,115.0,4
Super built-up  Area,Ready To Move,Hormavu,ARaveSa,1206.0,2.0,1.0,55.0,2
Super built-up  Area,Ready To Move,Hormavu,Savar S,1310.0,2.0,2.0,67.0,2
Super built-up  Area,Ready To Move,Hormavu,Savar S,1310.0,2.0,3.0,60.0,2
Super built-up  Area,Ready To Move,Hormavu,Cadel C,1210.0,2.0,3.0,69.0,2
Super built-up  Area,18-May,Hosa Road,Pamesy ,1639.0,3.0,1.0,80.0,3
Super built-up  Area,18-Jul,Hosa Road,Mahesr ,1161.0,2.0,1.0,55.15,2
Super built-up  Area,18-Jul,Hosa Road,Mahesr ,1726.0,3.0,2.0,81.99,3
Super built-up  Area,18-Jul,Hosa Road,Mahesr ,1161.0,2.0,1.0,55.15,2
Super built-up  Area,19-Mar,Hosa Road,Sosisic,1430.0,2.0,1.0,97.52,2
Super built-up  Area,Ready To Move,Hosa Road,Sosisic,1365.0,2.0,1.0,92.0,2
Super built-up  Area,18-Dec,Hosa Road,Mahesr ,1541.0,3.0,1.0,69.84,3
Super built-up  Area,19-Mar,Hosa Road,Skume R,1332.0,2.0,1.0,86.12,3
Super built-up  Area,19-Mar,Hosa Road,Skume R,615.0,1.0,1.0,28.29,1
Super built-up  Area,19-Mar,Hosa Road,Skume R,1318.0,2.0,1.0,85.28,3
Super built-up  Area,19-Jun,Hosa Road,Sosisic,1513.0,3.0,1.0,103.0,3
Super built-up  Area,18-May,Hosa Road,Pamesy ,1133.0,2.0,1.0,52.0,2
Super built-up  Area,18-Dec,Hosa Road,Mahesr ,1161.0,2.0,1.0,55.15,2
Super built-up  Area,19-Mar,Hosa Road,Skume R,1532.0,3.0,2.0,98.13,3
Super built-up  Area,18-Dec,Hosa Road,SJerse ,1680.0,3.0,1.0,101.0,3
Super built-up  Area,19-Mar,Hosa Road,Skume R,1533.0,3.0,1.0,98.18,3
Super built-up  Area,19-Mar,Hosa Road,Skume R,1040.0,2.0,1.0,68.59,2
Super built-up  Area,20-Oct,Hosa Road,Skume R,1040.0,2.0,1.0,61.0,2
Built-up  Area,18-Jan,Hosa Road,Gllas V,2500.0,3.0,2.0,100.0,3
Super built-up  Area,19-Mar,Hosa Road,Skume R,1311.0,2.0,1.0,84.86,3
Super built-up  Area,19-Jun,Hosa Road,Sosisic,1512.0,3.0,2.0,103.0,3
Super built-up  Area,18-Sep,Hosa Road,Mahesr ,1726.0,3.0,2.0,81.99,3
Super built-up  Area,18-Jul,Hosa Road,Mahesr ,1364.0,2.0,1.0,64.79,2
Super built-up  Area,Ready To Move,Hosa Road,SSaleRo,1016.0,2.0,1.0,45.0,2
Super built-up  Area,18-Jan,Hosa Road,Pamesy ,1730.0,3.0,2.0,72.6,3
Super built-up  Area,18-Dec,Hosa Road,SJerse ,1360.0,2.0,1.0,77.61,2
Super built-up  Area,18-Jul,Hosa Road,SJerse ,1170.0,2.0,2.0,65.0,2
Super built-up  Area,18-Jul,Hosa Road,Mahesr ,1161.0,2.0,1.0,55.15,2
Super built-up  Area,18-Aug,Hosa Road,Sosisic,1538.0,3.0,1.0,107.0,3
Super built-up  Area,18-Dec,Hosa Road,SJerse ,1470.0,2.0,2.0,84.22,3
Super built-up  Area,19-Mar,Hosa Road,Sosisic,1513.0,3.0,1.0,103.0,3
Super built-up  Area,19-Mar,Hosa Road,Skume R,625.0,1.0,1.0,43.68,1
Super built-up  Area,18-Dec,Hosa Road,Mahesr ,1161.0,2.0,1.0,48.75,2
Super built-up  Area,19-Jan,Hosa Road,Sosisic,1893.0,3.0,2.0,130.0,3
Super built-up  Area,18-Dec,Hosa Road,Mahesr ,1541.0,3.0,1.0,69.61,3
Super built-up  Area,19-Mar,Hosa Road,Skume R,615.0,1.0,1.0,43.08,1
Super built-up  Area,Ready To Move,Hosa Road,SSaleRo,1016.0,2.0,1.0,39.95,2
Super built-up  Area,Ready To Move,Hosakerehalli,Taonte ,2378.0,3.0,1.0,262.0,3
Super built-up  Area,Ready To Move,Hosakerehalli,Taonte ,2376.0,3.0,1.0,203.0,3
Built-up  Area,Ready To Move,Hosakerehalli,Taonte ,3205.0,5.0,1.0,380.0,4
Super built-up  Area,Ready To Move,Hosakerehalli,Taonte ,3024.0,5.0,1.0,248.0,4
Super built-up  Area,Ready To Move,Hosakerehalli,Taonte ,3024.0,5.0,1.0,350.0,4
Super built-up  Area,18-Mar,Hosakerehalli,SoageHe,1304.0,2.0,3.0,100.0,2
Super built-up  Area,Ready To Move,Hosakerehalli,Taonte ,2480.0,3.0,2.0,245.0,3
Super built-up  Area,Ready To Move,Hosakerehalli,Taonte ,2480.0,4.0,1.0,260.0,3
Super built-up  Area,Ready To Move,Hosakerehalli,Taonte ,3205.0,4.0,2.0,300.0,4
Super built-up  Area,Ready To Move,Hosakerehalli,Taonte ,3033.0,4.0,1.0,326.0,4
Super built-up  Area,Ready To Move,Hosakerehalli,Taonte ,2480.0,4.0,1.0,265.0,3
Super built-up  Area,Ready To Move,Hosakerehalli,Taonte ,2376.0,3.0,1.0,240.0,3
Super built-up  Area,Ready To Move,Hoskote,Deiveer,1250.0,3.0,2.0,50.0,3
Super built-up  Area,Ready To Move,Hoskote,Deiveer,1225.0,3.0,1.0,40.0,3
Super built-up  Area,Ready To Move,Hoskote,Thiced ,1740.0,3.0,3.0,60.0,3
Super built-up  Area,Ready To Move,Hoskote,VRrtsa ,1170.0,2.0,3.0,45.0,2
Super built-up  Area,Ready To Move,Hoskote,Deiveer,1250.0,3.0,2.0,29.0,3
Super built-up  Area,Ready To Move,Hoskote,VRowsa ,1095.0,2.0,2.0,33.6,2
Super built-up  Area,Ready To Move,Hoskote,Thiced ,1695.0,3.0,3.0,50.0,3
Built-up  Area,Ready To Move,Hoskote,Corus C,1065.0,2.0,3.0,31.5,2
Super built-up  Area,Ready To Move,Hoskote,VRiewke,1395.0,2.0,2.0,63.0,3
Super built-up  Area,Ready To Move,Hoskote,Corus C,1065.0,2.0,2.0,28.5,2
Super built-up  Area,Ready To Move,Hoskote,Deiveer,945.0,2.0,1.0,35.0,2
Built-up  Area,Ready To Move,Hoskote,Corus C,1065.0,2.0,3.0,33.75,2
Super built-up  Area,18-Nov,Hoskote,Arity S,509.0,1.0,1.0,23.0,1
Built-up  Area,Ready To Move,Hosur Road,Tovesee,1656.0,2.0,1.0,120.0,2
Built-up  Area,16-Mar,Hosur Road,PuendWe,1194.0,2.0,0.0,69.0,2
Super built-up  Area,Ready To Move,Hosur Road,Sueneu ,1145.0,2.0,2.0,60.0,3
Super built-up  Area,18-Oct,Hosur Road,PuendWe,1510.0,2.0,1.0,105.0,3
Super built-up  Area,18-Jul,Hosur Road,PuendWe,1427.0,2.0,1.0,80.63,3
Super built-up  Area,Ready To Move,Hosur Road,PuendWe,1508.0,2.0,1.0,110.0,3
Super built-up  Area,Ready To Move,Hosur Road,SLiewce,460.0,1.0,1.0,21.0,1
Super built-up  Area,Ready To Move,Hosur Road,UmrldDr,1733.0,2.0,3.0,85.0,3
Super built-up  Area,Ready To Move,Hosur Road,Nimesch,950.0,2.0,1.0,60.0,2
Super built-up  Area,18-Jun,Hosur Road,PuendWe,1194.0,2.0,1.0,71.64,2
Super built-up  Area,18-Apr,Hosur Road,PuendWe,1766.0,3.0,1.0,130.0,3
Super built-up  Area,18-Jul,Hosur Road,PuendWe,1689.0,3.0,1.0,103.0,3
Super built-up  Area,Ready To Move,Hosur Road,Kelmsoy,1250.0,2.0,1.0,55.0,2
Super built-up  Area,18-Jun,Hosur Road,PuendWe,1689.0,3.0,2.0,103.0,3
Plot  Area,Ready To Move,Hosur Road,Nanuena,3000.0,4.0,2.0,160.0,4
Plot  Area,Ready To Move,Hosur Road,KrineAq,2000.0,4.0,1.0,130.0,4
Super built-up  Area,Ready To Move,Hosur Road,Kelmsoy,1250.0,2.0,2.0,65.0,2
Super built-up  Area,18-Jul,Hosur Road,PuendWe,1689.0,3.0,2.0,103.0,3
Super built-up  Area,Ready To Move,Hosur Road,Kelmsoy,1685.0,3.0,1.0,90.0,3
Super built-up  Area,18-Apr,Hosur Road,PuendWe,1223.0,2.0,1.0,93.0,2
Super built-up  Area,18-Apr,Hosur Road,PuendWe,1919.0,3.0,2.0,117.0,3
Super built-up  Area,Ready To Move,Hulimavu,Prcan P,1125.0,2.0,2.0,50.0,2
Super built-up  Area,Ready To Move,Hulimavu,Aniona ,1242.0,2.0,3.0,51.0,2
Super built-up  Area,Ready To Move,Hulimavu,RatosAr,1100.0,2.0,2.0,71.5,2
Super built-up  Area,Ready To Move,Hulimavu,NiarkHy,688.0,1.0,2.0,50.0,1
Super built-up  Area,Ready To Move,Hulimavu,RatosAr,1255.0,2.0,2.0,73.0,2
Super built-up  Area,Ready To Move,Hulimavu,Suelsa ,1058.0,2.0,1.0,48.0,2
Super built-up  Area,Ready To Move,Hulimavu,RatosAr,1375.0,2.0,2.0,80.0,2
Super built-up  Area,Ready To Move,Hulimavu,Vandak ,1248.0,2.0,1.0,69.0,2
Super built-up  Area,Ready To Move,Hulimavu,NiarkHy,1818.0,3.0,1.0,135.0,3
Super built-up  Area,17-Oct,Hulimavu,ArowsMe,1225.0,2.0,2.0,55.0,2
Super built-up  Area,Ready To Move,Hulimavu,RatosAr,1255.0,2.0,2.0,74.0,2
Super built-up  Area,Ready To Move,Hulimavu,RatosAr,1255.0,2.0,2.0,69.0,2
Super built-up  Area,Ready To Move,Hulimavu,RatosAr,1255.0,2.0,3.0,66.0,2
Super built-up  Area,Ready To Move,Hulimavu,Reiteee,1127.0,2.0,1.0,65.0,2
Super built-up  Area,Ready To Move,Hulimavu,Chtali ,1200.0,2.0,1.0,50.0,2
Built-up  Area,Ready To Move,Hulimavu,Srise P,1450.0,3.0,3.0,72.0,3
Super built-up  Area,Ready To Move,Hulimavu,Inods A,1430.0,2.0,2.0,90.0,3
Built-up  Area,Ready To Move,Hulimavu,Chtali ,1000.0,2.0,1.0,45.0,2
Super built-up  Area,Ready To Move,Hulimavu,Naepa D,1320.0,2.0,2.0,59.0,3
Built-up  Area,Ready To Move,Hulimavu,Omaveai,2000.0,4.0,0.0,100.0,4
Super built-up  Area,Ready To Move,Hulimavu,Vandak ,1276.0,2.0,2.0,76.0,2
Super built-up  Area,Ready To Move,Hulimavu,NiarkHy,1021.0,2.0,1.0,76.0,2
Built-up  Area,Ready To Move,Hulimavu,Naepa D,1320.0,2.0,2.0,65.0,3
Super built-up  Area,Ready To Move,Hulimavu,Vandak ,1231.0,2.0,1.0,84.5,2
Super built-up  Area,Ready To Move,Iblur Village,Emine P,3235.0,3.0,1.0,235.0,3
Super built-up  Area,Ready To Move,Iblur Village,Emine P,3596.0,5.0,1.0,290.0,4
Super built-up  Area,Ready To Move,Iblur Village,Emine P,3596.0,5.0,1.0,282.0,4
Super built-up  Area,Ready To Move,Iblur Village,Emine P,3596.0,5.0,0.0,252.0,4
Super built-up  Area,18-Dec,Iblur Village,DNionfl,2100.0,4.0,2.0,145.0,3
Super built-up  Area,18-Aug,Iblur Village,DNionfl,1920.0,3.0,2.0,150.0,3
Super built-up  Area,18-Aug,Iblur Village,DNionfl,1920.0,3.0,2.0,150.0,3
Super built-up  Area,18-Dec,Iblur Village,DNionfl,2000.0,4.0,2.0,138.0,3
Super built-up  Area,Ready To Move,Iblur Village,Emine P,3596.0,5.0,1.0,260.0,4
Super built-up  Area,Ready To Move,Iblur Village,Emine P,3596.0,5.0,1.0,279.0,4
Super built-up  Area,Ready To Move,Iblur Village,Emine P,2666.0,4.0,1.0,200.0,3
Super built-up  Area,Ready To Move,Iblur Village,Emine P,5384.0,5.0,3.0,420.0,5
Super built-up  Area,Ready To Move,Iblur Village,Emine P,3596.0,5.0,1.0,297.0,4
Super built-up  Area,Ready To Move,Iblur Village,Emine P,5515.0,6.0,2.0,425.0,5
Super built-up  Area,Ready To Move,Iblur Village,Emine P,3596.0,4.0,2.0,268.0,4
Super built-up  Area,Ready To Move,Iblur Village,Emine P,3596.0,5.0,1.0,251.0,4
Super built-up  Area,Ready To Move,Indira Nagar,Aentsbe,1128.0,2.0,2.0,105.0,2
Super built-up  Area,Ready To Move,Indira Nagar,ToSky F,2800.0,3.0,1.0,330.0,3
Carpet  Area,Ready To Move,Indira Nagar,Gonorir,1875.0,3.0,1.0,180.0,3
Built-up  Area,Ready To Move,Indira Nagar,VKvenas,1210.0,2.0,1.0,102.0,2
Built-up  Area,Ready To Move,Indira Nagar,Riousd ,1224.0,2.0,2.0,105.0,2
Super built-up  Area,Ready To Move,Indira Nagar,Gonorir,1145.0,2.0,2.0,100.0,2
Super built-up  Area,Ready To Move,Indira Nagar,Suurtni,1470.0,2.0,2.0,170.0,2
Super built-up  Area,Ready To Move,Indira Nagar,Suurtni,1475.0,2.0,2.0,171.0,2
Built-up  Area,Ready To Move,Indira Nagar,Monorh ,1500.0,3.0,3.0,120.0,3
Super built-up  Area,Ready To Move,Indira Nagar,Goareir,1149.0,2.0,1.0,130.0,2
Super built-up  Area,Ready To Move,Indira Nagar,Goyalir,1650.0,3.0,1.0,150.0,3
Super built-up  Area,Ready To Move,JP Nagar,Maerar ,1850.0,3.0,3.0,150.0,3
Super built-up  Area,Ready To Move,JP Nagar,Saowsri,1100.0,2.0,2.0,70.0,2
Super built-up  Area,Ready To Move,JP Nagar,Maentor,940.0,2.0,1.0,49.0,2
Built-up  Area,Ready To Move,JP Nagar,Ronty C,2500.0,3.0,2.0,135.0,3
Built-up  Area,Ready To Move,JP Nagar,DSillto,1078.0,2.0,2.0,45.0,2
Super built-up  Area,Ready To Move,JP Nagar,Duoveoo,1050.0,1.0,1.0,44.0,1
Super built-up  Area,Ready To Move,JP Nagar,DSillto,1200.0,2.0,2.0,62.0,2
Super built-up  Area,18-May,JP Nagar,Shestut,1300.0,2.0,1.0,90.87,2
Super built-up  Area,18-Dec,JP Nagar,Shestut,1300.0,2.0,1.0,109.0,2
Super built-up  Area,Ready To Move,JP Nagar,Brine J,750.0,1.0,1.0,52.5,1
Super built-up  Area,Ready To Move,JP Nagar,Srncyya,1200.0,2.0,3.0,78.0,2
Super built-up  Area,Ready To Move,JP Nagar,DSillto,1100.0,2.0,1.0,45.0,2
Super built-up  Area,Ready To Move,JP Nagar,Adaveth,1500.0,2.0,3.0,82.0,3
Built-up  Area,Ready To Move,JP Nagar,Adaveth,820.0,2.0,1.0,45.0,2
Super built-up  Area,19-Dec,JP Nagar,Shestut,1750.0,3.0,1.0,123.0,3
Super built-up  Area,Ready To Move,JP Nagar,Meowns ,1600.0,3.0,2.0,83.0,3
Built-up  Area,Ready To Move,JP Nagar,Arentra,3000.0,3.0,2.0,150.0,4
Super built-up  Area,Ready To Move,JP Nagar,Shika A,745.0,1.0,0.0,34.27,1
Super built-up  Area,Ready To Move,JP Nagar,AnnceEl,1150.0,2.0,2.0,90.0,2
Super built-up  Area,19-Dec,JP Nagar,Shestut,1960.0,3.0,1.0,138.0,3
Built-up  Area,Ready To Move,JP Nagar,Meowns ,1590.0,2.0,3.0,85.0,3
Super built-up  Area,Ready To Move,JP Nagar,Maarkr ,1250.0,2.0,2.0,60.0,2
Carpet  Area,Ready To Move,JP Nagar,Saacy A,2400.0,3.0,3.0,196.0,3
Super built-up  Area,19-Dec,JP Nagar,Shestut,1300.0,2.0,1.0,91.65,2
Super built-up  Area,Ready To Move,JP Nagar,Maerar ,1250.0,2.0,2.0,93.0,2
Super built-up  Area,Ready To Move,JP Nagar,Brwernn,1500.0,2.0,1.0,108.0,3
Built-up  Area,Ready To Move,JP Nagar,RaosePr,1520.0,3.0,2.0,125.0,3
Super built-up  Area,19-Dec,JP Nagar,Shestut,1405.0,2.0,1.0,99.0,2
Super built-up  Area,Ready To Move,JP Nagar,BSensth,1157.0,2.0,1.0,73.0,2
Super built-up  Area,Ready To Move,JP Nagar,Adaveth,1500.0,2.0,3.0,82.0,3
Super built-up  Area,Ready To Move,Jakkur,Arzzo P,1417.0,2.0,3.0,75.0,2
Built-up  Area,Ready To Move,Jakkur,Socon Z,1590.0,2.0,2.0,125.0,3
Super built-up  Area,Ready To Move,Jakkur,BrdgeNo,1710.0,3.0,2.0,107.0,3
Super built-up  Area,19-Dec,Jakkur,Ceezey ,1865.0,3.0,1.0,124.0,3
Super built-up  Area,Ready To Move,Jakkur,BrdgeNo,1760.0,3.0,2.0,139.0,3
Super built-up  Area,17-Dec,Jakkur,BrdgeNo,1290.0,2.0,1.0,100.0,2
Super built-up  Area,22-May,Jakkur,SoineC ,1452.19,2.0,1.0,100.0,2
Super built-up  Area,19-Dec,Jakkur,Ceezey ,1798.0,3.0,1.0,120.0,3
Super built-up  Area,Ready To Move,Jakkur,HRaniIb,1300.0,2.0,1.0,85.0,2
Super built-up  Area,20-Jun,Jakkur,SoineC ,1950.0,3.0,2.0,131.0,3
Super built-up  Area,Ready To Move,Jakkur,Ceezey ,1858.0,3.0,1.0,98.3,3
Super built-up  Area,18-May,Jakkur,BrdgeNo,1230.0,2.0,1.0,76.0,2
Super built-up  Area,Ready To Move,Jakkur,BrdgeNo,1290.0,2.0,1.0,80.0,2
Super built-up  Area,Ready To Move,Jakkur,BrdgeNo,1760.0,3.0,2.0,110.0,3
Super built-up  Area,Ready To Move,Jakkur,UNERA P,2283.0,4.0,2.0,130.0,4
Super built-up  Area,19-Dec,Jakkur,Ceezey ,1483.0,2.0,1.0,98.0,2
Super built-up  Area,20-Dec,Jakkur,ArndsSk,1482.0,3.0,2.0,86.0,3
Super built-up  Area,Ready To Move,Jakkur,HRaniIb,1645.0,3.0,1.0,100.0,3
Super built-up  Area,Ready To Move,Jakkur,HRaniIb,1650.0,3.0,2.0,111.0,3
Super built-up  Area,19-Dec,Jakkur,Ceezey ,2423.0,4.0,3.0,160.0,3
Super built-up  Area,Ready To Move,Jakkur,AvensGa,1125.0,2.0,2.0,65.0,2
Super built-up  Area,Ready To Move,Jakkur,BrdgeNo,1230.0,2.0,1.0,79.0,2
Super built-up  Area,Ready To Move,Jakkur,HRaniIb,1202.0,2.0,1.0,79.0,2
Super built-up  Area,19-Dec,Jakkur,Ceezey ,1858.0,3.0,1.0,123.0,3
Super built-up  Area,18-Aug,Jakkur,Ceezey ,1798.0,3.0,1.0,110.0,3
Built-up  Area,Ready To Move,Jakkur,Miershi,1785.0,3.0,2.0,130.0,3
Super built-up  Area,Ready To Move,Jakkur,Tincyum,1080.0,2.0,2.0,60.0,2
Super built-up  Area,19-Dec,Jakkur,Ceezey ,1816.0,3.0,1.0,119.0,3
Super built-up  Area,Ready To Move,Jakkur,Arzzo P,1424.0,2.0,3.0,80.0,2
Super built-up  Area,Ready To Move,Jakkur,BrdgeNo,1290.0,2.0,1.0,85.0,2
Super built-up  Area,Ready To Move,Jakkur,HRaniIb,1290.0,2.0,1.0,80.04,2
Super built-up  Area,20-Dec,Jakkur,ArndsSk,1282.0,2.0,1.0,72.0,2
Super built-up  Area,Ready To Move,Jakkur,BrdgeNo,1880.0,4.0,2.0,110.0,3
Super built-up  Area,18-Dec,Jakkur,BrdgeNo,1660.0,3.0,2.0,104.0,3
Super built-up  Area,Ready To Move,Jakkur,HRaniIb,1291.0,2.0,1.0,75.0,2
Super built-up  Area,Ready To Move,Jakkur,HRaniIb,1473.0,2.0,1.0,85.0,2
Super built-up  Area,Ready To Move,Jakkur,BrdgeNo,1660.0,3.0,2.0,104.0,3
Super built-up  Area,20-Jun,Jakkur,SoineC ,1950.0,3.0,2.0,131.0,3
Super built-up  Area,Ready To Move,Jakkur,HRaniIb,1432.0,2.0,1.0,85.0,2
Super built-up  Area,Ready To Move,Jakkur,BrdgeNo,1710.0,3.0,2.0,110.0,3
Super built-up  Area,18-May,Jalahalli,Shard T,1400.0,3.0,0.0,77.0,3
Super built-up  Area,Ready To Move,Jalahalli,Tahtsla,2250.0,3.0,2.0,160.0,3
Super built-up  Area,Ready To Move,Jalahalli,Tahtsla,1694.0,2.0,2.0,125.0,2
Built-up  Area,Ready To Move,Jalahalli,Prensin,1400.0,1.0,1.0,80.0,2
Super built-up  Area,Ready To Move,Jalahalli,Vaniai ,1045.0,2.0,2.0,76.77,2
Super built-up  Area,Ready To Move,Jalahalli,Tahtsla,2113.0,3.0,2.0,155.0,3
Super built-up  Area,Ready To Move,Jalahalli,Prensin,1932.0,4.0,3.0,135.0,3
Super built-up  Area,18-Dec,Jalahalli,Vaniai ,1045.0,2.0,1.0,58.0,2
Super built-up  Area,Ready To Move,Jalahalli,Tahtsla,2384.0,4.0,2.0,165.0,3
Super built-up  Area,Ready To Move,Jalahalli,Kuownri,790.0,2.0,1.0,49.5,2
Built-up  Area,Ready To Move,Jalahalli,Reodsnc,1395.0,3.0,3.0,82.0,3
Built-up  Area,Ready To Move,Jalahalli,Reodsnc,1770.0,3.0,3.0,100.0,3
Super built-up  Area,Ready To Move,Jalahalli,Vaniai ,615.0,1.0,1.0,46.0,1
Super built-up  Area,Ready To Move,Jalahalli,Kuownri,905.0,2.0,2.0,55.0,2
Super built-up  Area,Ready To Move,Jalahalli,Vaniai ,615.0,1.0,1.0,46.0,1
Super built-up  Area,Ready To Move,Jalahalli,BrardCo,1470.0,2.0,3.0,102.0,3
Super built-up  Area,18-Dec,Jalahalli,Vaniai ,1244.0,2.0,2.0,88.0,2
Built-up  Area,Ready To Move,Jalahalli,Prensin,1407.0,2.0,1.0,98.49,2
Super built-up  Area,18-Dec,Jalahalli,Vaniai ,1200.0,2.0,1.0,66.0,1
Super built-up  Area,Ready To Move,Jalahalli,Vanami ,1530.0,2.0,3.0,89.0,3
Super built-up  Area,Ready To Move,Jalahalli,Vaniai ,1045.0,2.0,1.0,76.77,2
Super built-up  Area,Ready To Move,Jalahalli,AFe 3Ph,1575.0,4.0,3.0,100.0,3
Super built-up  Area,Ready To Move,Jalahalli,Tahtsla,2086.0,3.0,2.0,160.0,3
Built-up  Area,Ready To Move,Jalahalli,DSons S,980.0,2.0,2.0,60.0,3
Super built-up  Area,18-Apr,Jalahalli,Cuohahi,1313.0,2.0,2.0,68.0,2
Super built-up  Area,Ready To Move,Jalahalli,Prarkll,1881.0,3.0,2.0,115.0,3
Super built-up  Area,Ready To Move,Jalahalli,Reodsnc,1405.0,2.0,1.0,85.0,3
Super built-up  Area,Ready To Move,Jigani,DLhtsen,1252.0,3.0,3.0,55.0,3
Super built-up  Area,Ready To Move,Jigani,DLhtsan,918.0,2.0,2.0,52.0,2
Super built-up  Area,Ready To Move,Jigani,DLhtsan,918.0,2.0,2.0,48.0,2
Super built-up  Area,Ready To Move,Jigani,DLhtsen,1230.0,3.0,3.0,54.0,3
Built-up  Area,Ready To Move,Jigani,DLhtsan,914.0,2.0,2.0,47.0,2
Super built-up  Area,Ready To Move,Jigani,DLhtsen,927.0,2.0,2.0,55.0,2
Super built-up  Area,Ready To Move,Jigani,DLhtsen,920.0,2.0,2.0,46.0,2
Super built-up  Area,Ready To Move,Jigani,DLhtsan,918.0,2.0,2.0,45.0,2
Super built-up  Area,Ready To Move,Jigani,DLhtsen,933.0,2.0,2.0,43.0,2
Super built-up  Area,Ready To Move,Jigani,DLhtsan,918.0,2.0,2.0,55.0,2
Plot  Area,18-Aug,Jigani,Prllasw,2400.0,3.0,2.0,149.0,3
Built-up  Area,Ready To Move,Jigani,DLhtsen,937.0,2.0,1.0,44.0,2
Super built-up  Area,Ready To Move,Jigani,DLhtsen,1252.0,3.0,3.0,61.0,3
Super built-up  Area,Ready To Move,Jigani,DLhtsen,923.0,2.0,1.0,50.0,2
Built-up  Area,Ready To Move,Jigani,DLhtsan,1250.0,3.0,2.0,58.0,3
Super built-up  Area,Ready To Move,Jigani,DLhtsan,1221.0,3.0,3.0,72.0,3
Built-up  Area,Ready To Move,Jigani,DLhtsan,918.0,2.0,1.0,49.0,2
Super built-up  Area,Ready To Move,Jigani,DLhtsen,1221.0,3.0,3.0,52.0,3
Super built-up  Area,Ready To Move,Jigani,DLhtsan,914.0,2.0,2.0,49.0,2
Super built-up  Area,Ready To Move,Jigani,DLhtsan,918.0,2.0,2.0,50.0,2
Built-up  Area,Ready To Move,Jigani,DLhtsan,1200.0,3.0,2.0,65.0,3
Super built-up  Area,Ready To Move,Jigani,DLhtsan,914.0,2.0,2.0,55.0,2
Super built-up  Area,Ready To Move,Jigani,DLhtsen,1352.0,3.0,1.0,65.0,3
Super built-up  Area,Ready To Move,Jigani,DLhtsen,1230.0,3.0,3.0,60.0,3
Super built-up  Area,Ready To Move,Jigani,DLhtsan,1221.0,3.0,2.0,65.0,3
Super built-up  Area,Ready To Move,Jigani,DLhtsan,1221.0,3.0,3.0,75.0,3
Super built-up  Area,Ready To Move,Jigani,DLhtsen,1252.0,3.0,3.0,70.0,3
Super built-up  Area,Ready To Move,Jigani,DLhtsan,1221.0,3.0,2.0,65.0,3
Built-up  Area,Ready To Move,Jigani,DLhtsen,1252.0,3.0,2.0,59.0,3
Super built-up  Area,Ready To Move,Jigani,DLhtsan,1221.0,3.0,3.0,70.0,3
Built-up  Area,Ready To Move,Jigani,DLhtsen,1231.0,3.0,2.0,58.0,3
Built-up  Area,Ready To Move,Jigani,DLhtsen,943.0,2.0,2.0,48.0,2
Super built-up  Area,Ready To Move,Jigani,DLhtsan,918.0,2.0,2.0,56.0,2
Super built-up  Area,Ready To Move,Jigani,DLhtsen,1245.0,3.0,3.0,66.0,3
Super built-up  Area,Ready To Move,Jigani,DLhtsan,1221.0,3.0,3.0,65.0,3
Super built-up  Area,Ready To Move,Jigani,DLhtsen,943.0,2.0,2.0,49.5,2
Built-up  Area,Ready To Move,KR Puram,HovasTe,930.0,2.0,2.0,39.0,2
Super built-up  Area,Ready To Move,KR Puram,Jahidva,1155.0,2.0,2.0,42.74,2
Super built-up  Area,Ready To Move,KR Puram,LVniaar,1225.0,2.0,1.0,46.55,2
Super built-up  Area,18-Jun,KR Puram,MCnexva,1100.0,2.0,1.0,47.0,2
Super built-up  Area,18-Jun,KR Puram,MCnexva,1015.0,2.0,1.0,43.0,2
Super built-up  Area,Ready To Move,KR Puram,MCvarar,1142.0,2.0,1.0,51.0,2
Super built-up  Area,Ready To Move,KR Puram,Saavem ,1021.0,2.0,1.0,48.0,2
Built-up  Area,Ready To Move,KR Puram,Hivesdr,1035.0,2.0,1.0,40.5,2
Super built-up  Area,Ready To Move,KR Puram,LVniaar,1290.0,2.0,1.0,49.02,2
Super built-up  Area,Ready To Move,KR Puram,HovasTe,1100.0,2.0,2.0,43.0,2
Super built-up  Area,Ready To Move,KR Puram,HovasTe,950.0,2.0,1.0,40.0,2
Super built-up  Area,Ready To Move,KR Puram,SVlesas,1156.0,2.0,1.0,72.0,2
Built-up  Area,Ready To Move,KR Puram,ViionMa,1452.0,3.0,3.0,60.0,3
Built-up  Area,Ready To Move,KR Puram,HovasTe,750.0,2.0,0.0,40.0,2
Built-up  Area,Ready To Move,KR Puram,Hoston ,1000.0,2.0,1.0,44.5,2
Super built-up  Area,Ready To Move,KR Puram,LVniaar,1140.0,2.0,1.0,43.32,2
Super built-up  Area,Ready To Move,KR Puram,Thisea ,1200.0,2.0,1.0,42.0,2
Super built-up  Area,18-Jun,KR Puram,MCnexva,1430.0,2.0,1.0,61.0,3
Super built-up  Area,Ready To Move,KR Puram,Hivesdr,1040.0,2.0,2.0,50.0,2
Super built-up  Area,Ready To Move,KR Puram,Sryam N,1120.0,2.0,2.0,36.0,2
Super built-up  Area,Ready To Move,KR Puram,Apntsal,1150.0,2.0,1.0,42.0,2
Built-up  Area,Ready To Move,KR Puram,Esnamth,1050.0,2.0,2.0,55.0,2
Super built-up  Area,18-Jun,KR Puram,MCnexva,1085.0,2.0,1.0,46.5,2
Super built-up  Area,Ready To Move,KR Puram,KeureSi,1700.0,3.0,3.0,105.0,3
Super built-up  Area,Ready To Move,KR Puram,SVlesas,1200.0,2.0,1.0,72.0,2
Super built-up  Area,Ready To Move,KR Puram,SLontel,1100.0,2.0,2.0,45.0,2
Built-up  Area,Ready To Move,KR Puram,SViseun,1035.0,2.0,2.0,40.0,2
Super built-up  Area,Ready To Move,KR Puram,CiaksRi,1116.0,2.0,1.0,45.0,2
Super built-up  Area,Ready To Move,KR Puram,SLontel,1300.0,2.0,2.0,57.0,3
Carpet  Area,Ready To Move,KR Puram,Jahidva,866.28,2.0,0.0,36.38,2
Super built-up  Area,Ready To Move,KR Puram,SViseun,1096.0,2.0,1.0,43.0,2
Super built-up  Area,Ready To Move,KR Puram,Gasom B,1204.0,2.0,2.0,58.0,2
Super built-up  Area,Ready To Move,KR Puram,LVniaar,1205.0,2.0,1.0,45.79,2
Super built-up  Area,Ready To Move,KR Puram,Srystme,1827.0,3.0,2.0,97.0,3
Super built-up  Area,Ready To Move,KR Puram,RaiewLa,1400.0,2.0,3.0,60.0,3
Plot  Area,Ready To Move,KR Puram,Anncyar,1200.0,2.0,0.0,75.0,2
Super built-up  Area,Ready To Move,KR Puram,AeisePV,1245.0,2.0,1.0,60.0,2
Built-up  Area,Ready To Move,Kadugodi,MSingco,1260.0,2.0,2.0,54.0,3
Super built-up  Area,Ready To Move,Kadugodi,Alestrb,1762.0,3.0,3.0,91.45,3
Super built-up  Area,Ready To Move,Kadugodi,MSingco,1580.0,2.0,2.0,65.0,3
Super built-up  Area,18-May,Kadugodi,Alestrb,1762.0,3.0,3.0,110.0,3
Super built-up  Area,18-Apr,Kadugodi,Alestrb,1314.0,2.0,3.0,68.2,2
Built-up  Area,Ready To Move,Kadugodi,K tlete,1100.0,2.0,1.0,45.0,2
Super built-up  Area,Ready To Move,Kadugodi,KMnorab,1711.0,3.0,3.0,75.0,3
Super built-up  Area,17-Dec,Kadugodi,Alestrb,1314.0,2.0,2.0,78.0,2
Super built-up  Area,Ready To Move,Kadugodi,Trade E,1351.0,2.0,2.0,78.0,3
Super built-up  Area,Ready To Move,Kadugodi,SLoven ,1010.0,2.0,1.0,50.0,2
Super built-up  Area,Ready To Move,Kadugodi,VSaya A,3000.0,4.0,0.0,134.0,4
Super built-up  Area,18-Apr,Kadugodi,Alestrb,1762.0,3.0,3.0,109.0,3
Super built-up  Area,18-May,Kadugodi,Alestrb,1314.0,2.0,3.0,80.0,2
Built-up  Area,Ready To Move,Kaggadasapura,VSomepi,1275.0,2.0,2.0,52.0,2
Built-up  Area,Ready To Move,Kaggadasapura,Adsia F,2150.0,4.0,1.0,100.0,4
Super built-up  Area,Ready To Move,Kaggadasapura,AnaveEn,1150.0,2.0,3.0,42.0,2
Super built-up  Area,Ready To Move,Kaggadasapura,Frides ,1110.0,2.0,3.0,53.0,2
Super built-up  Area,Ready To Move,Kaggadasapura,Mebhaee,1060.0,2.0,2.0,48.0,2
Super built-up  Area,Ready To Move,Kaggadasapura,Foity S,1350.0,3.0,1.0,55.5,3
Super built-up  Area,Ready To Move,Kaggadasapura,Maidei ,1050.0,2.0,2.0,48.0,2
Super built-up  Area,Ready To Move,Kaggadasapura,Binorn ,1132.0,2.0,2.0,42.0,2
Super built-up  Area,Ready To Move,Kaggadasapura,JaaldEm,1325.0,2.0,2.0,50.0,2
Super built-up  Area,Ready To Move,Kaggadasapura,MCngeha,1200.0,2.0,2.0,53.0,2
Super built-up  Area,Ready To Move,Kaggadasapura,Gincyi ,1035.0,2.0,2.0,45.5,2
Super built-up  Area,Ready To Move,Kaggadasapura,Mancya ,1256.0,2.0,2.0,50.0,3
Super built-up  Area,Ready To Move,Kaggadasapura,Matlelp,1805.0,2.0,2.0,75.0,3
Built-up  Area,Ready To Move,Kaggadasapura,Frowsru,1240.0,2.0,3.0,45.0,2
Super built-up  Area,Ready To Move,Kaggadasapura,Aincyev,1560.0,2.0,3.0,72.0,3
Built-up  Area,Ready To Move,Kaggadasapura,KKersow,1240.0,2.0,1.0,58.58,2
Super built-up  Area,Ready To Move,Kaggadasapura,P num P,1000.0,2.0,2.0,43.0,2
Built-up  Area,Ready To Move,Kaggadasapura,VSomepi,1225.0,2.0,2.0,48.0,2
Super built-up  Area,Ready To Move,Kaggadasapura,Gincyi ,960.0,2.0,1.0,45.0,2
Carpet  Area,Ready To Move,Kaggadasapura,Chisea ,775.0,2.0,2.0,29.5,2
Built-up  Area,Ready To Move,Kaggadasapura,FoncyRe,1250.0,2.0,2.0,47.0,3
Built-up  Area,Ready To Move,Kaggadasapura,Clsto C,1654.0,3.0,3.0,70.0,3
Super built-up  Area,Ready To Move,Kaggadasapura,Jaisemi,1106.0,2.0,3.0,40.0,2
Super built-up  Area,Ready To Move,Kaggadasapura,SrncyRe,1485.0,2.0,2.0,70.0,3
Super built-up  Area,Ready To Move,Kaggadasapura,JaaldEm,1175.0,2.0,2.0,50.0,2
Super built-up  Area,Ready To Move,Kaggadasapura,SraruSr,1500.0,2.0,2.0,60.0,3
Built-up  Area,Ready To Move,Kaggadasapura,Mancya ,1150.0,2.0,2.0,45.0,2
Super built-up  Area,Ready To Move,Kaggalipura,Baowsig,1150.0,2.0,1.0,55.0,3
Super built-up  Area,Ready To Move,Kaggalipura,Baowsig,700.0,1.0,0.0,38.0,1
Super built-up  Area,Ready To Move,Kaggalipura,Baowsig,1210.0,2.0,1.0,58.0,3
Super built-up  Area,Ready To Move,Kaggalipura,Baowsig,700.0,1.0,0.0,36.0,1
Super built-up  Area,Ready To Move,Kaggalipura,Baowsig,950.0,2.0,1.0,48.0,2
Super built-up  Area,Ready To Move,Kaggalipura,Baowsig,1000.0,2.0,1.0,60.0,2
Super built-up  Area,Ready To Move,Kaggalipura,Baowsig,950.0,2.0,1.0,50.0,2
Super built-up  Area,Ready To Move,Kaggalipura,Baowsig,950.0,2.0,1.0,47.0,2
Super built-up  Area,Ready To Move,Kaggalipura,Baowsig,1150.0,2.0,1.0,62.0,3
Super built-up  Area,Ready To Move,Kaggalipura,Baowsig,700.0,1.0,0.0,35.0,1
Super built-up  Area,Ready To Move,Kaggalipura,Baowsig,1150.0,2.0,1.0,57.5,3
Super built-up  Area,Ready To Move,Kaggalipura,Baowsig,1210.0,2.0,1.0,65.0,3
Super built-up  Area,Ready To Move,Kaggalipura,Baowsig,950.0,2.0,1.0,45.0,2
Super built-up  Area,Ready To Move,Kaggalipura,Baowsig,950.0,2.0,1.0,60.0,2
Super built-up  Area,Ready To Move,Kalena Agrahara,Prillot,1804.0,3.0,2.0,120.0,3
Super built-up  Area,Ready To Move,Kalena Agrahara,Shodsth,1425.0,2.0,1.0,70.0,3
Super built-up  Area,Ready To Move,Kalena Agrahara,PuamaPa,1325.0,2.0,2.0,76.0,2
Super built-up  Area,Ready To Move,Kalena Agrahara,MancyRe,1450.0,2.0,3.0,85.0,3
Super built-up  Area,Ready To Move,Kalena Agrahara,KlarkBe,1765.0,3.0,1.0,125.0,3
Built-up  Area,Ready To Move,Kalena Agrahara,ARomee ,980.0,2.0,1.0,40.0,2
Super built-up  Area,Ready To Move,Kalena Agrahara,CSvelMa,1187.0,2.0,3.0,52.0,2
Built-up  Area,Ready To Move,Kalena Agrahara,Rahidhi,1565.0,3.0,2.0,78.0,3
Super built-up  Area,Ready To Move,Kalena Agrahara,MBpleca,610.0,1.0,1.0,39.0,1
Built-up  Area,Ready To Move,Kalena Agrahara,Prmesi ,1040.0,2.0,2.0,45.0,2
Super built-up  Area,Ready To Move,Kalena Agrahara,MancyRe,1450.0,3.0,3.0,100.0,3
Super built-up  Area,Ready To Move,Kalena Agrahara,Mykyayi,1902.0,3.0,2.0,89.0,3
Super built-up  Area,Ready To Move,Kalena Agrahara,PrncyRe,800.0,2.0,1.0,40.0,2
Super built-up  Area,Ready To Move,Kalena Agrahara,NDfelip,1222.0,2.0,3.0,48.0,2
Super built-up  Area,Ready To Move,Kalena Agrahara,Prmesi ,900.0,2.0,1.0,40.0,2
Super built-up  Area,Ready To Move,Kalena Agrahara,Mykyayi,1837.0,2.0,2.0,95.0,3
Super built-up  Area,Ready To Move,Kalena Agrahara,MancyRe,1180.0,2.0,2.0,85.0,2
Built-up  Area,Ready To Move,Kalena Agrahara,Rahidhi,1510.0,3.0,2.0,78.0,3
Super built-up  Area,Ready To Move,Kalena Agrahara,Ajresre,1354.0,2.0,2.0,70.0,2
Super built-up  Area,Ready To Move,Kalena Agrahara,Mykyayi,1200.0,3.0,2.0,70.0,2
Built-up  Area,Ready To Move,Kalyan nagar,Disical,1375.0,3.0,2.0,75.0,3
Built-up  Area,Ready To Move,Kalyan nagar,SLnorMa,820.0,2.0,0.0,39.0,2
Built-up  Area,Ready To Move,Kalyan nagar,SSonsvi,1640.0,3.0,3.0,88.0,3
Super built-up  Area,Ready To Move,Kalyan nagar,AgaveEn,1800.0,3.0,2.0,85.0,3
Super built-up  Area,Ready To Move,Kalyan nagar,NCold G,1080.0,2.0,2.0,73.0,2
Super built-up  Area,Ready To Move,Kalyan nagar,Satle C,2422.0,3.0,2.0,150.0,4
Super built-up  Area,Ready To Move,Kalyan nagar,Satle C,1198.0,2.0,1.0,65.0,2
Built-up  Area,Ready To Move,Kalyan nagar,Saacela,1190.0,2.0,1.0,60.0,2
Built-up  Area,Ready To Move,Kalyan nagar,Satle C,1100.0,2.0,1.0,70.0,2
Super built-up  Area,17-May,Kambipura,Prrtht ,883.0,2.0,1.0,45.0,2
Super built-up  Area,Ready To Move,Kambipura,Prrtht ,1082.0,2.0,1.0,56.0,3
Super built-up  Area,Ready To Move,Kambipura,Prrtht ,883.0,2.0,1.0,45.0,2
Super built-up  Area,Ready To Move,Kambipura,Prrtht ,883.0,2.0,1.0,39.0,2
Super built-up  Area,Ready To Move,Kambipura,Prrtht ,883.0,2.0,1.0,45.0,2
Super built-up  Area,Ready To Move,Kambipura,Prrtht ,883.0,2.0,1.0,39.0,2
Super built-up  Area,Ready To Move,Kambipura,Prrtht ,1082.0,2.0,1.0,55.0,3
Super built-up  Area,Ready To Move,Kambipura,Prrtht ,1082.0,2.0,1.0,45.0,3
Super built-up  Area,Ready To Move,Kambipura,Prrtht ,883.0,2.0,1.0,37.0,2
Super built-up  Area,Ready To Move,Kambipura,Prrtht ,883.0,2.0,1.0,37.0,2
Super built-up  Area,Ready To Move,Kambipura,Prrtht ,1082.0,2.0,1.0,45.5,3
Super built-up  Area,Ready To Move,Kambipura,Prrtht ,1083.0,2.0,1.0,48.0,3
Built-up  Area,Ready To Move,Kambipura,Prrtht ,883.0,2.0,1.0,39.0,2
Super built-up  Area,Ready To Move,Kambipura,Prrtht ,883.0,2.0,1.0,39.0,2
Super built-up  Area,Ready To Move,Kambipura,Prrtht ,883.0,2.0,1.0,45.0,2
Built-up  Area,Ready To Move,Kambipura,Prrtht ,883.0,2.0,1.0,39.0,2
Super built-up  Area,Ready To Move,Kambipura,Prrtht ,1082.0,2.0,1.0,55.0,3
Super built-up  Area,Ready To Move,Kammasandra,Emstael,1595.0,3.0,2.0,65.0,3
Super built-up  Area,18-Apr,Kammasandra,Prony S,810.0,2.0,2.0,24.5,2
Super built-up  Area,Ready To Move,Kammasandra,Icingpy,674.0,2.0,1.0,29.0,2
Super built-up  Area,Ready To Move,Kammasandra,Elentrk,1156.0,2.0,2.0,32.0,2
Super built-up  Area,Ready To Move,Kammasandra,Prarkhi,870.0,2.0,1.0,24.0,2
Built-up  Area,Ready To Move,Kammasandra,Puitea ,990.0,2.0,1.0,31.5,2
Super built-up  Area,18-Aug,Kammasandra,DSOakil,1385.0,2.0,2.0,34.63,3
Super built-up  Area,Ready To Move,Kammasandra,DSOakil,1030.0,1.0,2.0,25.75,2
Super built-up  Area,18-Aug,Kammasandra,DSOakil,1365.0,2.0,1.0,34.13,3
Super built-up  Area,Ready To Move,Kammasandra,Prncy R,1015.0,2.0,2.0,37.0,2
Super built-up  Area,Ready To Move,Kammasandra,DSOakil,1276.0,2.0,1.0,31.9,3
Built-up  Area,Ready To Move,Kammasandra,Vicony ,1415.0,2.0,2.0,60.0,2
Super built-up  Area,Ready To Move,Kammasandra,Sulya A,1057.0,2.0,1.0,35.0,2
Super built-up  Area,Ready To Move,Kammasandra,Daden G,1500.0,3.0,2.0,65.0,3
Super built-up  Area,Ready To Move,Kammasandra,Pre 1ri,985.0,2.0,1.0,40.5,2
Super built-up  Area,Ready To Move,Kammasandra,Saineiv,940.0,2.0,2.0,35.0,2
Super built-up  Area,Ready To Move,Kammasandra,Elentrk,1616.0,3.0,3.0,40.0,3
Super built-up  Area,18-Apr,Kammasandra,Prony S,610.0,1.0,1.0,18.5,1
Super built-up  Area,19-Dec,Kanakapura,GoityEt,711.0,1.0,1.0,36.0,1
Super built-up  Area,19-Dec,Kanakapura,GoityEt,711.0,1.0,1.0,38.0,1
Super built-up  Area,Ready To Move,Kanakapura,SPavenc,1290.0,2.0,3.0,45.15,3
Super built-up  Area,Ready To Move,Kanakapura,SPavenc,1290.0,3.0,3.0,45.15,3
Super built-up  Area,18-Dec,Kanakapura,GoityEt,1295.0,2.0,2.0,64.0,2
Super built-up  Area,19-Dec,Kanakapura,GoityEt,1151.0,2.0,1.0,59.0,2
Super built-up  Area,Ready To Move,Kanakapura,SPavenc,1110.0,2.0,2.0,38.85,2
Super built-up  Area,Ready To Move,Kanakapura,SPavenc,1090.0,2.0,2.0,38.15,2
Super built-up  Area,18-Aug,Kanakapura,GoityEt,1283.0,2.0,2.0,68.0,2
Super built-up  Area,Ready To Move,Kanakapura,SPavenc,1460.0,2.0,3.0,51.1,3
Super built-up  Area,Ready To Move,Kanakapura,SPavenc,1120.0,2.0,2.0,39.2,2
Super built-up  Area,Ready To Move,Kanakapura,SPavenc,1290.0,2.0,3.0,51.1,3
Super built-up  Area,19-Dec,Kanakapura,GoityEt,938.0,1.0,1.0,50.0,1
Super built-up  Area,Ready To Move,Kanakapura,SPavenc,1090.0,2.0,2.0,38.15,2
Super built-up  Area,19-Dec,Kanakapura,GoityEt,1489.0,2.0,1.0,70.0,3
Super built-up  Area,19-Dec,Kanakapura,GoityEt,1477.0,2.0,1.0,69.5,3
Super built-up  Area,21-Dec,Kanakpura Road,PrarePa,700.0,2.0,1.0,36.0,2
Built-up  Area,Ready To Move,Kanakpura Road,Wiowsri,950.0,2.0,1.0,57.0,2
Super built-up  Area,21-May,Kanakpura Road,GolusLi,1017.0,2.0,1.0,51.25,2
Super built-up  Area,20-Dec,Kanakpura Road,PrarePa,525.0,1.0,1.0,26.0,1
Super built-up  Area,Ready To Move,Kanakpura Road,JRrnauv,1550.0,3.0,3.0,67.0,3
Super built-up  Area,Ready To Move,Kanakpura Road,Wiowsri,950.0,2.0,1.0,40.0,2
Super built-up  Area,21-Dec,Kanakpura Road,PrarePa,525.0,1.0,1.0,27.25,1
Super built-up  Area,20-Oct,Kanakpura Road,PrarePa,1100.0,2.0,1.0,58.0,3
Super built-up  Area,21-Oct,Kanakpura Road,PrarePa,525.0,1.0,1.0,30.0,1
Super built-up  Area,18-May,Kanakpura Road,Wiowsri,1180.0,2.0,2.0,57.0,2
Super built-up  Area,Ready To Move,Kanakpura Road,PuandHi,1339.0,2.0,3.0,75.0,2
Super built-up  Area,21-Jan,Kanakpura Road,PrarePa,1100.0,3.0,2.0,58.0,3
Super built-up  Area,21-Dec,Kanakpura Road,PrarePa,525.0,1.0,1.0,26.0,1
Super built-up  Area,21-Dec,Kanakpura Road,PrarePa,1100.0,3.0,2.0,53.0,3
Super built-up  Area,Ready To Move,Kanakpura Road,Puestol,1843.0,3.0,2.0,95.84,3
Super built-up  Area,18-Dec,Kanakpura Road,Soena A,1290.0,2.0,3.0,74.0,2
Super built-up  Area,Ready To Move,Kanakpura Road,Puestol,1665.0,3.0,2.0,86.58,3
Super built-up  Area,Ready To Move,Kanakpura Road,SLourle,1542.0,2.0,3.0,85.0,3
Super built-up  Area,20-Oct,Kanakpura Road,PrarePa,900.0,2.0,1.0,46.0,2
Super built-up  Area,21-Oct,Kanakpura Road,PrarePa,900.0,1.0,0.0,45.0,2
Super built-up  Area,Ready To Move,Kanakpura Road,Puestol,1843.0,3.0,2.0,92.15,3
Super built-up  Area,21-Dec,Kanakpura Road,PrarePa,900.0,2.0,1.0,46.0,2
Super built-up  Area,21-Oct,Kanakpura Road,PrarePa,900.0,2.0,1.0,46.0,2
Super built-up  Area,Ready To Move,Kanakpura Road,Goelsn ,1495.0,2.0,2.0,90.0,2
Super built-up  Area,21-May,Kanakpura Road,GolusLi,1699.0,3.0,3.0,81.94,3
Super built-up  Area,Ready To Move,Kanakpura Road,SGiewrk,1135.0,2.0,2.0,58.0,2
Super built-up  Area,Ready To Move,Kanakpura Road,SoapeSu,1420.0,2.0,2.0,75.0,3
Super built-up  Area,20-Dec,Kanakpura Road,GolusLi,983.0,2.0,1.0,50.6,2
Super built-up  Area,Ready To Move,Kanakpura Road,Wiowsri,1480.0,2.0,2.0,64.23,3
Super built-up  Area,21-Dec,Kanakpura Road,PrarePa,700.0,2.0,1.0,35.0,2
Super built-up  Area,Ready To Move,Kanakpura Road,PuandHi,1660.0,3.0,3.0,75.0,3
Super built-up  Area,Ready To Move,Kanakpura Road,JRrnauv,1450.0,3.0,3.0,60.91,3
Super built-up  Area,Ready To Move,Kanakpura Road,Puestol,1843.0,3.0,2.0,95.84,3
Super built-up  Area,20-Dec,Kanakpura Road,PrarePa,700.0,1.0,1.0,35.0,2
Super built-up  Area,19-Dec,Kanakpura Road,PrityFa,1366.0,3.0,1.0,76.85,2
Super built-up  Area,21-Dec,Kanakpura Road,PrarePa,525.0,1.0,1.0,25.0,1
Super built-up  Area,21-Dec,Kanakpura Road,PrarePa,1100.0,3.0,2.0,53.0,3
Super built-up  Area,20-Dec,Kanakpura Road,GolusLi,1252.0,2.0,1.0,56.32,2
Super built-up  Area,Ready To Move,Kanakpura Road,PuandHi,1339.0,2.0,2.0,62.0,2
Super built-up  Area,Ready To Move,Kanakpura Road,JRrnauv,1470.0,2.0,2.0,61.74,2
Super built-up  Area,21-Jan,Kanakpura Road,PrarePa,525.0,1.0,1.0,30.0,1
Super built-up  Area,21-May,Kanakpura Road,GolusLi,1090.0,2.0,1.0,54.54,2
Super built-up  Area,21-Mar,Kanakpura Road,GolusLi,1051.0,2.0,2.0,56.74,2
Super built-up  Area,21-Jan,Kanakpura Road,PrarePa,525.0,1.0,1.0,30.0,1
Super built-up  Area,Ready To Move,Kanakpura Road,PuandHi,1339.0,2.0,2.0,58.0,2
Super built-up  Area,Ready To Move,Kanakpura Road,Wiowsri,950.0,2.0,1.0,45.0,2
Super built-up  Area,Ready To Move,Kanakpura Road,JRrnauv,1452.0,3.0,3.0,60.98,3
Super built-up  Area,21-Jan,Kanakpura Road,PrarePa,1300.0,3.0,2.0,69.0,3
Super built-up  Area,21-Oct,Kanakpura Road,PrarePa,700.0,2.0,1.0,40.0,2
Plot  Area,Ready To Move,Kanakpura Road,ColeyNa,2775.0,3.0,1.0,165.0,4
Plot  Area,Ready To Move,Kanakpura Road,ColeyNa,1900.0,3.0,1.0,99.0,3
Super built-up  Area,19-Jul,Kanakpura Road,Soazak ,1290.0,2.0,3.0,80.0,2
Super built-up  Area,21-Dec,Kanakpura Road,PrarePa,900.0,2.0,1.0,41.0,2
Super built-up  Area,21-Feb,Kanakpura Road,PrarePa,1100.0,3.0,1.0,52.97,3
Super built-up  Area,21-Dec,Kanakpura Road,PrarePa,700.0,2.0,1.0,34.98,2
Built-up  Area,Ready To Move,Kanakpura Road,PuandHi,1339.0,2.0,2.0,62.0,2
Super built-up  Area,18-Dec,Kanakpura Road,PrityFa,1366.0,2.0,1.0,83.0,2
Super built-up  Area,21-Dec,Kanakpura Road,PrarePa,700.0,2.0,1.0,40.0,2
Built-up  Area,Ready To Move,Kanakpura Road,PuandHi,1800.0,3.0,2.0,90.0,3
Super built-up  Area,Ready To Move,Kanakpura Road,PuandHi,1339.0,2.0,2.0,71.5,2
Super built-up  Area,Ready To Move,Kanakpura Road,PuandHi,1339.0,2.0,2.0,58.0,2
Super built-up  Area,20-Dec,Kanakpura Road,GolusLi,670.0,1.0,1.0,35.0,1
Built-up  Area,Ready To Move,Kanakpura Road,PuandHi,1340.0,2.0,2.0,60.0,2
Built-up  Area,Ready To Move,Kanakpura Road,JRrnauv,1260.0,3.0,3.0,63.58,3
Super built-up  Area,18-May,Kanakpura Road,NellsKo,1155.0,2.0,1.0,55.5,2
Super built-up  Area,21-Dec,Kanakpura Road,PrarePa,900.0,2.0,1.0,41.0,2
Super built-up  Area,21-Jan,Kanakpura Road,PrarePa,700.0,2.0,1.0,34.99,2
Super built-up  Area,21-May,Kanakpura Road,GolusLi,1309.0,2.0,3.0,64.39,2
Super built-up  Area,21-Dec,Kanakpura Road,PrarePa,525.0,1.0,1.0,30.0,1
Super built-up  Area,Ready To Move,Kanakpura Road,PuandHi,1843.0,3.0,2.0,82.0,3
Super built-up  Area,Ready To Move,Kanakpura Road,JRrnauv,1550.0,3.0,3.0,65.11,3
Super built-up  Area,Ready To Move,Kanakpura Road,PuandHi,1498.0,3.0,2.0,95.0,3
Super built-up  Area,Ready To Move,Kanakpura Road,PuandHi,1665.0,3.0,2.0,86.91,3
Super built-up  Area,Ready To Move,Kanakpura Road,PuandHi,1665.0,3.0,2.0,86.58,3
Super built-up  Area,21-Mar,Kanakpura Road,GolusLi,712.0,1.0,1.0,38.44,1
Super built-up  Area,Ready To Move,Kanakpura Road,JRrnauv,1450.0,3.0,3.0,62.4,3
Super built-up  Area,Ready To Move,Kanakpura Road,PuandHi,1843.0,3.0,2.0,85.0,3
Super built-up  Area,Ready To Move,Kanakpura Road,Niacesa,1507.0,2.0,3.0,95.0,3
Super built-up  Area,21-Dec,Kanakpura Road,PrarePa,700.0,2.0,1.0,35.07,2
Super built-up  Area,Ready To Move,Kanakpura Road,PuandHi,1339.0,2.0,2.0,85.0,2
Super built-up  Area,21-Dec,Kanakpura Road,PrarePa,525.0,1.0,1.0,27.0,1
Super built-up  Area,21-Dec,Kanakpura Road,PrarePa,525.0,1.0,1.0,27.5,1
Super built-up  Area,21-Dec,Kanakpura Road,PrarePa,525.0,1.0,1.0,26.25,1
Super built-up  Area,Ready To Move,Kanakpura Road,JRrnauv,1452.0,3.0,3.0,60.98,3
Super built-up  Area,21-Dec,Kanakpura Road,PrarePa,525.0,1.0,1.0,26.0,1
Built-up  Area,Ready To Move,Kanakpura Road,Wiowsri,1050.0,2.0,1.0,59.0,3
Carpet  Area,Ready To Move,Kanakpura Road,PuandHi,1600.0,3.0,3.0,90.0,3
Super built-up  Area,21-May,Kanakpura Road,GolusLi,1283.0,2.0,2.0,63.22,2
Super built-up  Area,21-Dec,Kanakpura Road,PrarePa,1100.0,3.0,2.0,53.0,3
Super built-up  Area,Ready To Move,Kanakpura Road,PuandHi,1843.0,3.0,2.0,88.0,3
Super built-up  Area,21-Dec,Kanakpura Road,PrarePa,1100.0,3.0,2.0,56.57,3
Super built-up  Area,Ready To Move,Kanakpura Road,JRrnauv,1550.0,3.0,3.0,65.1,3
Super built-up  Area,Ready To Move,Kanakpura Road,PuandHi,1843.0,3.0,2.0,96.2,3
Super built-up  Area,21-May,Kanakpura Road,GolusLi,1500.0,3.0,1.0,72.99,3
Super built-up  Area,Ready To Move,Kanakpura Road,Wiowsri,1450.0,2.0,2.0,62.93,3
Built-up  Area,Ready To Move,Kanakpura Road,Prdhue ,1240.0,2.0,2.0,65.0,2
Super built-up  Area,Ready To Move,Kanakpura Road,Hahtsya,1420.0,3.0,3.0,68.0,3
Super built-up  Area,Ready To Move,Kanakpura Road,PuandHi,1498.0,3.0,2.0,74.9,3
Super built-up  Area,Ready To Move,Kanakpura Road,NevenLi,1300.0,2.0,2.0,55.0,3
Super built-up  Area,20-Oct,Kanakpura Road,PrarePa,700.0,2.0,1.0,41.0,2
Super built-up  Area,21-Dec,Kanakpura Road,PrarePa,700.0,2.0,1.0,35.0,2
Super built-up  Area,Ready To Move,Kanakpura Road,JRrnauv,1570.0,3.0,3.0,65.93,3
Super built-up  Area,Ready To Move,Kanakpura Road,JRrnauv,1450.0,3.0,2.0,65.0,3
Super built-up  Area,20-Dec,Kanakpura Road,PrarePa,700.0,1.0,1.0,41.0,2
Super built-up  Area,21-Oct,Kanakpura Road,PrarePa,1100.0,3.0,1.0,58.0,3
Super built-up  Area,21-Jan,Kanakpura Road,PrarePa,700.0,2.0,1.0,40.0,2
Super built-up  Area,21-Dec,Kanakpura Road,PrarePa,1100.0,2.0,1.0,52.97,3
Super built-up  Area,18-May,Kanakpura Road,Wiowsri,1450.0,2.0,2.0,70.18,3
Super built-up  Area,21-Jan,Kanakpura Road,PrarePa,525.0,1.0,1.0,26.01,1
Built-up  Area,Ready To Move,Kanakpura Road,PuandHi,1843.0,3.0,2.0,85.0,3
Super built-up  Area,21-May,Kanakpura Road,GolusLi,1938.0,3.0,3.0,92.69,3
Built-up  Area,Ready To Move,Kanakpura Road,Prdhue ,1322.0,2.0,3.0,70.0,2
Super built-up  Area,19-Jul,Kanakpura Road,Soazak ,1698.0,2.0,1.0,105.0,2
Super built-up  Area,21-Dec,Kanakpura Road,PrarePa,1300.0,3.0,2.0,69.0,3
Super built-up  Area,21-Oct,Kanakpura Road,PrarePa,1300.0,3.0,1.0,69.0,3
Super built-up  Area,21-Dec,Kanakpura Road,PrarePa,700.0,2.0,1.0,34.0,2
Super built-up  Area,21-Mar,Kanakpura Road,GolusLi,1167.0,2.0,1.0,63.0,2
Super built-up  Area,Ready To Move,Kanakpura Road,SoapeSu,1419.59,2.0,1.0,65.0,3
Super built-up  Area,Ready To Move,Kanakpura Road,Puestol,1665.0,3.0,2.0,78.0,3
Super built-up  Area,Ready To Move,Kanakpura Road,PuandHi,1339.0,2.0,2.0,63.0,2
Super built-up  Area,20-Oct,Kanakpura Road,PrarePa,1300.0,3.0,1.0,69.0,3
Super built-up  Area,Ready To Move,Kanakpura Road,JRrnauv,1450.0,3.0,3.0,60.9,3
Super built-up  Area,21-Jan,Kanakpura Road,PrarePa,1300.0,3.0,1.0,64.0,3
Super built-up  Area,Ready To Move,Kanakpura Road,Atarebe,1430.0,2.0,2.0,78.0,2
Super built-up  Area,21-Dec,Kanakpura Road,PrarePa,700.0,2.0,1.0,36.0,2
Super built-up  Area,Ready To Move,Kanakpura Road,Hahtsya,1220.0,2.0,2.0,60.0,2
Super built-up  Area,21-Dec,Kanakpura Road,PrarePa,1100.0,3.0,2.0,53.0,3
Super built-up  Area,21-Dec,Kanakpura Road,PrarePa,1100.0,3.0,2.0,58.0,3
Super built-up  Area,Ready To Move,Kanakpura Road,JRrnauv,1452.0,3.0,3.0,60.98,3
Super built-up  Area,Ready To Move,Kanakpura Road,PuandHi,1700.0,3.0,2.0,75.0,3
Super built-up  Area,21-Dec,Kanakpura Road,PrarePa,900.0,2.0,1.0,41.0,2
Super built-up  Area,21-Dec,Kanakpura Road,PrarePa,1100.0,3.0,2.0,53.0,3
Built-up  Area,Ready To Move,Kanakpura Road,SoestSu,2000.0,3.0,3.0,105.0,3
Super built-up  Area,20-Dec,Kanakpura Road,PrarePa,900.0,2.0,1.0,41.0,2
Super built-up  Area,Ready To Move,Kanakpura Road,PuandHi,1843.0,3.0,2.0,95.0,3
Super built-up  Area,20-Dec,Kanakpura Road,PrarePa,1100.0,2.0,1.0,53.0,3
Built-up  Area,Ready To Move,Kanakpura Road,PuandHi,1843.0,3.0,2.0,90.0,3
Super built-up  Area,21-Dec,Kanakpura Road,PrarePa,900.0,2.0,1.0,46.29,2
Super built-up  Area,18-May,Kanakpura Road,Maionus,850.0,1.0,1.0,37.32,1
Super built-up  Area,Ready To Move,Kanakpura Road,JRrnauv,1570.0,3.0,2.0,68.0,3
Super built-up  Area,21-Dec,Kanakpura Road,PrarePa,525.0,1.0,1.0,30.0,1
Super built-up  Area,21-Mar,Kanakpura Road,GolusLi,1938.0,3.0,3.0,105.0,3
Super built-up  Area,Ready To Move,Kanakpura Road,Puestol,1843.0,3.0,2.0,96.2,3
Super built-up  Area,21-Dec,Kanakpura Road,PrarePa,525.0,1.0,1.0,26.0,1
Super built-up  Area,Ready To Move,Kanakpura Road,Hahtsya,1610.0,3.0,3.0,78.5,3
Built-up  Area,Ready To Move,Kanakpura Road,JRrnauv,1250.0,3.0,3.0,62.6,3
Super built-up  Area,Ready To Move,Kanakpura Road,JRrnauv,1450.0,3.0,3.0,60.91,3
Super built-up  Area,20-Dec,Kanakpura Road,PrarePa,700.0,2.0,2.0,36.0,2
Super built-up  Area,21-Sep,Kanakpura Road,PrarePa,900.0,2.0,1.0,42.0,2
Super built-up  Area,Ready To Move,Kanakpura Road,PuandHi,1665.0,3.0,2.0,74.9,3
Super built-up  Area,Ready To Move,Kanakpura Road,JRrnauv,1450.0,3.0,3.0,60.9,3
Super built-up  Area,Ready To Move,Kanakpura Road,PuandHi,1339.0,2.0,2.0,67.0,2
Super built-up  Area,Ready To Move,Kannamangala,VBownre,957.0,2.0,1.0,58.0,2
Built-up  Area,Ready To Move,Kannamangala,VBownre,957.0,2.0,1.0,56.0,2
Super built-up  Area,19-Jul,Kannamangala,Sonue A,1536.0,3.0,1.0,89.0,3
Plot  Area,Ready To Move,Kannamangala,MIalerd,2400.0,4.0,1.0,130.0,4
Super built-up  Area,Ready To Move,Kannamangala,Sonue A,1574.0,3.0,1.0,93.34,3
Built-up  Area,17-Mar,Kannamangala,VBownre,957.0,2.0,0.0,52.5,2
Super built-up  Area,18-Dec,Kannamangala,Sonue A,1536.0,3.0,1.0,104.0,3
Super built-up  Area,Ready To Move,Kannamangala,VBownre,957.0,2.0,2.0,54.5,2
Super built-up  Area,Ready To Move,Kannamangala,VBownre,957.0,2.0,1.0,55.0,2
Built-up  Area,17-Sep,Kannamangala,VBownre,957.0,2.0,2.0,56.0,2
Built-up  Area,Ready To Move,Karuna Nagar,CoinoCu,2500.0,3.0,2.0,180.0,3
Plot  Area,Ready To Move,Karuna Nagar,CoinoCu,2500.0,3.0,2.0,190.0,3
Built-up  Area,Ready To Move,Karuna Nagar,CoinoCu,1962.0,3.0,2.0,175.0,3
Super built-up  Area,Ready To Move,Karuna Nagar,AjityIn,1057.0,2.0,1.0,65.0,2
Super built-up  Area,Ready To Move,Karuna Nagar,Ajnue A,1354.0,2.0,1.0,98.0,3
Super built-up  Area,Ready To Move,Karuna Nagar,AjityIn,1945.0,3.0,3.0,115.0,3
Super built-up  Area,Ready To Move,Karuna Nagar,CoinoCu,1960.0,3.0,2.0,165.0,3
Super built-up  Area,Ready To Move,Kasavanhalli,Srire S,1060.0,2.0,2.0,58.06,2
Super built-up  Area,Ready To Move,Kasavanhalli,HMwerCo,1563.05,3.0,1.0,105.0,3
Built-up  Area,Ready To Move,Kasavanhalli,HMonymp,1717.0,3.0,3.0,99.0,3
Built-up  Area,Ready To Move,Kasavanhalli,Ocrda M,1799.0,3.0,3.0,90.0,3
Super built-up  Area,Ready To Move,Kasavanhalli,Salisal,1349.0,2.0,2.0,78.0,2
Super built-up  Area,18-Feb,Kasavanhalli,Brersge,1121.0,2.0,2.0,78.0,2
Super built-up  Area,Ready To Move,Kasavanhalli,HMonymp,1200.0,2.0,1.0,78.0,2
Super built-up  Area,19-Mar,Kasavanhalli,Oca 2 V,1646.0,3.0,2.0,79.5,3
Super built-up  Area,Ready To Move,Kasavanhalli,HMwerCo,1476.0,3.0,0.0,89.0,3
Built-up  Area,Ready To Move,Kasavanhalli,Salisal,1719.0,3.0,2.0,116.0,3
Super built-up  Area,Ready To Move,Kasavanhalli,HMonymp,1476.0,3.0,1.0,95.0,3
Super built-up  Area,Ready To Move,Kasavanhalli,Srire S,1090.0,2.0,2.0,59.8,2
Super built-up  Area,Ready To Move,Kasavanhalli,Esree8 ,1494.0,3.0,2.0,82.0,3
Super built-up  Area,Ready To Move,Kasavanhalli,Srire S,770.0,1.0,1.0,43.82,1
Super built-up  Area,20-Jun,Kasavanhalli,Esareap,1147.0,2.0,1.0,60.0,2
Built-up  Area,Ready To Move,Kasavanhalli,HMonymp,1495.0,2.0,2.0,83.0,2
Super built-up  Area,Ready To Move,Kasavanhalli,Conixt ,1225.0,2.0,1.0,69.0,3
Super built-up  Area,Ready To Move,Kasavanhalli,HMonymp,1375.0,2.0,1.0,78.0,2
Super built-up  Area,Ready To Move,Kasavanhalli,HMonymp,1476.0,3.0,0.0,105.0,3
Super built-up  Area,Ready To Move,Kasavanhalli,Ocrda M,1158.0,2.0,2.0,67.0,2
Super built-up  Area,Ready To Move,Kasavanhalli,Ocrda M,1214.0,2.0,3.0,67.0,2
Super built-up  Area,Ready To Move,Kasavanhalli,Doissa ,1575.0,2.0,3.0,85.0,2
Super built-up  Area,Ready To Move,Kasavanhalli,MSopsw ,1100.0,2.0,1.0,68.0,2
Super built-up  Area,Ready To Move,Kasavanhalli,HMonymp,1715.0,3.0,3.0,112.0,3
Super built-up  Area,Ready To Move,Kasavanhalli,MSopsw ,1100.0,2.0,1.0,65.0,2
Super built-up  Area,18-Jul,Kasavanhalli,Oca 2 V,1600.0,3.0,3.0,79.0,3
Built-up  Area,Ready To Move,Kasavanhalli,Bhensa ,1585.0,2.0,2.0,90.0,2
Super built-up  Area,Ready To Move,Kasavanhalli,Bhensa ,1245.0,2.0,2.0,80.0,2
Super built-up  Area,Ready To Move,Kasavanhalli,Salisal,1747.0,3.0,1.0,110.0,3
Super built-up  Area,Ready To Move,Kasavanhalli,HMonymp,1377.0,2.0,2.0,80.0,2
Built-up  Area,18-May,Kasavanhalli,Brersge,1121.0,2.0,2.0,75.0,2
Super built-up  Area,Ready To Move,Kenchenahalli,AriosPa,1015.0,2.0,2.0,58.0,2
Super built-up  Area,Ready To Move,Kenchenahalli,Unateit,1150.0,2.0,2.0,58.0,2
Super built-up  Area,Ready To Move,Kenchenahalli,AriosPa,1280.0,2.0,2.0,69.0,3
Super built-up  Area,Ready To Move,Kenchenahalli,Unateit,1410.0,2.0,2.0,73.0,3
Super built-up  Area,Ready To Move,Kenchenahalli,AriosPa,870.0,1.0,1.0,45.0,2
Super built-up  Area,Ready To Move,Kenchenahalli,AriosPa,1150.0,2.0,2.0,60.0,2
Super built-up  Area,Ready To Move,Kenchenahalli,AriosPa,700.0,1.0,1.0,35.0,1
Super built-up  Area,Ready To Move,Kenchenahalli,Unateit,1060.0,2.0,2.0,52.0,2
Super built-up  Area,Ready To Move,Kenchenahalli,AriosPa,1150.0,2.0,2.0,57.0,2
Super built-up  Area,Ready To Move,Kengeri,Vaens G,1540.0,2.0,3.0,64.0,3
Super built-up  Area,Ready To Move,Kengeri,VBvenal,750.0,2.0,1.0,38.0,2
Super built-up  Area,18-Nov,Kengeri,VBn 2lm,726.0,2.0,1.0,31.0,2
Super built-up  Area,Ready To Move,Kengeri,Vaens G,1025.0,2.0,2.0,57.0,2
Built-up  Area,Ready To Move,Kengeri,Vaens G,1255.0,2.0,2.0,50.0,2
Built-up  Area,Ready To Move,Kengeri,VBvenal,750.0,2.0,1.0,36.0,2
Super built-up  Area,18-Nov,Kengeri,VBn 2lm,726.0,2.0,1.0,35.0,2
Super built-up  Area,19-Aug,Kengeri,VBn 2lm,416.0,1.0,1.0,19.5,1
Super built-up  Area,Ready To Move,Kengeri,BDlexHo,900.0,2.0,2.0,45.0,2
Built-up  Area,Ready To Move,Kengeri,UKanema,787.0,2.0,1.0,31.0,2
Super built-up  Area,19-Aug,Kengeri,VBn 2lm,540.0,1.0,1.0,22.5,1
Super built-up  Area,Ready To Move,Kengeri,VBvenal,750.0,2.0,1.0,35.5,2
Super built-up  Area,18-Apr,Kengeri,Liwerun,1741.0,3.0,2.0,80.0,3
Built-up  Area,Ready To Move,Kengeri,Sravema,1230.0,2.0,2.0,45.0,2
Built-up  Area,Ready To Move,Kengeri,Vaens G,1230.0,2.0,2.0,52.0,3
Super built-up  Area,Ready To Move,Kengeri,VBeriav,750.0,2.0,1.0,36.5,2
Super built-up  Area,18-Nov,Kengeri,VBn 2lm,416.0,1.0,1.0,18.0,1
Super built-up  Area,Ready To Move,Kengeri,DRens A,1220.0,2.0,2.0,63.0,2
Super built-up  Area,Ready To Move,Kengeri,Reunee ,1192.0,2.0,2.0,53.5,2
Super built-up  Area,Ready To Move,Kengeri,VBvenal,750.0,2.0,1.0,40.0,2
Super built-up  Area,19-Dec,Kengeri,VBn 2lm,416.0,1.0,1.0,17.19,1
Super built-up  Area,Ready To Move,Kengeri Satellite Town,HoiewLa,890.0,2.0,1.0,35.0,2
Super built-up  Area,Ready To Move,Kengeri Satellite Town,MB-laan,1415.0,2.0,3.0,66.0,3
Super built-up  Area,Ready To Move,Kengeri Satellite Town,Malowr ,1050.0,2.0,2.0,43.0,2
Super built-up  Area,Ready To Move,Kengeri Satellite Town,Mameser,635.0,1.0,1.0,22.0,2
Super built-up  Area,20-Dec,Kengeri Satellite Town,DSestSt,818.0,2.0,1.0,26.0,2
Super built-up  Area,Ready To Move,Kengeri Satellite Town,Malowr ,795.0,2.0,2.0,32.0,2
Super built-up  Area,Ready To Move,Kengeri Satellite Town,Malowr ,920.0,2.0,3.0,39.0,2
Super built-up  Area,Ready To Move,Kengeri Satellite Town,Malowr ,985.0,2.0,2.0,42.0,2
Super built-up  Area,Ready To Move,Kengeri Satellite Town,ShyamSh,1120.0,2.0,2.0,49.0,2
Super built-up  Area,Ready To Move,Kengeri Satellite Town,ShyamSh,1450.0,2.0,3.0,50.0,3
Built-up  Area,Ready To Move,Kengeri Satellite Town,MMowsik,1110.0,2.0,1.0,43.0,2
Built-up  Area,Ready To Move,Kengeri Satellite Town,Rooodre,1170.0,2.0,3.0,50.0,2
Built-up  Area,Ready To Move,Kengeri Satellite Town,Malowr ,800.0,2.0,1.0,32.0,2
Built-up  Area,Ready To Move,Kereguddadahalli,N iewak,800.0,2.0,2.0,28.0,2
Built-up  Area,Ready To Move,Kereguddadahalli,DSdorSp,904.0,2.0,1.0,30.0,2
Super built-up  Area,Ready To Move,Kereguddadahalli,DSdorSp,1300.0,2.0,2.0,39.0,3
Super built-up  Area,Ready To Move,Kereguddadahalli,Jaood G,1000.0,2.0,2.0,30.0,2
Built-up  Area,Ready To Move,Kereguddadahalli,Jaood G,1240.0,3.0,2.0,41.0,3
Built-up  Area,Ready To Move,Kereguddadahalli,Inave R,600.0,1.0,1.0,19.5,1
Built-up  Area,Ready To Move,Kereguddadahalli,Jaood G,1080.0,2.0,2.0,32.0,2
Super built-up  Area,Ready To Move,Kereguddadahalli,Jaood G,1000.0,2.0,1.0,34.0,2
Super built-up  Area,Ready To Move,Kereguddadahalli,DSdorSp,1400.0,2.0,2.0,42.0,3
Carpet  Area,Ready To Move,Kereguddadahalli,Jaood G,1280.0,3.0,1.0,42.0,3
Super built-up  Area,Ready To Move,Kereguddadahalli,Jaood G,1015.0,2.0,1.0,35.0,2
Built-up  Area,Ready To Move,Kodichikkanahalli,Prs 2hi,995.0,2.0,1.0,41.0,2
Super built-up  Area,Ready To Move,Kodichikkanahalli,Suntsan,1495.0,2.0,2.0,75.0,3
Super built-up  Area,Ready To Move,Kodichikkanahalli,Aaubyya,1125.0,2.0,1.0,52.0,2
Built-up  Area,Ready To Move,Kodichikkanahalli,Saire S,1150.0,2.0,3.0,48.0,2
Super built-up  Area,Ready To Move,Kodichikkanahalli,Suntsan,1620.0,2.0,2.0,85.0,3
Super built-up  Area,Ready To Move,Kodichikkanahalli,DiamiSa,1560.0,2.0,2.0,65.0,3
Built-up  Area,Ready To Move,Kodichikkanahalli,Jae 1ke,450.0,1.0,1.0,18.0,1
Super built-up  Area,Ready To Move,Kodichikkanahalli,PentyVB,1181.0,2.0,2.0,57.0,2
Super built-up  Area,Ready To Move,Kodichikkanahalli,Jae 1ke,1310.0,2.0,2.0,53.0,3
Super built-up  Area,Ready To Move,Kodichikkanahalli,Prs 2hi,976.0,2.0,1.0,50.0,2
Super built-up  Area,Ready To Move,Kodichikkanahalli,Peace P,1299.0,2.0,3.0,58.0,2
Super built-up  Area,Ready To Move,Kodihalli,Soianal,3252.0,5.0,3.0,335.0,4
Super built-up  Area,Ready To Move,Kodihalli,Soianal,2700.0,4.0,1.0,270.0,3
Super built-up  Area,Ready To Move,Kodihalli,Soianal,2392.0,4.0,2.0,260.0,3
Super built-up  Area,Ready To Move,Kodihalli,Soianal,2408.0,4.0,2.0,260.0,3
Super built-up  Area,Ready To Move,Kodihalli,Soianal,2500.0,4.0,1.0,260.0,3
Super built-up  Area,18-Aug,Kodihalli,Soianal,3260.0,5.0,3.0,388.0,4
Super built-up  Area,Ready To Move,Kodihalli,Soianal,3197.0,5.0,2.0,335.0,4
Super built-up  Area,Ready To Move,Koramangala,Proodt ,1320.0,2.0,1.0,165.0,2
Super built-up  Area,Ready To Move,Koramangala,Ansna K,1253.0,2.0,1.0,102.0,2
Super built-up  Area,Ready To Move,Koramangala,TealeRo,1580.0,3.0,2.0,160.0,3
Super built-up  Area,Ready To Move,Koramangala,K ncy R,3500.0,5.0,2.0,425.0,4
Super built-up  Area,Ready To Move,Koramangala,K ncy R,1005.0,1.0,1.0,110.0,2
Super built-up  Area,Ready To Move,Koramangala,Wiass G,1835.0,2.0,3.0,155.0,3
Super built-up  Area,Ready To Move,Koramangala,Saace P,1300.0,2.0,3.0,110.0,2
Super built-up  Area,Ready To Move,Koramangala,Suryais,1325.0,2.0,2.0,119.0,2
Built-up  Area,Ready To Move,Koramangala,Gencysi,1260.0,2.0,3.0,100.0,2
Built-up  Area,Ready To Move,Koramangala,Proodt ,1900.0,2.0,1.0,200.0,2
Super built-up  Area,Ready To Move,Koramangala,Gencysi,1900.0,3.0,3.0,150.0,3
Super built-up  Area,Ready To Move,Koramangala,Proodt ,1320.0,2.0,1.0,150.0,2
Super built-up  Area,Ready To Move,Koramangala,Saace P,1320.0,2.0,2.0,110.0,2
Built-up  Area,Ready To Move,Koramangala,KHage G,1615.0,3.0,2.0,115.0,3
Super built-up  Area,Ready To Move,Koramangala,Ansna K,1500.0,3.0,1.0,135.0,3
Super built-up  Area,Ready To Move,Koramangala,Proodt ,1744.0,3.0,1.0,200.0,3
Super built-up  Area,Ready To Move,Koramangala,K ncy R,1180.0,2.0,1.0,128.0,2
Super built-up  Area,Ready To Move,Koramangala,Proodt ,1320.0,2.0,1.0,160.0,2
Built-up  Area,Ready To Move,Koramangala,KHage G,1370.0,2.0,2.0,125.0,2
Super built-up  Area,Ready To Move,Koramangala,KHage G,1100.0,2.0,2.0,85.0,2
Super built-up  Area,Ready To Move,Koramangala,KHage G,1720.0,2.0,1.0,130.0,3
Super built-up  Area,Ready To Move,Koramangala,Proodt ,1744.0,4.0,1.0,210.0,3
Super built-up  Area,Ready To Move,Koramangala,Proodt ,1320.0,2.0,1.0,160.0,2
Built-up  Area,Ready To Move,Koramangala,HawerMa,1350.0,2.0,2.0,103.0,2
Super built-up  Area,Ready To Move,Koramangala,KHage G,1642.0,2.0,1.0,115.0,3
Super built-up  Area,Ready To Move,Koramangala,Proodt ,1320.0,2.0,1.0,160.0,2
Built-up  Area,Ready To Move,Koramangala,K ncy R,1710.0,3.0,2.0,210.0,3
Super built-up  Area,Ready To Move,Koramangala,K ncy R,1600.0,3.0,1.0,170.0,3
Super built-up  Area,Ready To Move,Koramangala,Gencysi,1260.0,2.0,1.0,100.0,2
Super built-up  Area,Ready To Move,Koramangala,K ncy R,1600.0,2.0,0.0,140.0,3
Plot  Area,Ready To Move,Kothanur,BDensar,2400.0,2.0,1.0,150.0,3
Super built-up  Area,Ready To Move,Kothanur,Somumys,1847.0,3.0,2.0,105.0,3
Super built-up  Area,Ready To Move,Kothanur,Somumys,1847.0,3.0,2.0,110.0,3
Super built-up  Area,Ready To Move,Kothanur,Somumys,1790.0,3.0,2.0,105.0,3
Built-up  Area,Ready To Move,Kothanur,Somumys,1790.0,3.0,0.0,97.0,3
Super built-up  Area,Ready To Move,Kothanur,Somumys,1786.0,2.0,2.0,106.0,3
Super built-up  Area,Ready To Move,Kothanur,Somumys,1787.0,3.0,2.0,107.0,3
Super built-up  Area,Ready To Move,Kothanur,YMhenLi,1400.0,2.0,1.0,70.0,2
Super built-up  Area,Ready To Move,Kothanur,Somumys,1787.0,3.0,2.0,120.0,3
Super built-up  Area,Ready To Move,Kothanur,Somumys,1790.0,3.0,2.0,105.0,3
Super built-up  Area,Ready To Move,Kothanur,Somumys,1790.0,3.0,2.0,120.0,3
Super built-up  Area,Ready To Move,Kudlu,GKityel,1152.0,2.0,1.0,53.5,2
Super built-up  Area,Ready To Move,Kudlu,Srrnasa,1092.0,2.0,2.0,44.0,2
Super built-up  Area,Ready To Move,Kudlu,Srrnasa,1027.0,2.0,2.0,43.0,2
Super built-up  Area,Ready To Move,Kudlu,Srrnasa,1092.0,2.0,2.0,44.0,2
Super built-up  Area,Ready To Move,Kudlu,GKityel,1143.0,2.0,1.0,55.0,2
Super built-up  Area,Ready To Move,Kudlu,Srrnasa,1024.0,2.0,2.0,44.0,2
Super built-up  Area,Ready To Move,Kudlu,GKityde,1570.0,2.0,2.0,65.94,3
Built-up  Area,Ready To Move,Kudlu,GKityde,1600.0,3.0,3.0,79.0,3
Super built-up  Area,Ready To Move,Kudlu,Srrnasa,1027.0,2.0,2.0,42.0,2
Super built-up  Area,Ready To Move,Kudlu,MRvar S,1084.0,2.0,1.0,53.0,2
Built-up  Area,Ready To Move,Kudlu,GKityde,1300.0,2.0,2.0,56.0,2
Built-up  Area,Ready To Move,Kudlu,Srrnasa,1027.0,2.0,2.0,44.0,2
Super built-up  Area,Ready To Move,Kudlu,Srrnasa,1027.0,2.0,1.0,44.0,2
Super built-up  Area,Ready To Move,Kudlu,GKityel,720.0,1.0,1.0,33.0,1
Super built-up  Area,Ready To Move,Kudlu,GKityel,1162.0,2.0,1.0,52.0,2
Super built-up  Area,Ready To Move,Kudlu Gate,Srier P,1535.0,3.0,2.0,83.0,3
Super built-up  Area,Ready To Move,Kudlu Gate,Srier P,1535.0,3.0,2.0,85.0,3
Super built-up  Area,Ready To Move,Kudlu Gate,Srier P,1535.0,3.0,1.0,78.0,3
Super built-up  Area,Ready To Move,Kudlu Gate,Srier P,1535.0,3.0,2.0,86.0,3
Super built-up  Area,18-Dec,Kudlu Gate,Sanzaat,1564.0,2.0,1.0,92.0,3
Super built-up  Area,Ready To Move,Kudlu Gate,Srier P,1535.0,3.0,2.0,86.0,3
Super built-up  Area,Ready To Move,Kudlu Gate,Srier P,1532.0,3.0,2.0,83.0,3
Super built-up  Area,Ready To Move,Kudlu Gate,Brlms P,1656.0,3.0,2.0,80.0,3
Built-up  Area,Ready To Move,Kudlu Gate,Wharl P,812.0,2.0,1.0,38.25,2
Super built-up  Area,Ready To Move,Kudlu Gate,Srier P,1535.0,3.0,2.0,85.0,3
Super built-up  Area,18-Aug,Kudlu Gate,Sanzaat,1850.0,3.0,2.0,120.0,3
Built-up  Area,Ready To Move,Kudlu Gate,Brlms P,1164.0,2.0,2.0,75.0,2
Super built-up  Area,18-Dec,Kudlu Gate,Sanzaat,1850.0,3.0,2.0,110.0,3
Super built-up  Area,Ready To Move,Kundalahalli,Dieldli,1724.0,3.0,2.0,125.0,3
Super built-up  Area,Ready To Move,Kundalahalli,Dieldli,735.0,2.0,1.0,57.99,2
Built-up  Area,18-Mar,Kundalahalli,Dieldli,1047.0,2.0,1.0,82.0,2
Super built-up  Area,Ready To Move,Kundalahalli,Dieldli,1397.0,3.0,3.0,105.0,3
Super built-up  Area,17-Dec,Kundalahalli,Dieldli,1724.0,3.0,2.0,127.0,3
Super built-up  Area,Ready To Move,Kundalahalli,Dieldli,1397.0,3.0,2.0,110.0,3
Super built-up  Area,18-Feb,Kundalahalli,Dieldli,1397.0,3.0,2.0,104.0,3
Super built-up  Area,18-May,Kundalahalli,Dieldli,1397.0,3.0,3.0,108.0,3
Super built-up  Area,Ready To Move,Kundalahalli,Roima A,1920.0,3.0,2.0,150.0,3
Super built-up  Area,Ready To Move,Kundalahalli,Dieldli,1397.0,3.0,3.0,105.0,3
Super built-up  Area,Ready To Move,Kundalahalli,Dieldli,1724.0,3.0,2.0,124.0,3
Super built-up  Area,Ready To Move,Kundalahalli,Dieldli,1047.0,2.0,1.0,84.0,2
Super built-up  Area,Ready To Move,Kundalahalli,Dieldli,1047.0,2.0,1.0,83.0,2
Super built-up  Area,Ready To Move,Kundalahalli,Dieldli,1047.0,2.0,1.0,82.62,2
Super built-up  Area,Ready To Move,Kundalahalli,Dieldli,1047.0,2.0,1.0,91.0,2
Super built-up  Area,18-Mar,Kundalahalli,Dieldli,1724.0,3.0,1.0,146.0,3
Super built-up  Area,18-Dec,Kundalahalli,Dieldli,1724.0,3.0,1.0,125.0,3
Super built-up  Area,18-Jun,Kundalahalli,Dieldli,1047.0,2.0,1.0,89.0,2
Super built-up  Area,18-Aug,Kundalahalli,Dieldli,1397.0,3.0,3.0,105.0,3
Super built-up  Area,Ready To Move,Kundalahalli,Dieldli,1047.0,2.0,1.0,72.0,2
Built-up  Area,Ready To Move,Kundalahalli,Roima A,3092.0,4.0,3.0,230.0,4
Super built-up  Area,18-Jun,Kundalahalli,Dieldli,1724.0,3.0,1.0,146.0,3
Super built-up  Area,Ready To Move,Kundalahalli,Dieldli,1047.0,2.0,2.0,91.0,2
Super built-up  Area,Ready To Move,Kundalahalli,Dieldli,1724.0,3.0,2.0,128.0,3
Built-up  Area,Ready To Move,Kundalahalli,Roima A,2100.0,3.0,2.0,150.0,3
Super built-up  Area,Ready To Move,Kundalahalli,Dieldli,1724.0,3.0,1.0,125.0,3
Super built-up  Area,18-Feb,Kundalahalli,Dieldli,1724.0,3.0,3.0,140.0,3
Super built-up  Area,Ready To Move,Lakshminarayana Pura,RothaVa,1185.0,2.0,2.0,75.0,2
Super built-up  Area,Ready To Move,Lakshminarayana Pura,Puarent,1600.0,2.0,1.0,108.0,3
Built-up  Area,Ready To Move,Lakshminarayana Pura,RothaVa,1180.0,2.0,2.0,75.0,2
Built-up  Area,Ready To Move,Lakshminarayana Pura,RothaVa,1179.0,2.0,1.0,75.0,2
Super built-up  Area,Ready To Move,Lakshminarayana Pura,RothaVa,1149.0,2.0,1.0,75.0,2
Super built-up  Area,Ready To Move,Lakshminarayana Pura,Puarent,1336.0,2.0,2.0,100.0,2
Super built-up  Area,Ready To Move,Lakshminarayana Pura,RothaVa,1175.0,2.0,2.0,75.0,2
Super built-up  Area,Ready To Move,Lakshminarayana Pura,RothaVa,1190.0,2.0,1.0,75.0,2
Super built-up  Area,Ready To Move,Lakshminarayana Pura,RothaVa,1200.0,2.0,2.0,75.0,2
Built-up  Area,Ready To Move,Lakshminarayana Pura,RothaVa,1165.0,2.0,2.0,75.0,2
Super built-up  Area,Ready To Move,Lakshminarayana Pura,RothaVa,1145.0,2.0,1.0,75.0,2
Super built-up  Area,Ready To Move,Lakshminarayana Pura,RothaVa,1500.0,3.0,2.0,104.0,3
Built-up  Area,Ready To Move,Lakshminarayana Pura,RothaVa,1169.0,2.0,2.0,75.0,2
Built-up  Area,Ready To Move,Lakshminarayana Pura,RothaVa,1200.0,2.0,1.0,75.0,2
Built-up  Area,Ready To Move,Lakshminarayana Pura,RothaVa,1172.0,2.0,1.0,75.0,2
Super built-up  Area,Ready To Move,Lakshminarayana Pura,RothaVa,1180.0,2.0,1.0,75.0,2
Super built-up  Area,Ready To Move,Lakshminarayana Pura,RothaVa,1200.0,2.0,3.0,83.0,2
Super built-up  Area,Ready To Move,Lakshminarayana Pura,RothaVa,1200.0,2.0,2.0,80.0,2
Built-up  Area,Ready To Move,Lakshminarayana Pura,RothaVa,1195.0,2.0,1.0,75.0,2
Built-up  Area,Ready To Move,Lakshminarayana Pura,RothaVa,1200.0,2.0,1.0,80.0,2
Super built-up  Area,Ready To Move,Lingadheeranahalli,Soiewre,1521.0,3.0,1.0,95.0,3
Super built-up  Area,Ready To Move,Lingadheeranahalli,Soiewre,1511.0,3.0,1.0,95.0,3
Super built-up  Area,Ready To Move,Lingadheeranahalli,Soiewre,1683.0,3.0,1.0,109.0,3
Super built-up  Area,Ready To Move,Lingadheeranahalli,Soiewre,1519.0,3.0,1.0,93.0,3
Super built-up  Area,Ready To Move,Lingadheeranahalli,Soiewre,1521.0,3.0,1.0,94.99,3
Super built-up  Area,Ready To Move,Lingadheeranahalli,Soiewre,1682.0,3.0,1.0,120.0,3
Super built-up  Area,Ready To Move,Lingadheeranahalli,Soiewre,1521.0,3.0,1.0,94.71,3
Super built-up  Area,Ready To Move,Lingadheeranahalli,Soiewre,1893.0,3.0,1.0,130.0,3
Super built-up  Area,Ready To Move,Lingadheeranahalli,Soiewre,1705.0,3.0,1.0,110.0,3
Super built-up  Area,Ready To Move,Lingadheeranahalli,Soiewre,2245.0,4.0,2.0,154.0,4
Super built-up  Area,Ready To Move,Lingadheeranahalli,Soiewre,1682.0,3.0,1.0,113.0,3
Super built-up  Area,Ready To Move,Lingadheeranahalli,Soiewre,1682.0,3.0,1.0,114.0,3
Super built-up  Area,Ready To Move,Lingadheeranahalli,Soiewre,1506.0,3.0,1.0,95.0,3
Super built-up  Area,Ready To Move,Lingadheeranahalli,Soiewre,1683.0,3.0,1.0,110.0,3
Super built-up  Area,Ready To Move,Lingadheeranahalli,Soiewre,1684.0,3.0,1.0,120.0,3
Super built-up  Area,Ready To Move,Lingadheeranahalli,Soiewre,2236.0,4.0,2.0,153.0,4
Super built-up  Area,Ready To Move,Lingadheeranahalli,Soiewre,1894.0,4.0,1.0,114.0,3
Super built-up  Area,Ready To Move,Lingadheeranahalli,Soiewre,2240.0,4.0,2.0,160.0,4
Super built-up  Area,18-Aug,Magadi Road,Vrenty ,1116.0,2.0,1.0,50.0,2
Super built-up  Area,Ready To Move,Magadi Road,Bilya A,1282.0,2.0,2.0,49.0,3
Super built-up  Area,Ready To Move,Magadi Road,Vrenty ,884.0,2.0,1.0,41.1,2
Super built-up  Area,18-Aug,Magadi Road,Vrenty ,1005.0,2.0,1.0,55.78,2
Super built-up  Area,18-Aug,Magadi Road,Vrenty ,1322.0,2.0,2.0,58.82,3
Built-up  Area,Ready To Move,Magadi Road,DSellil,1345.0,2.0,2.0,55.0,2
Super built-up  Area,Ready To Move,Magadi Road,Vrenty ,1191.0,2.0,1.0,55.38,3
Super built-up  Area,Ready To Move,Magadi Road,Vrenty ,1116.0,2.0,1.0,51.89,2
Super built-up  Area,18-Aug,Magadi Road,Vrenty ,1052.0,2.0,1.0,60.0,3
Super built-up  Area,18-May,Magadi Road,Vrenty ,1318.0,2.0,1.0,68.0,3
Super built-up  Area,18-Aug,Magadi Road,Vrenty ,884.0,2.0,1.0,48.0,2
Super built-up  Area,Ready To Move,Mahadevpura,Neisei ,1434.0,2.0,1.0,67.39,3
Super built-up  Area,Ready To Move,Mahadevpura,Neisei ,1146.0,2.0,1.0,53.8,2
Super built-up  Area,Ready To Move,Mahadevpura,Neisei ,1620.0,2.0,1.0,76.0,3
Super built-up  Area,Ready To Move,Mahadevpura,Neisei ,1400.0,2.0,2.0,65.8,3
Super built-up  Area,Ready To Move,Mahadevpura,Neisei ,1137.0,2.0,1.0,53.4,2
Super built-up  Area,Ready To Move,Mahadevpura,Neisei ,1152.0,2.0,1.0,54.0,2
Super built-up  Area,Ready To Move,Mahadevpura,Neisei ,1212.0,2.0,1.0,56.9,2
Super built-up  Area,Ready To Move,Mahadevpura,Maourit,1505.0,3.0,2.0,64.0,3
Super built-up  Area,Ready To Move,Mahadevpura,Neisei ,1500.0,2.0,1.0,70.0,3
Super built-up  Area,Ready To Move,Mahadevpura,Neisei ,1236.0,2.0,1.0,58.0,2
Super built-up  Area,Ready To Move,Mahadevpura,Neisei ,1236.0,2.0,1.0,58.0,2
Super built-up  Area,Ready To Move,Malleshwaram,Utntspa,705.0,1.0,2.0,67.0,1
Built-up  Area,Ready To Move,Malleshwaram,GaityEt,2500.0,5.0,2.0,325.0,4
Super built-up  Area,Ready To Move,Malleshwaram,Kaamai ,686.0,1.0,1.0,62.5,1
Super built-up  Area,Ready To Move,Malleshwaram,Sariaat,2475.0,4.0,3.0,332.0,3
Super built-up  Area,Ready To Move,Malleshwaram,Sariaat,2475.0,4.0,3.0,320.0,3
Super built-up  Area,Ready To Move,Malleshwaram,SrntsRV,900.0,2.0,1.0,95.0,2
Super built-up  Area,Ready To Move,Malleshwaram,Maens G,1420.0,2.0,1.0,158.0,2
Built-up  Area,Ready To Move,Malleshwaram,Maens G,2000.0,3.0,2.0,250.0,3
Super built-up  Area,Ready To Move,Malleshwaram,Sariaat,2215.0,3.0,1.0,275.0,3
Super built-up  Area,Ready To Move,Malleshwaram,Sariaat,2475.0,4.0,3.0,300.0,3
Super built-up  Area,Ready To Move,Malleshwaram,PantsAp,1290.0,2.0,1.0,120.0,2
Super built-up  Area,Ready To Move,Malleshwaram,Sariaat,2475.0,4.0,3.0,326.0,3
Super built-up  Area,Ready To Move,Malleshwaram,Sariaat,2476.0,3.0,3.0,337.0,3
Super built-up  Area,Ready To Move,Malleshwaram,Sariaat,2475.0,4.0,3.0,337.0,3
Super built-up  Area,Ready To Move,Malleshwaram,Sariaat,2215.0,3.0,2.0,275.0,3
Built-up  Area,Ready To Move,Malleshwaram,Sariaat,2200.0,3.0,2.0,275.0,3
Super built-up  Area,Ready To Move,Malleshwaram,Sariaat,2475.0,4.0,3.0,326.0,3
Super built-up  Area,Ready To Move,Malleshwaram,Sariaat,2475.0,4.0,3.0,340.0,3
Super built-up  Area,Ready To Move,Malleshwaram,Sariaat,2475.0,4.0,3.0,300.0,3
Super built-up  Area,Ready To Move,Malleshwaram,Apinaa ,2610.0,4.0,2.0,306.0,4
Super built-up  Area,Ready To Move,Marathahalli,Aiitya ,1200.0,2.0,2.0,60.0,2
Super built-up  Area,Ready To Move,Marathahalli,Aahts H,1230.0,2.0,2.0,80.0,2
Super built-up  Area,Ready To Move,Marathahalli,PueraRi,3800.0,4.0,3.0,250.0,4
Super built-up  Area,Ready To Move,Marathahalli,PuilaMi,1215.0,2.0,1.0,67.0,2
Super built-up  Area,Ready To Move,Marathahalli,Sutte C,2181.0,3.0,2.0,152.0,4
Super built-up  Area,Ready To Move,Marathahalli,SatatHa,1610.0,3.0,1.0,90.0,3
Super built-up  Area,19-Dec,Marathahalli,PrensKe,1146.0,2.0,1.0,70.0,2
Super built-up  Area,19-Dec,Marathahalli,PrensKe,1469.0,3.0,1.0,89.0,3
Super built-up  Area,Ready To Move,Marathahalli,PadgeOa,1840.0,3.0,3.0,98.0,3
Built-up  Area,Ready To Move,Marathahalli,PueraRi,3951.0,4.0,2.0,220.0,4
Super built-up  Area,Ready To Move,Marathahalli,PueraRi,1583.0,3.0,3.0,105.0,3
Super built-up  Area,Ready To Move,Marathahalli,PueraRi,1900.0,3.0,3.0,123.0,3
Super built-up  Area,19-Mar,Marathahalli,Unezes ,1305.0,2.0,1.0,69.0,3
Super built-up  Area,Ready To Move,Marathahalli,Vaoodar,1365.0,2.0,2.0,73.0,2
Super built-up  Area,Ready To Move,Marathahalli,PueraRi,3800.0,4.0,3.0,205.0,4
Super built-up  Area,Ready To Move,Marathahalli,PueraRi,3895.0,4.0,3.0,220.0,4
Super built-up  Area,Ready To Move,Marathahalli,Vaoodar,1785.0,3.0,2.0,94.0,3
Built-up  Area,Ready To Move,Marathahalli,PueraRi,4000.0,4.0,3.0,220.0,4
Built-up  Area,Ready To Move,Marathahalli,PueraRi,1325.0,1.0,1.0,92.0,2
Super built-up  Area,Ready To Move,Marathahalli,Valdsic,1550.0,3.0,2.0,83.0,3
Super built-up  Area,Ready To Move,Marathahalli,Asintas,1350.0,2.0,1.0,86.0,2
Super built-up  Area,Ready To Move,Marathahalli,PueraRi,4000.0,4.0,3.0,220.0,4
Super built-up  Area,19-Mar,Marathahalli,Unezes ,607.0,1.0,1.0,35.0,1
Super built-up  Area,Ready To Move,Marathahalli,PueraRi,1583.0,3.0,3.0,109.0,3
Super built-up  Area,Ready To Move,Marathahalli,PuilaMi,1595.0,3.0,2.0,90.0,3
Super built-up  Area,Ready To Move,Marathahalli,Asintas,1350.0,2.0,1.0,89.0,2
Super built-up  Area,Ready To Move,Marathahalli,Aiitya ,1020.0,2.0,1.0,57.0,2
Super built-up  Area,18-Apr,Marathahalli,PuilaMi,1600.0,3.0,2.0,88.0,2
Super built-up  Area,Ready To Move,Marathahalli,Asintas,1710.0,3.0,2.0,100.0,3
Super built-up  Area,17-Jul,Marathahalli,Prionad,1358.0,2.0,1.0,81.0,2
Super built-up  Area,Ready To Move,Marathahalli,Dwterai,1205.0,2.0,1.0,75.0,2
Built-up  Area,Ready To Move,Marathahalli,Vantsra,1200.0,2.0,1.0,67.0,2
Built-up  Area,Ready To Move,Marathahalli,Palanla,1050.0,2.0,1.0,65.0,2
Super built-up  Area,Ready To Move,Marathahalli,PueraRi,3940.0,4.0,3.0,220.0,4
Super built-up  Area,Ready To Move,Marathahalli,Palanla,1435.0,3.0,1.0,73.0,3
Super built-up  Area,18-Dec,Marathahalli,Unezes ,881.0,2.0,1.0,48.06,2
Super built-up  Area,Ready To Move,Marathahalli,Thowsil,1130.0,2.0,2.0,58.0,3
Super built-up  Area,Ready To Move,Marathahalli,Asintas,1710.0,3.0,2.0,100.0,3
Super built-up  Area,Ready To Move,Marathahalli,Asintas,1680.0,3.0,3.0,105.0,3
Super built-up  Area,19-Mar,Marathahalli,Unezes ,700.0,1.0,1.0,38.0,1
Super built-up  Area,19-Dec,Marathahalli,PrensKe,1469.0,3.0,1.0,89.0,3
Super built-up  Area,Ready To Move,Marathahalli,Asintas,1690.0,3.0,2.0,116.0,3
Super built-up  Area,Ready To Move,Marathahalli,Inden O,1065.0,2.0,2.0,55.0,2
Super built-up  Area,Ready To Move,Marathahalli,PuilaMi,1595.0,3.0,2.0,88.0,3
Super built-up  Area,19-Sep,Marathahalli,Vaeva E,2122.0,3.0,2.0,125.0,3
Super built-up  Area,Ready To Move,Marathahalli,Asintas,1730.0,3.0,2.0,115.0,3
Built-up  Area,Ready To Move,Marathahalli,Suvals ,1250.0,2.0,2.0,68.0,2
Super built-up  Area,Ready To Move,Marathahalli,Asintas,1350.0,2.0,1.0,90.0,2
Super built-up  Area,Ready To Move,Marathahalli,Prionad,2500.0,5.0,2.0,175.0,4
Built-up  Area,Ready To Move,Marathahalli,PueraRi,3855.0,4.0,3.0,220.0,4
Super built-up  Area,Ready To Move,Marathahalli,Asintas,3400.0,4.0,3.0,235.0,4
Super built-up  Area,Ready To Move,Marathahalli,PueraRi,3800.0,4.0,3.0,235.0,4
Super built-up  Area,Ready To Move,Marathahalli,PueraRi,3951.0,4.0,3.0,230.0,4
Super built-up  Area,Ready To Move,Marathahalli,Xeitaa ,1270.0,2.0,3.0,73.0,2
Super built-up  Area,Ready To Move,Marathahalli,Valdsic,1550.0,3.0,2.0,85.0,3
Super built-up  Area,Ready To Move,Marathahalli,Saavean,1144.0,2.0,2.0,65.0,2
Super built-up  Area,19-Mar,Marathahalli,Unezes ,1108.0,2.0,1.0,60.0,3
Super built-up  Area,Ready To Move,Marathahalli,Vaoodar,1800.0,3.0,2.0,95.0,3
Super built-up  Area,Ready To Move,Marathahalli,Vaoodar,1650.0,3.0,2.0,85.0,3
Built-up  Area,Ready To Move,Marathahalli,Aantspa,1270.0,2.0,2.0,80.0,2
Super built-up  Area,19-Dec,Marathahalli,PrensKe,1146.0,2.0,1.0,69.0,2
Plot  Area,Ready To Move,Marsur,AreraRe,1800.0,4.0,2.0,145.0,4
Plot  Area,Ready To Move,Marsur,AreraRe,1200.0,3.0,1.0,90.0,3
Plot  Area,Ready To Move,Marsur,AreraRe,1200.0,3.0,1.0,120.0,3
Super built-up  Area,18-Apr,Munnekollal,Sadhii ,1102.0,2.0,2.0,53.67,2
Built-up  Area,Ready To Move,Munnekollal,Keids O,1390.0,3.0,2.0,68.0,3
Super built-up  Area,18-Apr,Munnekollal,Sadhii ,950.0,2.0,1.0,46.5,2
Built-up  Area,Ready To Move,Munnekollal,DaniaNe,1560.0,3.0,3.0,75.0,3
Super built-up  Area,Ready To Move,Munnekollal,DSalehn,1750.0,3.0,3.0,86.5,3
Super built-up  Area,18-Apr,Munnekollal,Sadhii ,1385.0,2.0,2.0,66.5,3
Built-up  Area,Ready To Move,Munnekollal,PancyRe,1080.0,2.0,2.0,45.0,2
Built-up  Area,Ready To Move,Munnekollal,Raisys ,1540.0,2.0,3.0,70.0,3
Super built-up  Area,18-Apr,Munnekollal,Sadhii ,1200.0,2.0,1.0,57.9,3
Super built-up  Area,18-Apr,Munnekollal,Sadhii ,1030.0,2.0,1.0,50.36,2
Super built-up  Area,Ready To Move,Mysore Road,PrntaEn,1175.0,2.0,2.0,73.5,2
Super built-up  Area,19-Apr,Mysore Road,Brama P,1710.0,4.0,2.0,91.31,3
Super built-up  Area,Ready To Move,Mysore Road,PrntaEn,1200.0,2.0,1.0,85.0,2
Super built-up  Area,Ready To Move,Mysore Road,Srkha S,1060.0,2.0,1.0,62.0,2
Super built-up  Area,19-Apr,Mysore Road,Brama P,980.0,2.0,1.0,45.47,2
Super built-up  Area,Ready To Move,Mysore Road,SaodySa,1512.0,2.0,2.0,110.0,3
Super built-up  Area,19-Apr,Mysore Road,Brama P,1070.0,2.0,1.0,49.65,2
Plot  Area,Ready To Move,Mysore Road,SrageGl,900.0,2.0,0.0,65.0,2
Built-up  Area,Ready To Move,Mysore Road,PrawnRa,883.0,2.0,1.0,50.0,2
Super built-up  Area,Ready To Move,Mysore Road,SaodySa,1237.0,2.0,2.0,73.0,2
Super built-up  Area,Ready To Move,Mysore Road,PrawnRa,883.0,2.0,1.0,45.0,2
Super built-up  Area,19-Apr,Mysore Road,Brama P,940.0,2.0,1.0,43.61,2
Super built-up  Area,19-Apr,Mysore Road,Brama P,1500.0,3.0,2.0,74.0,3
Super built-up  Area,Ready To Move,Mysore Road,SaodySa,1568.0,2.0,2.0,100.0,3
Super built-up  Area,19-Apr,Mysore Road,Brama P,1410.0,2.0,2.0,64.0,3
Built-up  Area,Ready To Move,Mysore Road,PrntaEn,1175.0,2.0,2.0,70.5,2
Super built-up  Area,Ready To Move,Mysore Road,Brama P,1500.0,3.0,2.0,70.0,3
Super built-up  Area,Ready To Move,Nagarbhavi,MaentNa,884.0,2.0,2.0,36.0,1
Built-up  Area,Ready To Move,Nagarbhavi,DSesthr,1350.0,2.0,2.0,54.6,3
Super built-up  Area,Ready To Move,Nagarbhavi,SVdhaig,1223.0,2.0,1.0,60.0,2
Built-up  Area,Ready To Move,Nagarbhavi,Jaiewke,956.0,2.0,1.0,49.0,2
Super built-up  Area,Ready To Move,Nagarbhavi,DSdhiSa,1560.0,3.0,3.0,66.0,3
Super built-up  Area,Ready To Move,Nagarbhavi,Deens G,1515.0,2.0,1.0,79.0,3
Super built-up  Area,Ready To Move,Nagarbhavi,Shentpa,1146.0,2.0,1.0,50.0,2
Super built-up  Area,Ready To Move,Nagarbhavi,KohraNa,1190.0,2.0,2.0,63.0,2
Super built-up  Area,Ready To Move,Nagarbhavi,Deens G,1635.0,3.0,3.0,85.0,3
Super built-up  Area,17-Dec,Nagavarapalya,PuonsSe,1392.0,2.0,1.0,99.0,2
Super built-up  Area,Ready To Move,Nagavarapalya,PuonsSe,705.0,1.0,1.0,52.5,1
Super built-up  Area,Ready To Move,Nagavarapalya,Giconal,1300.0,3.0,1.0,80.0,3
Super built-up  Area,Ready To Move,Nagavarapalya,PuonsSe,705.0,1.0,1.0,57.0,1
Super built-up  Area,Ready To Move,Nagavarapalya,PuonsSe,705.0,1.0,1.0,55.0,1
Super built-up  Area,18-Jan,Nagavarapalya,PuonsSe,705.0,1.0,1.0,57.0,1
Super built-up  Area,Ready To Move,Nagavarapalya,Goeenes,1335.0,2.0,3.0,110.0,2
Super built-up  Area,Ready To Move,Neeladri Nagar,NatisAt,1053.0,2.0,1.0,45.0,2
Super built-up  Area,Ready To Move,Neeladri Nagar,GeereEc,1363.0,2.0,2.0,68.0,2
Super built-up  Area,Ready To Move,Neeladri Nagar,GeereEc,2556.0,3.0,2.0,133.0,3
Super built-up  Area,Ready To Move,Neeladri Nagar,Guenoa ,674.0,1.0,1.0,21.0,1
Built-up  Area,Ready To Move,Neeladri Nagar,AdingSV,527.0,1.0,0.0,26.0,1
Super built-up  Area,Ready To Move,Neeladri Nagar,AdingSV,1167.0,2.0,1.0,38.0,3
Built-up  Area,Ready To Move,Neeladri Nagar,Guenoa ,640.0,1.0,1.0,20.5,1
Super built-up  Area,18-Apr,Neeladri Nagar,SKisyDa,1105.0,2.0,2.0,30.0,2
Super built-up  Area,Ready To Move,Neeladri Nagar,Vincy R,1100.0,2.0,2.0,30.0,2
Super built-up  Area,Ready To Move,Neeladri Nagar,GeereEc,2111.0,3.0,2.0,103.0,3
Super built-up  Area,18-Dec,Old Airport Road,Jaades ,2690.0,4.0,3.0,191.0,4
Super built-up  Area,18-May,Old Airport Road,Jaades ,2690.0,4.0,3.0,199.0,4
Super built-up  Area,18-Dec,Old Airport Road,Jaades ,2690.0,4.0,3.0,191.0,4
Super built-up  Area,21-Dec,Old Airport Road,Jaades ,2658.0,5.0,3.0,187.0,4
Super built-up  Area,18-Dec,Old Airport Road,Jaades ,2774.0,4.0,3.0,208.0,4
Super built-up  Area,18-Dec,Old Airport Road,Jaades ,2774.0,4.0,3.0,208.0,4
Super built-up  Area,18-Dec,Old Airport Road,Jaades ,2690.0,4.0,3.0,201.0,4
Super built-up  Area,18-Dec,Old Airport Road,Jaades ,2732.0,4.0,3.0,194.0,4
Super built-up  Area,18-Dec,Old Airport Road,Jaades ,2658.0,5.0,3.0,189.0,4
Super built-up  Area,18-Dec,Old Airport Road,Jaades ,2774.0,4.0,3.0,197.0,4
Super built-up  Area,18-Dec,Old Airport Road,Jaades ,2774.0,4.0,3.0,197.0,4
Super built-up  Area,18-May,Old Airport Road,Jaades ,2732.0,4.0,3.0,204.0,4
Super built-up  Area,18-Dec,Old Airport Road,Jaades ,2774.0,4.0,3.0,208.0,4
Super built-up  Area,Ready To Move,Old Airport Road,VSletes,1184.0,2.0,1.0,78.0,2
Built-up  Area,Ready To Move,Old Airport Road,Canoroy,1055.0,2.0,3.0,75.0,2
Super built-up  Area,18-Aug,Old Madras Road,Saesttt,1425.0,2.0,2.0,94.0,3
Super built-up  Area,19-Dec,Old Madras Road,SheldGr,1350.0,3.0,1.0,58.99,3
Super built-up  Area,19-Dec,Old Madras Road,SheldGr,935.0,2.0,1.0,45.0,2
Super built-up  Area,Ready To Move,Old Madras Road,Brglede,1720.0,3.0,2.0,100.0,3
Super built-up  Area,18-May,Old Madras Road,Brglede,1200.0,2.0,1.0,72.0,2
Super built-up  Area,19-Dec,Old Madras Road,SheldGr,1225.0,2.0,1.0,53.55,2
Super built-up  Area,Ready To Move,Old Madras Road,Teilsaf,1100.0,2.0,1.0,70.0,2
Super built-up  Area,18-Jun,Old Madras Road,Saesttt,1171.0,2.0,2.0,75.0,2
Super built-up  Area,19-Dec,Old Madras Road,SheldGr,935.0,2.0,1.0,45.0,2
Super built-up  Area,19-Dec,Old Madras Road,SheldGr,1065.0,2.0,1.0,47.86,2
Super built-up  Area,Ready To Move,Old Madras Road,Brglede,2010.0,3.0,2.0,125.0,4
Super built-up  Area,Ready To Move,Old Madras Road,Brglede,2010.0,3.0,2.0,115.0,4
Super built-up  Area,Ready To Move,Old Madras Road,Brglede,1480.0,2.0,2.0,84.0,3
Super built-up  Area,Ready To Move,Old Madras Road,Brglede,1210.0,2.0,1.0,74.0,2
Super built-up  Area,Ready To Move,Old Madras Road,Saesttt,1171.0,2.0,2.0,72.0,2
Super built-up  Area,Ready To Move,Old Madras Road,Brglede,1480.0,3.0,2.0,95.0,3
Super built-up  Area,18-May,Old Madras Road,Saesttt,1425.0,2.0,2.0,74.31,3
Super built-up  Area,Ready To Move,Old Madras Road,Brglede,1210.0,2.0,1.0,80.0,2
Super built-up  Area,Ready To Move,Old Madras Road,Sastaat,1859.0,3.0,2.0,121.0,3
Built-up  Area,Ready To Move,Old Madras Road,Saive L,3900.0,4.0,2.0,175.0,4
Built-up  Area,Ready To Move,Old Madras Road,GRlas V,2300.0,3.0,2.0,142.0,3
Super built-up  Area,Ready To Move,Old Madras Road,Brglede,1210.0,2.0,1.0,80.0,2
Super built-up  Area,Ready To Move,Old Madras Road,Brglede,1210.0,2.0,1.0,77.0,2
Super built-up  Area,Ready To Move,Old Madras Road,Sastaat,1330.0,2.0,2.0,74.0,2
Super built-up  Area,Ready To Move,Old Madras Road,Brglede,1720.0,3.0,2.0,106.0,3
Super built-up  Area,Ready To Move,Old Madras Road,Brica E,2990.0,3.0,2.0,170.0,3
Super built-up  Area,18-Dec,Old Madras Road,Saesttt,1530.0,3.0,2.0,76.34,3
Super built-up  Area,18-Apr,Old Madras Road,Saesttt,1171.0,2.0,2.0,73.0,2
Super built-up  Area,Ready To Move,Old Madras Road,Brglede,1630.0,3.0,2.0,110.0,3
Super built-up  Area,18-May,Old Madras Road,SheldGr,1165.0,2.0,1.0,52.0,2
Super built-up  Area,18-Jun,Old Madras Road,Brica E,2640.0,2.0,1.0,170.0,2
Super built-up  Area,19-Dec,Old Madras Road,SheldGr,1165.0,2.0,1.0,51.42,2
Super built-up  Area,Ready To Move,Padmanabhanagar,Bhise P,1100.0,2.0,2.0,65.0,2
Super built-up  Area,Ready To Move,Padmanabhanagar,Naasyak,1531.0,2.0,0.0,75.0,3
Super built-up  Area,Ready To Move,Padmanabhanagar,Naasyak,1400.0,3.0,0.0,65.0,3
Super built-up  Area,Ready To Move,Padmanabhanagar,Shers S,1200.0,2.0,1.0,60.0,2
Super built-up  Area,Ready To Move,Padmanabhanagar,Gancy P,1067.0,2.0,2.0,52.0,2
Super built-up  Area,Ready To Move,Padmanabhanagar,Silusti,1250.0,2.0,2.0,70.0,3
Super built-up  Area,Ready To Move,Padmanabhanagar,Naasyak,1360.0,3.0,1.0,75.0,3
Super built-up  Area,19-Sep,Padmanabhanagar,SollyCl,2051.0,3.0,2.0,170.0,3
Super built-up  Area,Ready To Move,Padmanabhanagar,Shers S,1150.0,2.0,0.0,50.0,2
Super built-up  Area,Ready To Move,Panathur,Prcesvy,1359.0,2.0,1.0,87.0,2
Super built-up  Area,Ready To Move,Panathur,Vaesh T,1438.0,2.0,3.0,100.0,2
Super built-up  Area,18-Feb,Panathur,Prcesvy,1688.0,3.0,1.0,118.0,3
Super built-up  Area,18-May,Panathur,Prcesvy,1198.0,2.0,1.0,77.0,2
Super built-up  Area,Ready To Move,Panathur,Arentpa,1180.0,2.0,1.0,70.0,2
Super built-up  Area,Ready To Move,Panathur,SVnamnd,1546.0,3.0,2.0,99.0,3
Super built-up  Area,Ready To Move,Panathur,Prcesvy,1195.0,2.0,1.0,84.0,2
Super built-up  Area,Ready To Move,Panathur,Saite G,1370.0,2.0,2.0,75.0,3
Super built-up  Area,Ready To Move,Panathur,Suriaa ,1109.0,2.0,1.0,63.0,2
Super built-up  Area,Ready To Move,Panathur,Prcesvy,1199.0,2.0,1.0,85.0,2
Super built-up  Area,Ready To Move,Panathur,Saarep ,1255.0,2.0,2.0,79.0,2
Super built-up  Area,Ready To Move,Panathur,Prcesvy,1198.0,2.0,1.0,82.0,2
Super built-up  Area,Ready To Move,Panathur,Diensso,1235.0,2.0,3.0,65.0,2
Super built-up  Area,Ready To Move,Panathur,Prcesvy,1199.0,2.0,1.0,85.0,2
Super built-up  Area,Ready To Move,Panathur,Prcesvy,1199.0,2.0,1.0,85.0,2
Super built-up  Area,Ready To Move,Panathur,Prcesvy,1713.0,3.0,1.0,120.0,3
Super built-up  Area,Ready To Move,Panathur,Isncasa,1861.0,3.0,3.0,92.0,3
Super built-up  Area,18-May,Panathur,Prcesvy,1398.0,2.0,1.0,97.0,2
Super built-up  Area,Ready To Move,Panathur,SVnamnd,1230.0,2.0,1.0,80.0,2
Super built-up  Area,Ready To Move,Panathur,Isncasa,980.0,2.0,1.0,57.0,2
Super built-up  Area,Ready To Move,Panathur,Saite G,1075.0,2.0,2.0,60.0,2
Super built-up  Area,18-May,Panathur,Diarknt,1343.0,2.0,1.0,76.0,2
Super built-up  Area,Ready To Move,Parappana Agrahara,Peide L,1194.0,2.0,2.0,47.0,2
Super built-up  Area,Ready To Move,Parappana Agrahara,Peide L,1194.0,2.0,2.0,47.0,2
Super built-up  Area,Ready To Move,Parappana Agrahara,Peide L,1194.0,2.0,2.0,47.0,2
Super built-up  Area,Ready To Move,Parappana Agrahara,Peide L,1194.0,2.0,2.0,47.0,2
Super built-up  Area,Ready To Move,Parappana Agrahara,Peide L,1194.0,2.0,2.0,47.0,2
Super built-up  Area,Ready To Move,Parappana Agrahara,Peide L,1194.0,2.0,2.0,47.0,2
Super built-up  Area,Ready To Move,Parappana Agrahara,Peide L,1194.0,2.0,2.0,47.0,2
Super built-up  Area,Ready To Move,Pattandur Agrahara,MaidoPl,1550.0,2.0,3.0,80.0,3
Super built-up  Area,Ready To Move,Pattandur Agrahara,Shvarji,1025.0,2.0,1.0,44.5,2
Super built-up  Area,Ready To Move,Pattandur Agrahara,ARvasV ,1247.0,2.0,1.0,59.8,2
Super built-up  Area,Ready To Move,Pattandur Agrahara,ShaleSp,900.0,2.0,2.0,42.0,2
Super built-up  Area,Ready To Move,Pattandur Agrahara,MaidoPl,1302.0,2.0,1.0,66.0,2
Super built-up  Area,Ready To Move,Pattandur Agrahara,MaidoPl,1550.0,2.0,3.0,80.0,3
Super built-up  Area,Ready To Move,Pattandur Agrahara,ARvasV ,1247.0,2.0,2.0,62.35,2
Super built-up  Area,Ready To Move,Pattandur Agrahara,ShaleSp,1350.0,2.0,3.0,68.0,2
Super built-up  Area,Ready To Move,Rachenahalli,Sovar S,1530.0,2.0,2.0,74.5,3
Super built-up  Area,Ready To Move,Rachenahalli,Sovar S,1530.0,2.0,2.0,74.4,3
Super built-up  Area,Ready To Move,Rachenahalli,Sovar S,1530.0,2.0,2.0,74.39,3
Super built-up  Area,Ready To Move,Rachenahalli,Sovar S,1050.0,2.0,2.0,52.5,2
Super built-up  Area,Ready To Move,Rachenahalli,Sovar S,1550.0,3.0,3.0,73.5,3
Super built-up  Area,20-Aug,Rachenahalli,AsNowre,440.0,1.0,0.0,28.0,1
Super built-up  Area,20-Aug,Rachenahalli,AsNowre,440.0,1.0,1.0,28.0,1
Super built-up  Area,Ready To Move,Rachenahalli,Paentta,1113.0,2.0,1.0,55.0,2
Super built-up  Area,Ready To Move,Rachenahalli,Sovar S,1550.0,3.0,2.0,74.5,3
Super built-up  Area,Ready To Move,Rachenahalli,Sovar S,1530.0,2.0,2.0,74.4,3
Super built-up  Area,Ready To Move,Rachenahalli,Sovar S,1530.0,2.0,2.0,74.5,3
Super built-up  Area,Ready To Move,Rachenahalli,Sovar S,1550.0,3.0,2.0,72.5,3
Super built-up  Area,Ready To Move,Rachenahalli,Sovar S,1530.0,2.0,2.0,74.4,3
Super built-up  Area,20-Aug,Rachenahalli,AsNowre,690.0,1.0,1.0,39.8,1
Super built-up  Area,20-Dec,Rachenahalli,AsNowre,985.0,2.0,1.0,49.97,2
Super built-up  Area,Ready To Move,Rachenahalli,Sovar S,1550.0,3.0,3.0,72.5,3
Super built-up  Area,Ready To Move,Rachenahalli,Sovar S,1530.0,2.0,2.0,74.4,3
Super built-up  Area,Ready To Move,Rachenahalli,NRniad ,2710.0,3.0,2.0,170.0,3
Super built-up  Area,20-Nov,Rachenahalli,AsNowre,985.0,2.0,1.0,49.97,2
Super built-up  Area,Ready To Move,Rachenahalli,Ameur G,1856.0,3.0,3.0,106.0,3
Super built-up  Area,20-Nov,Rachenahalli,AsNowre,985.0,2.0,1.0,50.17,2
Built-up  Area,Ready To Move,Rachenahalli,NRniad ,2600.0,3.0,2.0,160.0,3
Built-up  Area,Ready To Move,Rachenahalli,NRodsen,1756.0,3.0,2.0,110.0,3
Super built-up  Area,Ready To Move,Rachenahalli,Sovar S,1550.0,3.0,2.0,68.5,3
Super built-up  Area,Ready To Move,Rachenahalli,Sovar S,1550.0,2.0,2.0,73.5,3
Super built-up  Area,20-Dec,Rachenahalli,AsNowre,985.0,2.0,1.0,50.17,2
Super built-up  Area,Ready To Move,Raja Rajeshwari Nagar,GrrvaGr,1540.0,3.0,3.0,60.0,3
Super built-up  Area,Ready To Move,Raja Rajeshwari Nagar,GrrvaGr,1693.0,3.0,3.0,57.39,3
Super built-up  Area,Ready To Move,Raja Rajeshwari Nagar,GrrvaGr,1295.0,2.0,2.0,43.9,2
Super built-up  Area,Ready To Move,Raja Rajeshwari Nagar,Lancyey,1145.0,2.0,2.0,45.79,2
Super built-up  Area,Ready To Move,Raja Rajeshwari Nagar,GrrvaGr,1419.0,2.0,2.0,48.1,2
Super built-up  Area,Ready To Move,Raja Rajeshwari Nagar,GrrvaGr,1295.0,2.0,1.0,55.47,2
Super built-up  Area,Ready To Move,Raja Rajeshwari Nagar,GrrvaGr,1133.0,2.0,1.0,49.07,2
Super built-up  Area,Ready To Move,Raja Rajeshwari Nagar,SGandea,1090.0,2.0,1.0,42.0,2
Super built-up  Area,Ready To Move,Raja Rajeshwari Nagar,GrrvaGr,1141.0,2.0,2.0,38.55,2
Super built-up  Area,Ready To Move,Raja Rajeshwari Nagar,GrrvaGr,1140.0,2.0,1.0,49.39,2
Super built-up  Area,Ready To Move,Raja Rajeshwari Nagar,GrrvaGr,1303.0,2.0,2.0,55.79,2
Super built-up  Area,Ready To Move,Raja Rajeshwari Nagar,GrrvaGr,1143.0,2.0,2.0,38.65,2
Built-up  Area,Ready To Move,Raja Rajeshwari Nagar,Avlya A,1610.0,3.0,2.0,74.0,3
Super built-up  Area,Ready To Move,Raja Rajeshwari Nagar,GrrvaGr,1693.0,3.0,3.0,57.39,3
Super built-up  Area,Ready To Move,Raja Rajeshwari Nagar,GrrvaGr,1128.0,2.0,2.0,38.24,2
Super built-up  Area,18-Dec,Raja Rajeshwari Nagar,Prllsan,1157.0,2.0,1.0,53.8,2
Super built-up  Area,Ready To Move,Raja Rajeshwari Nagar,GrrvaGr,1530.0,3.0,2.0,57.0,3
Super built-up  Area,Ready To Move,Raja Rajeshwari Nagar,Lancy R,1530.0,3.0,3.0,61.2,3
Built-up  Area,Ready To Move,Raja Rajeshwari Nagar,Neess P,1030.0,2.0,1.0,50.0,2
Super built-up  Area,Ready To Move,Raja Rajeshwari Nagar,GrrvaGr,1144.0,2.0,2.0,38.55,2
Super built-up  Area,Ready To Move,Raja Rajeshwari Nagar,GrrvaGr,1196.0,2.0,2.0,51.51,2
Super built-up  Area,Ready To Move,Raja Rajeshwari Nagar,GrrvaGr,1306.0,2.0,1.0,55.91,2
Super built-up  Area,Ready To Move,Raja Rajeshwari Nagar,GrrvaGr,1608.0,3.0,1.0,67.98,3
Super built-up  Area,Ready To Move,Raja Rajeshwari Nagar,GrrvaGr,1530.0,3.0,3.0,51.87,3
Super built-up  Area,Ready To Move,Raja Rajeshwari Nagar,GrrvaGr,1151.0,2.0,2.0,39.02,2
Built-up  Area,Ready To Move,Raja Rajeshwari Nagar,Spensas,1570.0,2.0,2.0,65.0,3
Super built-up  Area,Ready To Move,Raja Rajeshwari Nagar,GrrvaGr,1580.0,3.0,3.0,53.56,3
Super built-up  Area,Ready To Move,Raja Rajeshwari Nagar,GrrvaGr,1196.0,2.0,2.0,51.15,2
Super built-up  Area,Ready To Move,Raja Rajeshwari Nagar,GrrvaGr,1419.0,2.0,2.0,48.0,2
Super built-up  Area,Ready To Move,Raja Rajeshwari Nagar,PrrvaPl,1560.0,2.0,2.0,62.4,3
Super built-up  Area,18-Aug,Raja Rajeshwari Nagar,Prllsan,648.0,1.0,1.0,31.75,1
Super built-up  Area,Ready To Move,Raja Rajeshwari Nagar,GrrvaGr,1140.0,2.0,2.0,38.55,2
Super built-up  Area,Ready To Move,Raja Rajeshwari Nagar,Lancyey,1090.0,2.0,2.0,43.59,2
Super built-up  Area,Ready To Move,Raja Rajeshwari Nagar,GrrvaGr,1530.0,3.0,3.0,51.77,3
Built-up  Area,Ready To Move,Raja Rajeshwari Nagar,Mahla T,1023.0,2.0,2.0,42.0,2
Super built-up  Area,Ready To Move,Raja Rajeshwari Nagar,Sithand,1070.0,2.0,1.0,50.0,2
Super built-up  Area,Ready To Move,Raja Rajeshwari Nagar,Dehts H,1510.0,2.0,3.0,59.0,3
Super built-up  Area,Ready To Move,Raja Rajeshwari Nagar,GrrvaGr,1128.0,2.0,1.0,48.79,2
Super built-up  Area,Ready To Move,Raja Rajeshwari Nagar,GrrvaGr,1267.0,2.0,2.0,42.85,2
Super built-up  Area,Ready To Move,Raja Rajeshwari Nagar,GrrvaGr,1120.0,2.0,2.0,37.95,2
Super built-up  Area,Ready To Move,Raja Rajeshwari Nagar,GrrvaGr,1240.0,2.0,1.0,53.27,2
Super built-up  Area,Ready To Move,Raja Rajeshwari Nagar,MaaveDu,1165.0,2.0,1.0,45.0,2
Super built-up  Area,Ready To Move,Raja Rajeshwari Nagar,GrrvaGr,1120.0,2.0,2.0,37.97,2
Super built-up  Area,Ready To Move,Raja Rajeshwari Nagar,GrrvaGr,1140.0,2.0,2.0,38.65,2
Super built-up  Area,Ready To Move,Raja Rajeshwari Nagar,GrrvaGr,1303.0,2.0,2.0,44.17,2
Super built-up  Area,Ready To Move,Raja Rajeshwari Nagar,GrrvaGr,1580.0,3.0,3.0,53.56,3
Super built-up  Area,Ready To Move,Raja Rajeshwari Nagar,GrrvaGr,1185.0,2.0,1.0,40.17,2
Super built-up  Area,Ready To Move,Raja Rajeshwari Nagar,GrrvaGr,1140.0,2.0,1.0,49.27,2
Super built-up  Area,Ready To Move,Raja Rajeshwari Nagar,7 ise P,1430.0,2.0,1.0,50.0,3
Super built-up  Area,Ready To Move,Raja Rajeshwari Nagar,Shmai D,1095.0,2.0,2.0,38.33,2
Super built-up  Area,Ready To Move,Raja Rajeshwari Nagar,GrrvaGr,1303.0,2.0,1.0,55.79,2
Super built-up  Area,Ready To Move,Raja Rajeshwari Nagar,GrrvaGr,1133.0,2.0,2.0,38.41,2
Super built-up  Area,Ready To Move,Raja Rajeshwari Nagar,GrrvaGr,1151.0,2.0,1.0,49.0,2
Super built-up  Area,Ready To Move,Raja Rajeshwari Nagar,GrrvaGr,1267.0,2.0,1.0,54.35,2
Super built-up  Area,Ready To Move,Raja Rajeshwari Nagar,GrrvaGr,1550.0,3.0,3.0,52.45,3
Built-up  Area,Ready To Move,Raja Rajeshwari Nagar,Neess P,1100.0,2.0,1.0,50.0,2
Super built-up  Area,Ready To Move,Raja Rajeshwari Nagar,GrrvaGr,1185.0,2.0,2.0,40.17,2
Super built-up  Area,Ready To Move,Raja Rajeshwari Nagar,Elleyt ,1751.0,3.0,3.0,72.0,3
Super built-up  Area,Ready To Move,Raja Rajeshwari Nagar,GrrvaGr,1306.0,2.0,2.0,44.17,2
Super built-up  Area,Ready To Move,Raja Rajeshwari Nagar,GrrvaGr,1196.0,2.0,2.0,40.44,2
Super built-up  Area,Ready To Move,Raja Rajeshwari Nagar,GrrvaGr,1128.0,2.0,2.0,40.0,2
Super built-up  Area,Ready To Move,Raja Rajeshwari Nagar,GrrvaGr,1151.0,2.0,2.0,39.0,2
Super built-up  Area,Ready To Move,Raja Rajeshwari Nagar,Lancyey,1375.0,2.0,1.0,54.99,3
Super built-up  Area,Ready To Move,Raja Rajeshwari Nagar,Avlls H,1060.0,2.0,1.0,48.0,2
Super built-up  Area,Ready To Move,Raja Rajeshwari Nagar,GrrvaGr,1128.0,2.0,1.0,48.79,2
Super built-up  Area,Ready To Move,Raja Rajeshwari Nagar,Dehts H,1170.0,2.0,3.0,50.0,2
Super built-up  Area,Ready To Move,Raja Rajeshwari Nagar,GrrvaGr,1185.0,2.0,1.0,51.15,2
Super built-up  Area,Ready To Move,Raja Rajeshwari Nagar,GrrvaGr,1255.0,2.0,1.0,53.87,2
Super built-up  Area,Ready To Move,Raja Rajeshwari Nagar,GrrvaGr,1419.0,2.0,1.0,60.42,2
Super built-up  Area,Ready To Move,Raja Rajeshwari Nagar,GrrvaGr,1693.0,3.0,1.0,71.38,3
Super built-up  Area,Ready To Move,Raja Rajeshwari Nagar,GrrvaGr,1196.0,2.0,2.0,40.54,2
Super built-up  Area,Ready To Move,Raja Rajeshwari Nagar,GrrvaGr,1196.0,2.0,2.0,40.54,2
Super built-up  Area,Ready To Move,Raja Rajeshwari Nagar,i1rtsCo,1630.0,3.0,2.0,60.65,3
Super built-up  Area,Ready To Move,Raja Rajeshwari Nagar,GrrvaGr,1531.0,3.0,3.0,51.77,3
Built-up  Area,Ready To Move,Raja Rajeshwari Nagar,GrrvaGr,1133.0,2.0,1.0,38.37,2
Super built-up  Area,Ready To Move,Raja Rajeshwari Nagar,GrrvaGr,1140.0,2.0,1.0,48.7,2
Built-up  Area,Ready To Move,Raja Rajeshwari Nagar,GrrvaGr,1140.0,2.0,2.0,38.65,2
Super built-up  Area,Ready To Move,Raja Rajeshwari Nagar,GrrvaGr,1140.0,2.0,2.0,38.55,2
Super built-up  Area,Ready To Move,Raja Rajeshwari Nagar,GrrvaGr,1295.0,2.0,2.0,55.47,2
Super built-up  Area,Ready To Move,Raja Rajeshwari Nagar,GrrvaGr,1133.0,2.0,2.0,40.0,2
Super built-up  Area,Ready To Move,Raja Rajeshwari Nagar,DwntsAp,1510.0,2.0,2.0,55.0,3
Super built-up  Area,Ready To Move,Raja Rajeshwari Nagar,GrrvaGr,1608.0,3.0,3.0,54.51,3
Super built-up  Area,Ready To Move,Raja Rajeshwari Nagar,GrrvaGr,1500.0,3.0,3.0,51.04,3
Super built-up  Area,Ready To Move,Raja Rajeshwari Nagar,GrrvaGr,1185.0,2.0,1.0,51.15,2
Super built-up  Area,Ready To Move,Raja Rajeshwari Nagar,GrrvaGr,1295.0,2.0,2.0,43.9,2
Super built-up  Area,Ready To Move,Raja Rajeshwari Nagar,GrrvaGr,1196.0,2.0,2.0,40.54,2
Super built-up  Area,Ready To Move,Raja Rajeshwari Nagar,GrrvaGr,1240.0,2.0,2.0,42.04,2
Super built-up  Area,Ready To Move,Raja Rajeshwari Nagar,GrrvaGr,1530.0,3.0,2.0,64.0,3
Super built-up  Area,18-Dec,Raja Rajeshwari Nagar,Prllsan,1587.0,3.0,1.0,73.8,3
Super built-up  Area,Ready To Move,Raja Rajeshwari Nagar,GrrvaGr,1529.0,3.0,3.0,51.77,3
Super built-up  Area,Ready To Move,Raja Rajeshwari Nagar,GrrvaGr,1295.0,2.0,1.0,55.47,2
Super built-up  Area,Ready To Move,Raja Rajeshwari Nagar,Deade A,945.0,2.0,1.0,45.0,2
Super built-up  Area,Ready To Move,Raja Rajeshwari Nagar,GrrvaGr,1303.0,2.0,2.0,55.78,2
Super built-up  Area,Ready To Move,Raja Rajeshwari Nagar,GrrvaGr,1419.0,2.0,2.0,48.1,2
Super built-up  Area,Ready To Move,Raja Rajeshwari Nagar,Ely 3Em,1270.0,2.0,2.0,62.0,2
Super built-up  Area,Ready To Move,Raja Rajeshwari Nagar,Keave E,1260.0,2.0,1.0,62.0,3
Super built-up  Area,Ready To Move,Raja Rajeshwari Nagar,GrrvaGr,1196.0,2.0,2.0,40.54,2
Super built-up  Area,Ready To Move,Raja Rajeshwari Nagar,GrrvaGr,1580.0,2.0,2.0,66.85,3
Super built-up  Area,Ready To Move,Raja Rajeshwari Nagar,GrrvaGr,1196.0,2.0,2.0,40.54,2
Super built-up  Area,Ready To Move,Raja Rajeshwari Nagar,GrrvaGr,1206.0,2.0,1.0,40.7,2
Super built-up  Area,Ready To Move,Raja Rajeshwari Nagar,Nencei ,1485.0,2.0,2.0,63.0,3
Super built-up  Area,Ready To Move,Raja Rajeshwari Nagar,Vaderla,1335.0,2.0,1.0,56.0,3
Super built-up  Area,Ready To Move,Raja Rajeshwari Nagar,GrrvaGr,1571.0,3.0,3.0,53.12,3
Super built-up  Area,Ready To Move,Raja Rajeshwari Nagar,GrrvaGr,1255.0,2.0,2.0,42.54,2
Super built-up  Area,Ready To Move,Raja Rajeshwari Nagar,GrrvaGr,1530.0,3.0,3.0,64.86,3
Super built-up  Area,Ready To Move,Raja Rajeshwari Nagar,GrrvaGr,1140.0,2.0,2.0,44.0,2
Super built-up  Area,Ready To Move,Raja Rajeshwari Nagar,GrrvaGr,1140.0,2.0,2.0,39.0,2
Super built-up  Area,Ready To Move,Raja Rajeshwari Nagar,GrrvaGr,1187.0,2.0,2.0,40.14,2
Built-up  Area,Ready To Move,Rajaji Nagar,Brway G,1640.0,3.0,2.0,229.0,3
Super built-up  Area,Ready To Move,Rajaji Nagar,Brway G,1725.0,3.0,3.0,200.0,3
Super built-up  Area,Ready To Move,Rajaji Nagar,PhestOn,3516.0,4.0,3.0,540.0,4
Super built-up  Area,Ready To Move,Rajaji Nagar,Brway G,1640.0,3.0,3.0,223.0,3
Super built-up  Area,Ready To Move,Rajaji Nagar,PhestOn,3526.0,4.0,1.0,558.0,4
Super built-up  Area,Ready To Move,Rajaji Nagar,Pumesim,2849.0,5.0,0.0,300.0,5
Super built-up  Area,Ready To Move,Rajaji Nagar,Brway G,1800.0,3.0,3.0,260.0,3
Super built-up  Area,Ready To Move,Rajaji Nagar,Brway G,1640.0,3.0,2.0,241.0,3
Super built-up  Area,Ready To Move,Rajaji Nagar,Brway G,1370.0,2.0,1.0,170.0,2
Super built-up  Area,Ready To Move,Rajaji Nagar,PhestOn,2409.0,3.0,2.0,360.0,3
Built-up  Area,Ready To Move,Rajaji Nagar,Brway G,1440.0,2.0,2.0,170.0,2
Super built-up  Area,Ready To Move,Rajaji Nagar,Brway G,1440.0,2.0,2.0,185.0,2
Super built-up  Area,Ready To Move,Rajaji Nagar,Brway G,1640.0,3.0,3.0,230.0,3
Super built-up  Area,Ready To Move,Rajaji Nagar,Brway G,1800.0,2.0,2.0,250.0,3
Super built-up  Area,Ready To Move,Rajaji Nagar,Brway G,1640.0,3.0,2.0,220.0,3
Super built-up  Area,Ready To Move,Rajaji Nagar,PhestOn,2500.0,3.0,3.0,350.0,3
Super built-up  Area,18-Aug,Rajaji Nagar,ProdsWe,1615.0,3.0,1.0,175.0,3
Super built-up  Area,18-Aug,Rajaji Nagar,ProdsWe,1776.0,3.0,1.0,190.0,3
Super built-up  Area,Ready To Move,Rajaji Nagar,PhestOn,2559.0,3.0,2.0,403.0,3
Super built-up  Area,Ready To Move,Rajaji Nagar,PhestOn,1763.0,3.0,2.0,262.0,2
Super built-up  Area,Ready To Move,Rajaji Nagar,Brway G,1640.0,3.0,3.0,220.0,3
Super built-up  Area,Ready To Move,Rajaji Nagar,Brway G,1800.0,3.0,2.0,240.0,3
Super built-up  Area,18-Aug,Rajaji Nagar,ProdsWe,1268.0,2.0,1.0,127.0,2
Super built-up  Area,Ready To Move,Rajaji Nagar,PhestOn,2450.0,3.0,3.0,330.0,3
Super built-up  Area,Ready To Move,Rajaji Nagar,Brway G,1640.0,3.0,2.0,251.0,3
Super built-up  Area,Ready To Move,Rajaji Nagar,PhestOn,2367.0,4.0,3.0,340.0,3
Super built-up  Area,Ready To Move,Rajaji Nagar,Brway G,1720.0,3.0,2.0,224.0,3
Super built-up  Area,Ready To Move,Rajaji Nagar,PhestOn,2500.0,3.0,3.0,340.0,3
Super built-up  Area,Ready To Move,Rajaji Nagar,PhestOn,2390.0,3.0,1.0,372.0,3
Super built-up  Area,Ready To Move,Rajaji Nagar,PhestOn,1763.0,3.0,2.0,240.0,2
Super built-up  Area,Ready To Move,Rajaji Nagar,PhestOn,2367.0,3.0,2.0,320.0,3
Super built-up  Area,Ready To Move,Rajaji Nagar,Brway G,1440.0,2.0,2.0,165.0,2
Super built-up  Area,Ready To Move,Rajaji Nagar,Brway G,1640.0,3.0,3.0,245.0,3
Super built-up  Area,Ready To Move,Rajiv Nagar,PuoodSk,1690.0,3.0,1.0,125.0,3
Super built-up  Area,Ready To Move,Rajiv Nagar,Ahntyve,1263.0,2.0,1.0,93.32,2
Super built-up  Area,Ready To Move,Rajiv Nagar,PuoodSk,2340.0,4.0,1.0,148.0,4
Super built-up  Area,Ready To Move,Rajiv Nagar,PuoodSk,2340.0,5.0,1.0,129.0,4
Super built-up  Area,Ready To Move,Rajiv Nagar,PuoodSk,1330.0,2.0,1.0,93.0,2
Super built-up  Area,Ready To Move,Rajiv Nagar,PuoodSk,2340.0,5.0,1.0,129.0,4
Super built-up  Area,Ready To Move,Rajiv Nagar,PuoodSk,2340.0,4.0,1.0,145.0,4
Super built-up  Area,Ready To Move,Rajiv Nagar,PuoodSk,2330.0,5.0,1.0,175.0,4
Super built-up  Area,Ready To Move,Rajiv Nagar,PuoodSk,2340.0,5.0,1.0,160.0,4
Super built-up  Area,17-Oct,Ramagondanahalli,ViistLa,1151.0,2.0,2.0,48.77,2
Super built-up  Area,18-Jun,Ramagondanahalli,ViistLa,1251.0,2.0,1.0,47.0,2
Super built-up  Area,17-Oct,Ramagondanahalli,ViistLa,1235.0,2.0,1.0,52.04,2
Super built-up  Area,Ready To Move,Ramagondanahalli,DNeremo,1610.0,2.0,2.0,111.0,3
Super built-up  Area,18-Jul,Ramagondanahalli,ViistLa,1635.0,3.0,1.0,62.0,3
Super built-up  Area,18-Jun,Ramagondanahalli,ViistLa,1235.0,2.0,1.0,46.8,2
Super built-up  Area,18-May,Ramagondanahalli,ViistLa,1215.0,2.0,1.0,51.26,2
Super built-up  Area,Ready To Move,Ramagondanahalli,DNeremo,2257.0,4.0,2.0,157.0,3
Super built-up  Area,18-Jun,Ramagondanahalli,ViistLa,1251.0,2.0,1.0,47.4,2
Super built-up  Area,Ready To Move,Ramagondanahalli,DNeremo,1610.0,2.0,2.0,115.0,3
Built-up  Area,Ready To Move,Ramagondanahalli,SVovelm,920.0,2.0,3.0,65.0,2
Super built-up  Area,18-Jul,Ramagondanahalli,ViistLa,1215.0,2.0,1.0,45.5,2
Super built-up  Area,17-Nov,Ramagondanahalli,ViistLa,1253.0,2.0,1.0,52.66,2
Super built-up  Area,Ready To Move,Ramagondanahalli,SVodsve,1295.0,2.0,2.0,95.0,2
Super built-up  Area,18-May,Ramagondanahalli,ViistLa,1151.0,2.0,2.0,50.5,2
Super built-up  Area,18-Aug,Ramagondanahalli,ViistLa,1235.0,2.0,1.0,49.3,2
Super built-up  Area,Ready To Move,Ramagondanahalli,DNeremo,2257.0,3.0,2.0,159.0,3
Super built-up  Area,Ready To Move,Ramagondanahalli,SVodsve,1295.0,2.0,2.0,95.0,2
Super built-up  Area,17-Oct,Ramagondanahalli,ViistLa,1451.0,3.0,1.0,60.44,3
Built-up  Area,Ready To Move,Ramagondanahalli,DNeremo,1910.0,3.0,2.0,142.0,3
Super built-up  Area,18-Jun,Ramagondanahalli,ViistLa,1215.0,2.0,1.0,46.1,2
Super built-up  Area,18-May,Ramagondanahalli,ViistLa,1475.0,2.0,2.0,63.0,3
Super built-up  Area,18-Aug,Ramagondanahalli,ViistLa,1251.0,2.0,1.0,50.0,2
Super built-up  Area,Ready To Move,Ramagondanahalli,DNeremo,1610.0,2.0,2.0,115.0,3
Super built-up  Area,18-Jun,Ramagondanahalli,ViistLa,1151.0,2.0,2.0,43.6,2
Super built-up  Area,18-Jun,Ramagondanahalli,ViistLa,1635.0,3.0,1.0,61.0,3
Super built-up  Area,18-May,Ramagondanahalli,ViistLa,1251.0,2.0,1.0,53.0,2
Super built-up  Area,18-Oct,Ramagondanahalli,DNeremo,1910.0,3.0,2.0,150.0,3
Super built-up  Area,Ready To Move,Ramagondanahalli,Srdor S,1738.0,2.0,3.0,76.0,3
Super built-up  Area,Ready To Move,Ramagondanahalli,Reitice,3350.0,3.0,3.0,150.0,3
Super built-up  Area,18-Jul,Ramagondanahalli,ViistLa,1251.0,2.0,1.0,46.0,2
Super built-up  Area,18-Jul,Ramagondanahalli,ViistLa,1635.0,3.0,1.0,57.0,3
Super built-up  Area,18-Aug,Ramagondanahalli,ViistLa,1151.0,2.0,2.0,46.0,2
Super built-up  Area,Ready To Move,Ramagondanahalli,DNeremo,1610.0,2.0,1.0,112.0,3
Super built-up  Area,Ready To Move,Ramagondanahalli,DNeremo,1610.0,2.0,2.0,115.0,3
Super built-up  Area,Ready To Move,Ramagondanahalli,DNeremo,2787.0,5.0,2.0,220.0,4
Super built-up  Area,18-Jun,Ramagondanahalli,ViistLa,1475.0,2.0,2.0,55.0,3
Super built-up  Area,Ready To Move,Ramagondanahalli,SVovelm,1125.0,2.0,2.0,75.0,2
Super built-up  Area,18-Jul,Ramagondanahalli,ViistLa,1151.0,2.0,2.0,42.5,2
Super built-up  Area,Ready To Move,Ramagondanahalli,DNeremo,2257.0,3.0,2.0,155.0,3
Carpet  Area,Ready To Move,Ramagondanahalli,Reitice,1500.0,3.0,3.0,100.0,3
Super built-up  Area,Ready To Move,Ramagondanahalli,DNeremo,1910.0,3.0,2.0,131.0,3
Built-up  Area,Ready To Move,Ramamurthy Nagar,Foghaa ,1040.0,2.0,2.0,50.0,2
Super built-up  Area,Ready To Move,Ramamurthy Nagar,Cimeshw,1185.0,2.0,1.0,45.5,2
Super built-up  Area,18-Dec,Ramamurthy Nagar,Vaharvi,1170.0,2.0,2.0,46.8,2
Super built-up  Area,18-Dec,Ramamurthy Nagar,Vaharvi,1200.0,2.0,1.0,48.0,2
Super built-up  Area,18-Dec,Ramamurthy Nagar,Vaharvi,1410.0,2.0,1.0,56.4,3
Super built-up  Area,Ready To Move,Ramamurthy Nagar,ItRRVna,1000.0,2.0,1.0,41.0,3
Built-up  Area,Ready To Move,Ramamurthy Nagar,SamesHo,1300.0,2.0,2.0,52.0,3
Super built-up  Area,17-May,Ramamurthy Nagar,Vedhias,1125.0,2.0,1.0,47.0,2
Super built-up  Area,18-Nov,Ramamurthy Nagar,Vaharvi,1200.0,2.0,1.0,46.0,2
Super built-up  Area,19-Jul,Ramamurthy Nagar,Vaharvi,1200.0,2.0,1.0,57.9,2
Super built-up  Area,Ready To Move,Ramamurthy Nagar,Foghaa ,1305.0,3.0,1.0,60.0,3
Super built-up  Area,18-Dec,Ramamurthy Nagar,Vaharvi,1170.0,2.0,2.0,44.0,2
Super built-up  Area,19-Jul,Ramamurthy Nagar,Vaharvi,1050.0,2.0,1.0,51.66,2
Super built-up  Area,Ready To Move,Ramamurthy Nagar,Saoneil,1101.0,2.0,1.0,50.0,2
Super built-up  Area,Ready To Move,Ramamurthy Nagar,Apise P,935.0,2.0,2.0,39.0,2
Built-up  Area,Ready To Move,Ramamurthy Nagar,JHk 1en,960.0,2.0,2.0,35.0,2
Super built-up  Area,Ready To Move,Sahakara Nagar,OsrdsOr,2830.0,3.0,3.0,195.0,4
Super built-up  Area,Ready To Move,Sahakara Nagar,EsniaGa,1500.0,2.0,2.0,95.0,3
Super built-up  Area,Ready To Move,Sahakara Nagar,Rauil T,1270.0,2.0,1.0,69.85,2
Super built-up  Area,Ready To Move,Sahakara Nagar,ArrdsOr,960.0,2.0,3.0,56.0,2
Super built-up  Area,Ready To Move,Sahakara Nagar,KPhtsei,1048.0,2.0,3.0,50.0,2
Super built-up  Area,Ready To Move,Sahakara Nagar,ArrdsOr,1000.0,2.0,1.0,60.0,2
Super built-up  Area,Ready To Move,Sahakara Nagar,NCensun,1370.0,2.0,2.0,90.0,3
Super built-up  Area,Ready To Move,Sahakara Nagar,NCensun,1180.0,2.0,2.0,72.0,2
Built-up  Area,Ready To Move,Sahakara Nagar,Rauil T,1270.0,2.0,1.0,96.0,2
Built-up  Area,Ready To Move,Sahakara Nagar,Kencyes,1201.0,2.0,3.0,80.0,2
Super built-up  Area,Ready To Move,Sahakara Nagar,Saniai ,1291.0,2.0,2.0,72.3,2
Plot  Area,Ready To Move,Sarjapur,Skityer,2250.0,3.0,2.0,148.0,3
Plot  Area,Ready To Move,Sarjapur,Inensba,1600.0,3.0,1.0,75.0,3
Super built-up  Area,Ready To Move,Sarjapur,Ahownve,1128.0,2.0,1.0,60.0,2
Super built-up  Area,Ready To Move,Sarjapur,Coa 3t ,1185.0,2.0,2.0,47.0,2
Built-up  Area,Ready To Move,Sarjapur,Sondaka,1020.0,2.0,2.0,35.0,2
Super built-up  Area,Ready To Move,Sarjapur,Sondaka,950.0,2.0,2.0,32.5,2
Built-up  Area,Ready To Move,Sarjapur,Ahownve,1285.0,2.0,2.0,68.0,3
Plot  Area,Ready To Move,Sarjapur,Puodsm ,3190.0,3.0,1.0,160.0,4
Built-up  Area,Ready To Move,Sarjapur,Coa It ,1215.0,2.0,0.0,40.0,2
Plot  Area,Ready To Move,Sarjapur,Puodsm ,2540.0,4.0,1.0,115.0,4
Plot  Area,Ready To Move,Sarjapur,Inensba,1200.0,3.0,2.0,78.0,3
Super built-up  Area,Ready To Move,Sarjapur,Sondaka,1000.0,2.0,2.0,30.0,2
Super built-up  Area,18-Jul,Sarjapur,Vehes L,1157.0,2.0,1.0,40.0,2
Super built-up  Area,18-Apr,Sarjapur,SNityVe,625.0,1.0,1.0,19.0,1
Super built-up  Area,Ready To Move,Sarjapur,DSousyl,940.0,2.0,1.0,25.38,2
Super built-up  Area,19-Apr,Sarjapur,CLdiaAr,1404.0,2.0,0.0,53.35,3
Super built-up  Area,Ready To Move,Sarjapur,Sondaka,1364.0,2.0,2.0,56.0,3
Super built-up  Area,Ready To Move,Sarjapur,DSousyl,1124.0,2.0,1.0,30.35,2
Super built-up  Area,Ready To Move,Sarjapur,Peles P,1044.0,2.0,2.0,32.0,2
Super built-up  Area,Ready To Move,Sarjapur,SNityVe,650.0,1.0,2.0,19.87,1
Super built-up  Area,18-Apr,Sarjapur,SNityVe,1170.0,2.0,2.0,35.41,3
Super built-up  Area,Ready To Move,Sarjapur,Peles P,1044.0,2.0,2.0,34.0,2
Plot  Area,18-Aug,Sarjapur,Icaryan,1200.0,3.0,2.0,76.13,3
Super built-up  Area,Ready To Move,Sarjapur,Ahownve,1200.0,2.0,2.0,62.0,2
Super built-up  Area,18-Apr,Sarjapur,SNityVe,900.0,2.0,2.0,27.98,2
Plot  Area,Ready To Move,Sarjapur,Puodsm ,2970.0,3.0,3.0,130.0,4
Built-up  Area,Ready To Move,Sarjapur,Coa It ,1575.0,3.0,3.0,55.0,3
Super built-up  Area,Ready To Move,Sarjapur,Sondaka,920.0,2.0,2.0,33.0,2
Super built-up  Area,Ready To Move,Sarjapur,Coa 3t ,1445.0,3.0,1.0,50.0,3
Super built-up  Area,Ready To Move,Sarjapur,Sondaka,1333.0,3.0,1.0,50.0,3
Super built-up  Area,Ready To Move,Sarjapur,Peles P,1044.0,2.0,2.0,36.0,2
Built-up  Area,Ready To Move,Sarjapur,Sondaka,950.0,2.0,2.0,35.0,2
Plot  Area,Ready To Move,Sarjapur,Corix B,2172.0,3.0,0.0,100.0,3
Super built-up  Area,Ready To Move,Sarjapur,DSousyl,633.0,1.0,1.0,17.09,1
Plot  Area,Ready To Move,Sarjapur,Peora P,2400.0,3.0,3.0,140.0,4
Super built-up  Area,Ready To Move,Sarjapur,Coa 3t ,1095.0,2.0,1.0,45.0,2
Built-up  Area,Ready To Move,Sarjapur  Road,Cetattu,2497.0,3.0,2.0,140.0,3
Super built-up  Area,18-Dec,Sarjapur  Road,Klark L,1787.0,3.0,2.0,98.29,3
Super built-up  Area,Ready To Move,Sarjapur  Road,Klark L,1787.0,3.0,2.0,125.0,3
Super built-up  Area,19-Mar,Sarjapur  Road,AsastDe,984.0,2.0,1.0,44.28,2
Super built-up  Area,Ready To Move,Sarjapur  Road,Usquaya,1035.0,2.0,2.0,49.2,2
Super built-up  Area,Ready To Move,Sarjapur  Road,Ahriaup,1863.0,3.0,2.0,104.0,4
Super built-up  Area,18-Sep,Sarjapur  Road,PualeSk,1346.0,2.0,1.0,74.03,2
Super built-up  Area,19-Apr,Sarjapur  Road,Brareio,1195.0,2.0,1.0,70.0,2
Super built-up  Area,Ready To Move,Sarjapur  Road,PuineSu,1550.0,3.0,3.0,100.0,3
Super built-up  Area,Ready To Move,Sarjapur  Road,Supleon,2100.0,3.0,2.0,125.0,3
Super built-up  Area,Ready To Move,Sarjapur  Road,Klark L,1691.0,3.0,2.0,113.0,3
Super built-up  Area,Ready To Move,Sarjapur  Road,Adeatlm,1278.0,2.0,2.0,95.0,2
Super built-up  Area,18-Sep,Sarjapur  Road,PualeSk,1346.0,2.0,1.0,61.92,2
Super built-up  Area,Ready To Move,Sarjapur  Road,Puallhi,1984.0,4.0,1.0,146.0,3
Super built-up  Area,Ready To Move,Sarjapur  Road,Shthi S,1035.0,2.0,1.0,45.0,2
Super built-up  Area,Ready To Move,Sarjapur  Road,CharkGr,1128.0,2.0,2.0,59.0,2
Built-up  Area,Ready To Move,Sarjapur  Road,HIideSu,1495.0,2.0,0.0,64.0,3
Super built-up  Area,Ready To Move,Sarjapur  Road,SocusHi,1700.0,3.0,3.0,110.0,3
Super built-up  Area,18-Nov,Sarjapur  Road,AsastDe,1157.0,2.0,1.0,75.0,3
Super built-up  Area,Ready To Move,Sarjapur  Road,Maantr ,1282.0,2.0,2.0,72.0,2
Super built-up  Area,Ready To Move,Sarjapur  Road,Vaunei ,4111.0,4.0,1.0,310.0,4
Super built-up  Area,Ready To Move,Sarjapur  Road,Maana E,3900.0,4.0,3.0,300.0,4
Super built-up  Area,Ready To Move,Sarjapur  Road,Maaveal,1300.0,2.0,2.0,60.0,2
Super built-up  Area,Ready To Move,Sarjapur  Road,Ahriaup,1050.0,2.0,1.0,62.0,2
Super built-up  Area,Ready To Move,Sarjapur  Road,Maana E,1700.0,3.0,3.0,135.0,3
Super built-up  Area,Ready To Move,Sarjapur  Road,Klark L,1691.0,3.0,2.0,119.0,3
Super built-up  Area,Ready To Move,Sarjapur  Road,Adeatlm,1846.0,3.0,2.0,140.0,3
Super built-up  Area,18-May,Sarjapur  Road,PualeSk,1929.0,4.0,1.0,103.0,3
Super built-up  Area,18-Dec,Sarjapur  Road,Klark L,1819.0,3.0,2.0,100.0,3
Super built-up  Area,Ready To Move,Sarjapur  Road,Ceiti I,1845.0,4.0,1.0,110.0,3
Super built-up  Area,19-Oct,Sarjapur  Road,Brareio,1233.0,2.0,2.0,77.65,2
Super built-up  Area,Ready To Move,Sarjapur  Road,Klark L,4395.0,4.0,2.0,242.0,4
Super built-up  Area,Ready To Move,Sarjapur  Road,Srisei ,1428.0,2.0,2.0,66.0,3
Super built-up  Area,Ready To Move,Sarjapur  Road,Mades G,1680.0,3.0,1.0,112.0,3
Super built-up  Area,Ready To Move,Sarjapur  Road,Mades G,1255.0,2.0,1.0,92.0,2
Super built-up  Area,Ready To Move,Sarjapur  Road,PraleSi,1311.0,2.0,1.0,78.0,2
Super built-up  Area,18-Nov,Sarjapur  Road,AsastDe,1157.0,2.0,1.0,75.0,3
Super built-up  Area,Ready To Move,Sarjapur  Road,Trurea ,1145.0,2.0,2.0,75.0,2
Built-up  Area,Ready To Move,Sarjapur  Road,Esatea ,1300.0,2.0,2.0,70.0,3
Super built-up  Area,Ready To Move,Sarjapur  Road,Asncywo,1725.0,3.0,3.0,90.0,3
Super built-up  Area,Ready To Move,Sarjapur  Road,Adeatlm,2180.0,3.0,2.0,170.0,3
Super built-up  Area,Ready To Move,Sarjapur  Road,Clell D,1084.0,2.0,3.0,55.0,2
Super built-up  Area,Ready To Move,Sarjapur  Road,SocusHi,1750.0,3.0,2.0,110.0,3
Super built-up  Area,Ready To Move,Sarjapur  Road,Ceiti I,1888.0,4.0,1.0,95.0,3
Built-up  Area,Ready To Move,Sarjapur  Road,MJinele,1300.0,3.0,2.0,60.0,3
Plot  Area,18-Feb,Sarjapur  Road,Cetattu,1200.0,3.0,2.0,70.0,3
Plot  Area,17-Jun,Sarjapur  Road,AztheBr,2600.0,3.0,2.0,200.0,3
Super built-up  Area,18-Nov,Sarjapur  Road,AsastDe,685.0,1.0,1.0,40.0,1
Super built-up  Area,Ready To Move,Sarjapur  Road,Shthi S,915.0,2.0,1.0,38.0,2
Super built-up  Area,Ready To Move,Sarjapur  Road,BModsen,1241.0,2.0,1.0,82.0,2
Super built-up  Area,19-Nov,Sarjapur  Road,AsastDe,984.0,2.0,1.0,45.91,2
Super built-up  Area,Ready To Move,Sarjapur  Road,Contsci,1400.0,2.0,2.0,68.0,2
Super built-up  Area,18-Jan,Sarjapur  Road,Kelia R,1280.0,2.0,1.0,76.0,2
Super built-up  Area,Ready To Move,Sarjapur  Road,Usquaya,1145.0,2.0,2.0,49.5,2
Super built-up  Area,Ready To Move,Sarjapur  Road,SJityaz,1308.0,2.0,1.0,83.0,2
Super built-up  Area,19-Apr,Sarjapur  Road,Brareio,1592.0,3.0,1.0,91.0,3
Super built-up  Area,Ready To Move,Sarjapur  Road,Itvas S,1150.0,2.0,2.0,77.0,2
Built-up  Area,Ready To Move,Sarjapur  Road,Contsci,1965.0,3.0,3.0,120.0,3
Super built-up  Area,Ready To Move,Sarjapur  Road,Adeatlm,2275.0,4.0,2.0,180.0,3
Super built-up  Area,Ready To Move,Sarjapur  Road,Asira E,985.0,2.0,1.0,49.0,2
Super built-up  Area,Ready To Move,Sarjapur  Road,Contsci,1418.0,2.0,2.0,78.0,2
Built-up  Area,Ready To Move,Sarjapur  Road,Mades G,1200.0,2.0,1.0,93.0,2
Super built-up  Area,Ready To Move,Sarjapur  Road,MJtumty,1586.0,3.0,3.0,70.0,3
Super built-up  Area,Ready To Move,Sarjapur  Road,Shthi S,1115.0,2.0,1.0,60.0,2
Super built-up  Area,Ready To Move,Sarjapur  Road,Ahriaup,1525.0,2.0,2.0,87.0,3
Super built-up  Area,18-Apr,Sarjapur  Road,PualeSk,1346.0,2.0,1.0,71.32,2
Built-up  Area,Ready To Move,Sarjapur  Road,Shthi S,915.0,2.0,2.0,37.0,2
Super built-up  Area,Ready To Move,Sarjapur  Road,Shthi S,715.0,1.0,2.0,29.0,1
Super built-up  Area,Ready To Move,Sarjapur  Road,Jauraht,1230.0,2.0,3.0,94.5,2
Built-up  Area,Ready To Move,Sarjapur  Road,Soisy D,1750.0,3.0,3.0,99.0,3
Super built-up  Area,20-Aug,Sarjapur  Road,Ahciace,1145.0,2.0,1.0,62.0,2
Plot  Area,Ready To Move,Sarjapur  Road,Pelle P,1500.0,3.0,2.0,88.0,3
Super built-up  Area,19-Jul,Sarjapur  Road,Frhtsr ,1190.0,2.0,1.0,50.0,2
Super built-up  Area,Ready To Move,Sarjapur  Road,Adeatlm,1846.0,3.0,3.0,145.0,3
Super built-up  Area,Ready To Move,Sarjapur  Road,SollaMa,1846.0,3.0,2.0,155.0,3
Super built-up  Area,20-Aug,Sarjapur  Road,Ahciace,1067.0,2.0,1.0,60.0,2
Built-up  Area,Ready To Move,Sarjapur  Road,Reyle L,3200.0,5.0,3.0,140.0,5
Super built-up  Area,Ready To Move,Sarjapur  Road,Asncywo,1700.0,3.0,1.0,95.0,3
Built-up  Area,20-Jul,Sarjapur  Road,NVdenic,1939.0,3.0,0.0,98.0,3
Built-up  Area,Ready To Move,Sarjapur  Road,Adntsra,2556.0,3.0,2.0,169.0,3
Super built-up  Area,Ready To Move,Sarjapur  Road,Adeatlm,1278.0,2.0,2.0,90.0,2
Super built-up  Area,18-Nov,Sarjapur  Road,AsastDe,984.0,2.0,1.0,45.91,2
Super built-up  Area,Ready To Move,Sarjapur  Road,PuineSu,1305.0,2.0,1.0,99.0,2
Super built-up  Area,18-Apr,Sarjapur  Road,PualeSk,1700.0,3.0,2.0,93.5,3
Super built-up  Area,Ready To Move,Sarjapur  Road,SavanBr,1060.0,2.0,1.0,55.0,2
Super built-up  Area,Ready To Move,Sarjapur  Road,Mades G,1455.0,2.0,1.0,98.0,3
Built-up  Area,Ready To Move,Sarjapur  Road,Adeatlm,1850.0,3.0,3.0,140.0,3
Super built-up  Area,18-Apr,Sarjapur  Road,Kiare S,950.0,1.0,0.0,39.9,1
Super built-up  Area,Ready To Move,Sarjapur  Road,Saitya ,1826.0,3.0,2.0,130.0,3
Super built-up  Area,Ready To Move,Sarjapur  Road,DSndsod,1660.0,2.0,2.0,116.0,3
Super built-up  Area,Ready To Move,Sarjapur  Road,Maantr ,1700.0,3.0,3.0,108.0,3
Super built-up  Area,Ready To Move,Sarjapur  Road,CoLeoen,1489.0,2.0,3.0,82.0,3
Super built-up  Area,Ready To Move,Sarjapur  Road,SJityaz,1550.0,2.0,2.0,69.75,3
Super built-up  Area,Ready To Move,Sarjapur  Road,Ahriaup,539.0,1.0,1.0,45.0,1
Super built-up  Area,Ready To Move,Sarjapur  Road,AbiewLa,1200.0,2.0,2.0,75.0,2
Super built-up  Area,Ready To Move,Sarjapur  Road,Adeatlm,2145.0,3.0,3.0,180.0,3
Super built-up  Area,Ready To Move,Sarjapur  Road,SJityaz,1308.0,2.0,1.0,58.86,2
Built-up  Area,Ready To Move,Sarjapur  Road,Srncy R,920.0,2.0,1.0,40.0,2
Super built-up  Area,Ready To Move,Sarjapur  Road,MJinele,1163.0,2.0,2.0,62.0,3
Super built-up  Area,Ready To Move,Sarjapur  Road,Puallhi,1877.0,4.0,2.0,150.0,3
Super built-up  Area,Ready To Move,Sarjapur  Road,Ceiti I,1229.0,2.0,2.0,70.0,2
Super built-up  Area,18-May,Sarjapur  Road,PualeSk,1711.0,3.0,1.0,110.0,3
Super built-up  Area,Ready To Move,Sarjapur  Road,Ahriaup,1050.0,2.0,1.0,63.5,2
Super built-up  Area,Ready To Move,Sarjapur  Road,Adeatlm,1350.0,2.0,2.0,102.0,2
Super built-up  Area,Ready To Move,Sarjapur  Road,Usquaya,1035.0,2.0,2.0,49.0,2
Super built-up  Area,Ready To Move,Sarjapur  Road,CoLeoen,1457.0,3.0,3.0,85.0,3
Super built-up  Area,18-Apr,Sarjapur  Road,PualeSk,1685.0,3.0,1.0,135.0,3
Super built-up  Area,Ready To Move,Sarjapur  Road,Contsci,1350.0,2.0,2.0,68.0,2
Plot  Area,18-May,Sarjapur  Road,Cetattu,1200.0,3.0,2.0,70.0,3
Super built-up  Area,19-Nov,Sarjapur  Road,AsastDe,1157.0,2.0,1.0,53.99,3
Super built-up  Area,18-Dec,Sarjapur  Road,PualeSk,1700.0,3.0,1.0,79.9,3
Super built-up  Area,18-Nov,Sarjapur  Road,AsastDe,984.0,2.0,1.0,55.0,2
Super built-up  Area,Ready To Move,Sarjapur  Road,Ahriaup,1864.0,3.0,2.0,105.0,4
Super built-up  Area,18-Apr,Sarjapur  Road,AsastDe,1157.0,2.0,1.0,57.84,3
Super built-up  Area,Ready To Move,Sarjapur  Road,DSndsod,1320.0,2.0,1.0,100.0,2
Super built-up  Area,Ready To Move,Sarjapur  Road,Puallhi,1984.0,4.0,1.0,145.0,3
Super built-up  Area,Ready To Move,Sarjapur  Road,Asncywo,1800.0,3.0,1.0,90.0,4
Super built-up  Area,Ready To Move,Sarjapur  Road,KPiteEl,1550.0,2.0,1.0,89.0,3
Super built-up  Area,Ready To Move,Sarjapur  Road,Puallhi,2425.0,5.0,1.0,201.0,4
Super built-up  Area,Ready To Move,Sarjapur  Road,Klark L,1691.0,3.0,2.0,113.0,3
Super built-up  Area,Ready To Move,Sarjapur  Road,SoniaEt,2070.0,4.0,2.0,160.0,3
Super built-up  Area,Ready To Move,Sarjapur  Road,PuineSu,1435.0,3.0,2.0,90.0,3
Super built-up  Area,Ready To Move,Sarjapur  Road,Contsci,1262.0,2.0,2.0,67.0,2
Super built-up  Area,Ready To Move,Sarjapur  Road,Adeatlm,1693.0,3.0,2.0,125.0,3
Super built-up  Area,Ready To Move,Sarjapur  Road,Saitya ,1826.0,3.0,2.0,125.0,3
Super built-up  Area,Ready To Move,Sarjapur  Road,DSndsod,1660.0,3.0,2.0,116.0,3
Super built-up  Area,18-Apr,Sarjapur  Road,AsastDe,984.0,2.0,1.0,45.91,2
Super built-up  Area,19-Mar,Sarjapur  Road,PualeSk,1929.0,4.0,1.0,101.0,3
Super built-up  Area,Ready To Move,Sarjapur  Road,Shthi S,1525.0,2.0,2.0,65.0,3
Super built-up  Area,Ready To Move,Sarjapur  Road,Adeatlm,2900.0,4.0,2.0,240.0,4
Super built-up  Area,18-May,Sarjapur  Road,AsastDe,1157.0,2.0,1.0,74.0,3
Super built-up  Area,18-Apr,Sarjapur  Road,PualeSk,1700.0,3.0,1.0,118.0,3
Super built-up  Area,Ready To Move,Sarjapur  Road,Klark L,1691.0,3.0,3.0,120.0,3
Super built-up  Area,18-Apr,Sarjapur  Road,PualeSk,1929.0,3.0,1.0,103.0,3
Super built-up  Area,18-May,Sarjapur  Road,SJityaz,1308.0,2.0,1.0,75.0,2
Super built-up  Area,Ready To Move,Sarjapur  Road,Brtondd,1580.0,3.0,3.0,125.0,3
Super built-up  Area,18-Jul,Sarjapur  Road,Ceiti I,1797.0,4.0,1.0,95.0,3
Super built-up  Area,17-Oct,Sarjapur  Road,Asuceis,1763.25,3.0,3.0,98.0,3
Super built-up  Area,Ready To Move,Sarjapur  Road,Saitya ,1826.0,3.0,2.0,130.0,3
Super built-up  Area,Ready To Move,Sarjapur  Road,SJityaz,1550.0,2.0,2.0,98.0,3
Super built-up  Area,Ready To Move,Sarjapur  Road,Usquaya,1145.0,2.0,2.0,49.5,2
Super built-up  Area,18-Dec,Sarjapur  Road,Klark L,1819.0,3.0,2.0,100.0,3
Super built-up  Area,18-Nov,Sarjapur  Road,AsastDe,984.0,2.0,1.0,59.0,2
Super built-up  Area,Ready To Move,Sarjapur  Road,CoLeoen,1489.0,3.0,2.0,88.0,3
Super built-up  Area,18-Jan,Sarjapur  Road,SJityaz,702.0,1.0,1.0,52.0,1
Super built-up  Area,18-Mar,Sarjapur  Road,SJityaz,1242.0,2.0,1.0,75.0,2
Super built-up  Area,Ready To Move,Sarjapur  Road,Adeatlm,2275.0,4.0,2.0,185.0,3
Super built-up  Area,Ready To Move,Sarjapur  Road,Ahriaup,2100.0,3.0,1.0,135.0,3
Super built-up  Area,18-Jul,Sarjapur  Road,PualeSk,1700.0,3.0,2.0,93.5,3
Super built-up  Area,Ready To Move,Sarjapur  Road,Ceiti I,1862.0,4.0,1.0,110.0,3
Super built-up  Area,Ready To Move,Sarjapur  Road,Adeatlm,2275.0,4.0,2.0,175.0,3
Super built-up  Area,Ready To Move,Sarjapur  Road,Maantr ,1314.0,2.0,2.0,110.0,2
Super built-up  Area,Ready To Move,Sarjapur  Road,Klark L,1787.0,3.0,2.0,116.0,3
Super built-up  Area,Ready To Move,Sarjapur  Road,Klark L,1691.0,3.0,2.0,93.01,3
Super built-up  Area,Ready To Move,Sarjapur  Road,MamelKa,1028.0,2.0,1.0,56.0,2
Super built-up  Area,18-Dec,Sarjapur  Road,Klark L,4395.0,4.0,2.0,242.0,4
Super built-up  Area,Ready To Move,Sarjapur  Road,Trurea ,1181.0,2.0,1.0,65.0,3
Super built-up  Area,Ready To Move,Sarjapur  Road,Klark L,1691.0,3.0,2.0,100.0,3
Super built-up  Area,18-Apr,Sarjapur  Road,PualeSk,1350.0,2.0,1.0,85.0,2
Super built-up  Area,18-May,Sarjapur  Road,AsastDe,1157.0,2.0,1.0,72.0,3
Super built-up  Area,Ready To Move,Sarjapur  Road,Ahriaup,1019.0,2.0,1.0,62.0,2
Super built-up  Area,19-Dec,Sarjapur  Road,AsastDe,691.0,1.0,1.0,31.1,1
Super built-up  Area,Ready To Move,Sarjapur  Road,Ascid P,994.0,2.0,2.0,45.0,2
Built-up  Area,18-Jun,Sarjapur  Road,Marthur,3913.0,5.0,0.0,176.0,4
Built-up  Area,Ready To Move,Sarjapur  Road,Srntssh,1130.0,2.0,2.0,55.0,2
Super built-up  Area,17-May,Sarjapur  Road,Ahriaup,1881.0,3.0,2.0,145.0,3
Super built-up  Area,Ready To Move,Sarjapur  Road,Adeatlm,2275.0,4.0,2.0,182.0,3
Super built-up  Area,Ready To Move,Sarjapur  Road,Shthi S,1525.0,2.0,2.0,65.0,3
Super built-up  Area,19-Mar,Sarjapur  Road,PualeSk,1346.0,2.0,1.0,67.38,2
Super built-up  Area,Ready To Move,Sarjapur  Road,Ahriaup,1881.0,3.0,2.0,145.0,3
Built-up  Area,Ready To Move,Sarjapur  Road,Usquaya,1045.0,2.0,2.0,42.15,2
Plot  Area,Ready To Move,Sarjapur  Road,NVanat ,2880.0,3.0,2.0,211.0,4
Super built-up  Area,19-Nov,Sarjapur  Road,AsastDe,984.0,2.0,1.0,45.91,2
Super built-up  Area,18-Apr,Sarjapur  Road,PualeSk,1346.0,2.0,1.0,74.03,2
Super built-up  Area,Ready To Move,Sarjapur  Road,Maana E,3930.0,5.0,2.0,330.0,4
Super built-up  Area,Ready To Move,Sarjapur  Road,Klark L,1691.0,3.0,2.0,119.0,3
Super built-up  Area,Ready To Move,Sarjapur  Road,DSndsod,1335.0,2.0,1.0,95.0,2
Super built-up  Area,Ready To Move,Sarjapur  Road,Shthi S,1525.0,2.0,3.0,63.0,3
Super built-up  Area,Ready To Move,Sarjapur  Road,GCiewty,1222.0,2.0,1.0,68.0,3
Built-up  Area,Ready To Move,Sarjapur  Road,Saitya ,3420.0,4.0,2.0,225.0,4
Super built-up  Area,Ready To Move,Sarjapur  Road,Mades G,1510.0,2.0,1.0,110.0,3
Super built-up  Area,Ready To Move,Sarjapur  Road,SJityaz,1242.0,2.0,1.0,78.0,2
Super built-up  Area,Ready To Move,Sarjapur  Road,SJityaz,1665.0,3.0,2.0,74.93,3
Super built-up  Area,Ready To Move,Sarjapur  Road,Ahriaup,1129.0,2.0,1.0,69.0,2
Super built-up  Area,Ready To Move,Sarjapur  Road,Adeatlm,1850.0,3.0,2.0,140.0,3
Super built-up  Area,Ready To Move,Sarjapur  Road,Adeatlm,1879.0,3.0,2.0,155.0,3
Super built-up  Area,19-Oct,Sarjapur  Road,AsastDe,1157.0,2.0,1.0,75.0,3
Super built-up  Area,Ready To Move,Sarjapur  Road,Puallhi,2425.0,5.0,1.0,175.0,4
Super built-up  Area,Ready To Move,Sarjapur  Road,Maantr ,1323.0,2.0,2.0,74.0,2
Super built-up  Area,Ready To Move,Sarjapur  Road,SoniaEt,2289.0,3.0,2.0,178.0,3
Built-up  Area,Ready To Move,Sarjapur  Road,Esatea ,1314.0,2.0,2.0,70.44,3
Super built-up  Area,Ready To Move,Sarjapur  Road,Supleon,2100.0,3.0,2.0,130.0,3
Super built-up  Area,Ready To Move,Sarjapur  Road,SJityaz,702.0,1.0,0.0,35.8,1
Super built-up  Area,Ready To Move,Sarjapur  Road,Adeatlm,1320.0,2.0,2.0,110.0,2
Super built-up  Area,Ready To Move,Sarjapur  Road,Saitya ,1800.0,3.0,2.0,128.0,3
Super built-up  Area,Ready To Move,Sarjapur  Road,Adeatlm,2275.0,4.0,2.0,187.0,3
Super built-up  Area,Ready To Move,Sarjapur  Road,Shthi S,1270.0,2.0,1.0,54.0,3
Super built-up  Area,Ready To Move,Sarjapur  Road,Usquaya,1025.0,2.0,2.0,45.5,2
Super built-up  Area,19-Mar,Sarjapur  Road,AsastDe,1112.0,2.0,1.0,62.0,2
Super built-up  Area,Ready To Move,Sarjapur  Road,VHinoel,1273.0,2.0,2.0,60.0,2
Super built-up  Area,18-Nov,Sarjapur  Road,AsastDe,1157.0,2.0,1.0,69.0,3
Super built-up  Area,Ready To Move,Sarjapur  Road,Ahriaup,1026.0,2.0,1.0,60.8,2
Super built-up  Area,Ready To Move,Sarjapur  Road,Shthi S,1150.0,2.0,1.0,48.5,2
Plot  Area,Ready To Move,Sarjapur  Road,Krs A C,1600.0,3.0,1.0,120.0,3
Super built-up  Area,18-Apr,Sarjapur  Road,PualeSk,1370.0,2.0,1.0,70.0,2
Super built-up  Area,18-Jul,Sarjapur  Road,PualeSk,1346.0,2.0,1.0,74.03,2
Super built-up  Area,20-Aug,Sarjapur  Road,Ahciace,475.0,1.0,1.0,26.0,1
Super built-up  Area,Ready To Move,Sarjapur  Road,Ceiti I,1197.0,2.0,1.0,56.86,2
Super built-up  Area,Ready To Move,Sarjapur  Road,Nauha G,3040.0,4.0,2.0,135.0,4
Built-up  Area,Ready To Move,Sarjapur  Road,Adeatlm,1857.0,4.0,3.0,155.0,3
Super built-up  Area,Ready To Move,Sarjapur  Road,DSndsod,1660.0,2.0,2.0,116.0,3
Super built-up  Area,18-Nov,Sarjapur  Road,AsastDe,984.0,2.0,1.0,45.75,2
Super built-up  Area,18-May,Sarjapur  Road,PualeSk,1346.0,2.0,1.0,69.61,2
Super built-up  Area,Ready To Move,Sarjapur  Road,PraleSi,2089.0,3.0,2.0,148.0,3
Super built-up  Area,Ready To Move,Sarjapur  Road,Adeatlm,1290.0,2.0,2.0,88.0,2
Super built-up  Area,18-Apr,Sarjapur  Road,PualeSk,1371.0,2.0,1.0,86.0,2
Super built-up  Area,Ready To Move,Sarjapur  Road,PraleSi,2140.0,3.0,2.0,139.0,3
Super built-up  Area,Ready To Move,Sarjapur  Road,MamelKa,1044.0,2.0,2.0,55.0,2
Super built-up  Area,Ready To Move,Sarjapur  Road,Reciale,1600.0,3.0,1.0,85.0,3
Super built-up  Area,Ready To Move,Sarjapur  Road,Adeatlm,2180.0,4.0,3.0,180.0,3
Super built-up  Area,Ready To Move,Sarjapur  Road,Klark L,1691.0,3.0,2.0,119.0,3
Super built-up  Area,Ready To Move,Sarjapur  Road,SoniaEt,2206.0,4.0,1.0,180.0,3
Super built-up  Area,18-Dec,Sarjapur  Road,Klark L,1691.0,3.0,2.0,100.0,3
Built-up  Area,Ready To Move,Sarjapur  Road,MadinJa,1367.0,2.0,0.0,80.0,2
Super built-up  Area,Ready To Move,Sarjapur  Road,Klark L,4395.0,4.0,2.0,242.0,4
Super built-up  Area,Ready To Move,Sarjapur  Road,Puallhi,1984.0,4.0,1.0,148.0,3
Super built-up  Area,18-Jun,Sarjapur  Road,PualeSk,1346.0,2.0,1.0,74.03,2
Super built-up  Area,18-Nov,Sarjapur  Road,AsastDe,1112.0,2.0,1.0,58.0,2
Super built-up  Area,Ready To Move,Sarjapur  Road,Asncywo,1850.0,3.0,2.0,89.0,3
Super built-up  Area,Ready To Move,Sarjapur  Road,Puallhi,2425.0,5.0,1.0,195.0,4
Super built-up  Area,Ready To Move,Seegehalli,Paoliy ,1525.0,3.0,2.0,65.0,3
Super built-up  Area,Ready To Move,Seegehalli,Paoliy ,1830.0,4.0,2.0,82.0,3
Plot  Area,Ready To Move,Seegehalli,Chorda ,4000.0,3.0,1.0,235.0,3
Built-up  Area,Ready To Move,Seegehalli,Paoliy ,3000.0,5.0,3.0,150.0,4
Super built-up  Area,Ready To Move,Seegehalli,Srandir,1553.0,3.0,3.0,68.0,3
Super built-up  Area,Ready To Move,Seegehalli,Niowshi,1639.0,3.0,3.0,120.0,3
Plot  Area,Ready To Move,Seegehalli,Stndeil,3000.0,4.0,2.0,235.0,3
Super built-up  Area,Ready To Move,Seegehalli,Niowshi,1683.0,3.0,3.0,80.0,3
Super built-up  Area,Ready To Move,Seegehalli,Sriferi,1176.0,2.0,2.0,50.0,2
Plot  Area,Ready To Move,Seegehalli,Akone R,3000.0,4.0,2.0,240.0,3
Built-up  Area,Ready To Move,Somasundara Palya,Abeesmi,1255.0,2.0,2.0,67.0,2
Super built-up  Area,Ready To Move,Somasundara Palya,Srhts P,1448.0,2.0,2.0,68.0,2
Super built-up  Area,Ready To Move,Somasundara Palya,ManceEl,1178.0,2.0,3.0,73.0,2
Super built-up  Area,Ready To Move,Somasundara Palya,Srhts P,1260.0,2.0,1.0,60.0,2
Super built-up  Area,Ready To Move,Somasundara Palya,Abeesmi,1174.0,2.0,3.0,74.0,2
Built-up  Area,Ready To Move,Somasundara Palya,Ahhtser,1033.0,2.0,2.0,48.0,2
Super built-up  Area,Ready To Move,Somasundara Palya,ManceEl,1185.0,2.0,3.0,70.0,2
Super built-up  Area,Ready To Move,Somasundara Palya,ManceEl,1200.0,2.0,2.0,75.0,2
Built-up  Area,Ready To Move,Somasundara Palya,ManceEl,2400.0,3.0,3.0,140.0,4
Built-up  Area,Ready To Move,Somasundara Palya,ManceEl,1186.0,2.0,3.0,72.0,2
Super built-up  Area,Ready To Move,Somasundara Palya,ManceEl,1186.0,2.0,1.0,76.0,2
Super built-up  Area,Ready To Move,Somasundara Palya,ManceEl,1185.0,2.0,2.0,75.0,2
Super built-up  Area,Ready To Move,Sonnenahalli,DSgam S,1415.0,2.0,1.0,55.0,3
Built-up  Area,Ready To Move,Sonnenahalli,DSgam S,896.0,2.0,1.0,43.75,2
Super built-up  Area,Ready To Move,Sonnenahalli,Whosone,1100.0,2.0,1.0,44.0,2
Super built-up  Area,18-Dec,Sonnenahalli,Skacak ,1011.0,2.0,1.0,50.53,2
Super built-up  Area,18-Dec,Sonnenahalli,Skacak ,1484.0,3.0,1.0,74.18,3
Super built-up  Area,18-Dec,Sonnenahalli,Skacak ,1610.0,3.0,2.0,80.48,3
Super built-up  Area,Ready To Move,Sonnenahalli,DSgam S,1415.0,2.0,1.0,65.0,3
Super built-up  Area,Ready To Move,Sonnenahalli,Skacak ,1268.0,2.0,1.0,58.0,2
Super built-up  Area,Ready To Move,Sonnenahalli,Skacak ,1268.0,2.0,1.0,56.0,2
Super built-up  Area,18-Dec,Sonnenahalli,Skacak ,605.0,1.0,1.0,30.24,1
Built-up  Area,Ready To Move,Sonnenahalli,Skacak ,1484.0,3.0,1.0,75.0,3
Super built-up  Area,Ready To Move,Subramanyapura,Prldsri,929.0,2.0,0.0,50.17,2
Super built-up  Area,Ready To Move,Subramanyapura,Mayne A,975.0,2.0,1.0,58.0,2
Super built-up  Area,Ready To Move,Subramanyapura,Mayne A,985.0,2.0,1.0,58.0,2
Super built-up  Area,Ready To Move,Subramanyapura,Mayne A,1245.0,2.0,1.0,68.0,3
Super built-up  Area,Ready To Move,Subramanyapura,Chllsev,1313.0,2.0,2.0,73.0,2
Super built-up  Area,Ready To Move,Subramanyapura,Chllsev,1313.0,2.0,2.0,66.5,2
Super built-up  Area,Ready To Move,Subramanyapura,Prldsri,1330.0,3.0,2.0,72.0,3
Built-up  Area,Ready To Move,Subramanyapura,Prldsri,929.0,2.0,1.0,48.0,2
Super built-up  Area,Ready To Move,Subramanyapura,Prldsri,950.0,2.0,1.0,55.0,2
Super built-up  Area,Ready To Move,Subramanyapura,Prldsri,929.0,2.0,1.0,56.0,2
Super built-up  Area,Ready To Move,Subramanyapura,Chllsev,1800.0,3.0,2.0,90.0,3
Built-up  Area,Ready To Move,Subramanyapura,Mayne A,1260.0,2.0,2.0,76.0,3
Super built-up  Area,Ready To Move,Subramanyapura,DStik S,960.0,2.0,1.0,55.0,2
Super built-up  Area,Ready To Move,Subramanyapura,Mayne A,1260.0,2.0,1.0,73.0,3
Super built-up  Area,Ready To Move,Subramanyapura,Prldsri,1278.0,3.0,2.0,62.71,3
Super built-up  Area,Ready To Move,Subramanyapura,Prldsri,1278.0,3.0,2.0,70.0,3
Super built-up  Area,Ready To Move,Subramanyapura,Prldsri,929.0,2.0,2.0,49.0,2
Super built-up  Area,Ready To Move,Subramanyapura,Mayne A,1260.0,2.0,1.0,75.0,3
Super built-up  Area,Ready To Move,Subramanyapura,Mayne A,2495.0,3.0,3.0,130.0,3
Super built-up  Area,Ready To Move,Subramanyapura,Prldsri,929.0,1.0,2.0,51.0,2
Super built-up  Area,Ready To Move,Subramanyapura,Mayne A,1880.0,3.0,2.0,110.0,3
Super built-up  Area,21-Dec,Talaghattapura,Sodgere,1868.0,3.0,2.0,131.0,3
Super built-up  Area,18-Aug,Talaghattapura,Sodgere,2254.0,3.0,2.0,170.0,3
Super built-up  Area,21-Mar,Talaghattapura,Sodgere,1868.0,3.0,1.0,121.0,3
Super built-up  Area,21-Feb,Talaghattapura,Sodgere,1868.0,3.0,1.0,135.0,3
Super built-up  Area,18-Aug,Talaghattapura,Sodgere,1856.0,3.0,2.0,135.0,3
Super built-up  Area,21-Mar,Talaghattapura,Sodgere,1868.0,3.0,1.0,120.0,3
Super built-up  Area,18-Aug,Talaghattapura,Sodgere,2254.0,3.0,2.0,170.0,3
Built-up  Area,18-Aug,Talaghattapura,Sodgere,2254.0,3.0,2.0,170.0,3
Super built-up  Area,21-Dec,Talaghattapura,Sodgere,1804.0,3.0,1.0,115.0,3
Super built-up  Area,18-Aug,Talaghattapura,Sodgere,1856.0,3.0,2.0,135.0,3
Super built-up  Area,21-Feb,Talaghattapura,Sodgere,2254.0,3.0,2.0,153.0,3
Super built-up  Area,21-Dec,Talaghattapura,Sodgere,2106.0,3.0,3.0,148.0,3
Super built-up  Area,18-Aug,Talaghattapura,Sodgere,1856.0,3.0,2.0,135.0,3
Super built-up  Area,21-Dec,Talaghattapura,Sodgere,2273.0,3.0,3.0,159.0,3
Super built-up  Area,21-Dec,Talaghattapura,Sodgere,2099.0,3.0,3.0,147.0,3
Super built-up  Area,21-Dec,Talaghattapura,Sodgere,2273.0,3.0,2.0,145.0,3
Super built-up  Area,21-Dec,Talaghattapura,Sodgere,1804.0,3.0,2.0,127.0,3
Super built-up  Area,21-Dec,Talaghattapura,Sodgere,2265.0,3.0,3.0,159.0,3
Super built-up  Area,21-Dec,Talaghattapura,Sodgere,2099.0,3.0,2.0,134.0,3
Super built-up  Area,18-Nov,Thanisandra,Bhe 2ko,510.0,1.0,0.0,25.25,1
Super built-up  Area,17-Aug,Thanisandra,Bhmesy ,1296.0,2.0,3.0,80.0,2
Super built-up  Area,Ready To Move,Thanisandra,G conTh,2050.0,3.0,1.0,145.0,3
Super built-up  Area,Ready To Move,Thanisandra,Soitya ,2144.0,3.0,2.0,145.0,3
Super built-up  Area,Ready To Move,Thanisandra,Bhmesy ,445.0,1.0,0.0,28.0,1
Super built-up  Area,Ready To Move,Thanisandra,Bhmesy ,1296.0,2.0,2.0,83.0,2
Super built-up  Area,Ready To Move,Thanisandra,Soitya ,2144.0,3.0,2.0,135.0,3
Built-up  Area,Ready To Move,Thanisandra,Pronyt ,1240.0,2.0,1.0,62.0,3
Super built-up  Area,Ready To Move,Thanisandra,Bhmesy ,1093.0,2.0,2.0,70.0,2
Super built-up  Area,Ready To Move,Thanisandra,Bhmesy ,1265.0,2.0,1.0,79.0,3
Super built-up  Area,Ready To Move,Thanisandra,Bhmesy ,1265.0,2.0,2.0,85.0,2
Super built-up  Area,21-Nov,Thanisandra,Bhe 2ko,510.0,1.0,1.0,25.25,1
Super built-up  Area,Ready To Move,Thanisandra,Soitya ,1564.0,3.0,1.0,101.0,3
Super built-up  Area,21-Dec,Thanisandra,Bhe 2ko,1183.0,2.0,1.0,58.56,2
Super built-up  Area,Ready To Move,Thanisandra,Soitya ,1847.0,3.0,2.0,123.0,3
Super built-up  Area,Ready To Move,Thanisandra,R ra  R,1800.0,3.0,3.0,90.0,3
Super built-up  Area,Ready To Move,Thanisandra,Soitya ,1697.0,3.0,2.0,114.0,3
Super built-up  Area,17-Jul,Thanisandra,Bhmesy ,1573.0,3.0,2.0,95.0,3
Super built-up  Area,Ready To Move,Thanisandra,Bhmesy ,1917.0,3.0,3.0,122.0,3
Super built-up  Area,21-Dec,Thanisandra,Bhe 2ko,693.0,1.0,1.0,34.3,1
Super built-up  Area,Ready To Move,Thanisandra,Bhmesy ,1098.0,2.0,1.0,68.0,2
Super built-up  Area,Ready To Move,Thanisandra,Bhmesy ,760.0,1.0,2.0,50.3,1
Super built-up  Area,Ready To Move,Thanisandra,Teire G,1111.0,2.0,1.0,50.0,2
Super built-up  Area,Ready To Move,Thanisandra,Soitya ,2002.0,3.0,2.0,112.0,3
Super built-up  Area,19-Nov,Thanisandra,Bhe 2ko,1634.0,3.0,3.0,78.0,3
Super built-up  Area,Ready To Move,Thanisandra,Bhmesy ,2000.0,3.0,2.0,99.0,3
Super built-up  Area,Ready To Move,Thanisandra,Soitya ,1697.0,3.0,2.0,115.0,3
Super built-up  Area,19-Mar,Thanisandra,Bhe 2ko,923.0,1.0,1.0,60.84,1
Super built-up  Area,Ready To Move,Thanisandra,Moity S,1743.0,3.0,2.0,93.25,3
Built-up  Area,21-Dec,Thanisandra,Bhe 2ko,923.0,1.0,1.0,45.69,1
Super built-up  Area,20-Dec,Thanisandra,Bhe 2ko,1183.0,2.0,1.0,59.74,2
Super built-up  Area,Ready To Move,Thanisandra,Soitya ,3216.0,4.0,1.0,226.0,4
Super built-up  Area,18-Feb,Thanisandra,Bhmesy ,1296.0,2.0,2.0,72.0,2
Super built-up  Area,18-May,Thanisandra,SLityee,1020.0,2.0,1.0,44.5,2
Built-up  Area,Ready To Move,Thanisandra,G conTh,1874.0,4.0,1.0,130.0,3
Super built-up  Area,Ready To Move,Thanisandra,Soitya ,1698.0,3.0,2.0,102.0,3
Super built-up  Area,19-Mar,Thanisandra,Bhe 2ko,1411.0,3.0,1.0,93.04,3
Super built-up  Area,Ready To Move,Thanisandra,G conTh,1996.0,3.0,2.0,135.0,3
Super built-up  Area,Ready To Move,Thanisandra,Soitya ,1801.0,3.0,1.0,115.0,3
Super built-up  Area,Ready To Move,Thanisandra,Bhmesy ,1265.0,2.0,2.0,82.0,2
Super built-up  Area,18-Apr,Thanisandra,Bhmesy ,1917.0,4.0,2.0,113.0,3
Super built-up  Area,Ready To Move,Thanisandra,Pronyt ,662.0,1.0,1.0,42.0,1
Super built-up  Area,18-May,Thanisandra,Bhmesy ,1948.0,3.0,2.0,130.0,3
Super built-up  Area,Ready To Move,Thanisandra,R ra  R,1922.0,3.0,3.0,106.0,3
Super built-up  Area,Ready To Move,Thanisandra,Bhmesy ,965.0,2.0,1.0,67.0,2
Super built-up  Area,17-Oct,Thanisandra,Bhmesy ,1098.0,2.0,1.0,74.0,2
Super built-up  Area,21-Dec,Thanisandra,Bhe 2ko,1437.0,2.0,1.0,71.13,2
Super built-up  Area,Ready To Move,Thanisandra,Soitya ,1564.0,3.0,1.0,104.0,3
Built-up  Area,Ready To Move,Thanisandra,Pronyt ,1241.0,2.0,1.0,61.0,3
Super built-up  Area,21-Dec,Thanisandra,Bhe 2ko,1732.0,3.0,1.0,85.73,3
Super built-up  Area,Ready To Move,Thanisandra,Bhmesy ,1917.0,4.0,2.0,100.0,3
Super built-up  Area,Ready To Move,Thanisandra,NRncyrk,2127.0,3.0,2.0,135.0,3
Super built-up  Area,Ready To Move,Thanisandra,Bhmesy ,1276.0,2.0,2.0,75.0,2
Built-up  Area,21-Dec,Thanisandra,Bhe 2ko,693.0,1.0,1.0,34.3,1
Super built-up  Area,19-Dec,Thanisandra,Bhe 2ko,2259.0,5.0,2.0,135.0,4
Super built-up  Area,21-Nov,Thanisandra,Bhe 2ko,1732.0,3.0,3.0,85.73,3
Super built-up  Area,Ready To Move,Thanisandra,Bhmesy ,934.0,2.0,2.0,55.0,2
Super built-up  Area,Ready To Move,Thanisandra,Bhmesy ,1056.0,2.0,2.0,68.0,2
Built-up  Area,18-Aug,Thanisandra,Bhmesy ,1595.0,3.0,1.0,110.0,3
Super built-up  Area,19-Mar,Thanisandra,Bhe 2ko,1411.0,3.0,1.0,93.15,3
Super built-up  Area,18-Feb,Thanisandra,Bhmesy ,1093.0,2.0,1.0,68.1,2
Super built-up  Area,18-May,Thanisandra,SLityee,1370.0,2.0,1.0,61.0,3
Super built-up  Area,Ready To Move,Thanisandra,Bhmesy ,1093.0,2.0,2.0,72.0,2
Super built-up  Area,Ready To Move,Thanisandra,NRtesnd,1200.0,2.0,1.0,53.5,2
Super built-up  Area,Ready To Move,Thanisandra,Soitya ,1698.0,3.0,2.0,107.0,3
Super built-up  Area,Ready To Move,Thanisandra,Soitya ,1564.0,3.0,1.0,105.0,3
Super built-up  Area,18-Apr,Thanisandra,Bhmesy ,1265.0,2.0,1.0,83.0,2
Super built-up  Area,Ready To Move,Thanisandra,Bhmesy ,965.0,2.0,1.0,56.0,2
Super built-up  Area,19-Dec,Thanisandra,Bhe 2ko,1546.0,3.0,1.0,95.0,3
Super built-up  Area,Ready To Move,Thanisandra,Soitya ,1697.0,3.0,2.0,110.0,3
Built-up  Area,Ready To Move,Thanisandra,Bhmesy ,1492.0,3.0,1.0,88.0,3
Built-up  Area,Ready To Move,Thanisandra,MSureRR,2072.0,3.0,2.0,122.0,3
Super built-up  Area,Ready To Move,Thanisandra,R ra  R,1880.0,3.0,3.0,120.0,3
Super built-up  Area,Ready To Move,Thanisandra,Bhmesy ,760.0,1.0,2.0,50.0,1
Super built-up  Area,Ready To Move,Thanisandra,Inulat ,1200.0,2.0,3.0,60.0,2
Built-up  Area,Ready To Move,Thanisandra,G conTh,1800.0,4.0,1.0,125.0,3
Super built-up  Area,Ready To Move,Thanisandra,Bhmesy ,933.0,2.0,1.0,58.0,1
Super built-up  Area,Ready To Move,Thanisandra,Bhmesy ,1917.0,3.0,2.0,110.0,3
Super built-up  Area,19-May,Thanisandra,G conTh,1996.0,4.0,1.0,123.0,3
Super built-up  Area,19-Mar,Thanisandra,Bhe 2ko,1183.0,2.0,1.0,77.25,2
Built-up  Area,Ready To Move,Thanisandra,Bhmesy ,1491.0,3.0,1.0,88.0,3
Super built-up  Area,Ready To Move,Thanisandra,Pronyt ,662.0,1.0,1.0,29.0,1
Super built-up  Area,21-Nov,Thanisandra,Bhe 2ko,1183.0,2.0,2.0,58.56,2
Super built-up  Area,Ready To Move,Thanisandra,Soitya ,1564.0,3.0,2.0,100.0,3
Super built-up  Area,19-Mar,Thanisandra,Bhe 2ko,663.0,1.0,0.0,46.1,1
Built-up  Area,Ready To Move,Thanisandra,Pronyt ,662.0,1.0,0.0,45.0,1
Super built-up  Area,Ready To Move,Thanisandra,Bhmesy ,1573.0,3.0,2.0,98.0,3
Super built-up  Area,Ready To Move,Thanisandra,Pronyt ,1262.0,2.0,1.0,83.0,3
Super built-up  Area,Ready To Move,Thanisandra,Bhmesy ,1056.0,2.0,2.0,65.0,2
Super built-up  Area,Ready To Move,Thanisandra,Soitya ,1702.0,3.0,2.0,115.0,3
Super built-up  Area,Ready To Move,Thanisandra,Inntss ,1343.0,2.0,2.0,75.0,2
Super built-up  Area,Ready To Move,Thanisandra,Soitya ,1935.0,4.0,2.0,122.0,3
Super built-up  Area,18-Feb,Thanisandra,Bhmesy ,933.0,2.0,1.0,55.0,2
Super built-up  Area,19-Mar,Thanisandra,Bhe 2ko,1183.0,2.0,1.0,77.3,2
Super built-up  Area,Ready To Move,Thanisandra,Pronyt ,662.0,1.0,0.0,38.0,1
Super built-up  Area,18-Jan,Thanisandra,Bhmesy ,1265.0,2.0,1.0,72.0,2
Super built-up  Area,Ready To Move,Thanisandra,Bhmesy ,1595.0,3.0,1.0,105.0,3
Built-up  Area,Ready To Move,Thanisandra,Pronyt ,1241.0,2.0,1.0,65.0,3
Super built-up  Area,18-May,Thanisandra,SaSkyBl,580.0,1.0,1.0,27.5,1
Super built-up  Area,17-Jan,Thanisandra,Soitya ,2087.0,4.0,2.0,139.0,3
Super built-up  Area,21-Dec,Thanisandra,Bhe 2ko,1340.0,2.0,1.0,66.33,2
Super built-up  Area,Ready To Move,Thanisandra,Bhmesy ,1098.0,2.0,1.0,71.0,2
Super built-up  Area,18-Dec,Thanisandra,Bhe 2ko,1411.0,3.0,1.0,93.25,3
Super built-up  Area,Ready To Move,Thanisandra,Pronyt ,1262.0,2.0,1.0,65.0,3
Built-up  Area,Ready To Move,Thanisandra,Tenetee,1234.0,2.0,2.0,51.0,2
Super built-up  Area,18-Dec,Thanisandra,Bhe 2ko,1732.0,3.0,1.0,112.0,3
Super built-up  Area,Ready To Move,Thanisandra,Bhmesy ,933.0,2.0,1.0,66.0,2
Super built-up  Area,18-May,Thanisandra,Bhmesy ,933.0,1.0,1.0,61.0,1
Super built-up  Area,Ready To Move,Thanisandra,Soitya ,1702.0,3.0,2.0,107.0,3
Super built-up  Area,19-May,Thanisandra,G conTh,2030.0,4.0,1.0,125.0,3
Super built-up  Area,Ready To Move,Thanisandra,SLaceda,1140.0,2.0,1.0,59.0,2
Super built-up  Area,19-Mar,Thanisandra,Bhe 2ko,663.0,1.0,1.0,46.0,1
Super built-up  Area,Ready To Move,Thanisandra,Soitya ,1702.0,3.0,2.0,120.0,3
Built-up  Area,Ready To Move,Thanisandra,Bhmesy ,1948.0,4.0,2.0,129.0,4
Built-up  Area,18-Apr,Thanisandra,Bhmesy ,1573.0,3.0,1.0,90.0,3
Super built-up  Area,Ready To Move,Thanisandra,Bhmesy ,1056.0,2.0,2.0,70.0,2
Super built-up  Area,18-May,Thanisandra,Bhmesy ,1595.0,3.0,2.0,96.0,3
Super built-up  Area,21-Dec,Thanisandra,Bhe 2ko,1732.0,3.0,1.0,85.73,3
Super built-up  Area,Ready To Move,Thanisandra,Moity S,1226.0,2.0,1.0,65.0,2
Super built-up  Area,19-Mar,Thanisandra,Bhe 2ko,1245.0,2.0,1.0,83.05,2
Built-up  Area,19-May,Thanisandra,G conTh,2695.0,4.0,3.0,188.0,4
Super built-up  Area,Ready To Move,Thanisandra,Pronyt ,1261.0,2.0,1.0,80.0,3
Super built-up  Area,Ready To Move,Thanisandra,Soitya ,1884.0,4.0,2.0,117.0,3
Super built-up  Area,Ready To Move,Thanisandra,Bhmesy ,965.0,2.0,1.0,54.0,2
Super built-up  Area,Ready To Move,Thanisandra,Soitya ,1930.0,4.0,2.0,122.0,3
Super built-up  Area,Ready To Move,Thanisandra,Pronyt ,1241.0,2.0,1.0,68.0,3
Super built-up  Area,Ready To Move,Thanisandra,Soitya ,1930.0,4.0,2.0,120.0,3
Super built-up  Area,Ready To Move,Thanisandra,Bhmesy ,760.0,1.0,2.0,50.4,1
Super built-up  Area,21-Dec,Thanisandra,Bhe 2ko,663.0,1.0,0.0,32.82,1
Super built-up  Area,Ready To Move,Thanisandra,Soitya ,1801.0,3.0,2.0,115.0,3
Super built-up  Area,Ready To Move,Thanisandra,Juaxyan,1110.0,2.0,2.0,46.5,2
Super built-up  Area,Ready To Move,Thanisandra,G conTh,1305.0,2.0,2.0,90.0,2
Super built-up  Area,Ready To Move,Thanisandra,Soitya ,1965.0,4.0,2.0,125.0,3
Super built-up  Area,17-Dec,Thanisandra,Bhmesy ,1573.0,3.0,2.0,100.0,3
Super built-up  Area,21-Dec,Thanisandra,Bhe 2ko,2259.0,3.0,2.0,112.0,4
Built-up  Area,18-Mar,Thanisandra,Bhmesy ,1917.0,4.0,2.0,130.0,4
Super built-up  Area,Ready To Move,Thanisandra,Moity S,1226.0,2.0,1.0,65.59,2
Super built-up  Area,Ready To Move,Thigalarapalya,Prtanha,2072.0,4.0,2.0,142.0,3
Super built-up  Area,Ready To Move,Thigalarapalya,Prtanha,1297.0,2.0,2.0,103.0,2
Super built-up  Area,Ready To Move,Thigalarapalya,Prtanha,2072.0,4.0,2.0,150.0,3
Super built-up  Area,Ready To Move,Thigalarapalya,Prtanha,1418.0,2.0,2.0,101.0,2
Super built-up  Area,Ready To Move,Thigalarapalya,Prtanha,1418.0,2.0,2.0,104.0,2
Super built-up  Area,Ready To Move,Thigalarapalya,Prtanha,2072.0,4.0,2.0,139.0,3
Super built-up  Area,Ready To Move,Thigalarapalya,Prtanha,3122.0,5.0,2.0,225.0,4
Super built-up  Area,Ready To Move,Thigalarapalya,Prtanha,2072.0,4.0,2.0,159.0,3
Super built-up  Area,Ready To Move,Thigalarapalya,Prtanha,2072.0,4.0,2.0,147.0,3
Super built-up  Area,Ready To Move,Thigalarapalya,Prtanha,2215.0,4.0,2.0,156.0,3
Super built-up  Area,Ready To Move,Thigalarapalya,Prtanha,1418.0,2.0,2.0,104.0,2
Super built-up  Area,Ready To Move,Thigalarapalya,Prtanha,1418.0,2.0,2.0,105.0,2
Super built-up  Area,Ready To Move,Thigalarapalya,Prtanha,1418.0,2.0,2.0,104.0,2
Super built-up  Area,Ready To Move,Thigalarapalya,Prtanha,2072.0,4.0,2.0,139.0,3
Super built-up  Area,Ready To Move,Thigalarapalya,Prtanha,2215.0,4.0,2.0,160.0,3
Super built-up  Area,Ready To Move,Thigalarapalya,Prtanha,2072.0,4.0,2.0,155.0,3
Super built-up  Area,Ready To Move,Thigalarapalya,Prtanha,1830.0,4.0,2.0,135.0,3
Super built-up  Area,Ready To Move,Thigalarapalya,Prtanha,1418.0,2.0,2.0,105.0,2
Super built-up  Area,Ready To Move,Thigalarapalya,Prtanha,2072.0,4.0,2.0,160.0,3
Super built-up  Area,Ready To Move,Thigalarapalya,Prtanha,2215.0,4.0,2.0,150.0,3
Super built-up  Area,Ready To Move,Thigalarapalya,Prtanha,2215.0,4.0,2.0,154.0,3
Super built-up  Area,Ready To Move,Thigalarapalya,Prtanha,2072.0,4.0,2.0,152.0,3
Super built-up  Area,Ready To Move,Thigalarapalya,Prtanha,2072.0,4.0,2.0,160.0,3
Super built-up  Area,Ready To Move,Thigalarapalya,Prtanha,2072.0,4.0,2.0,155.0,3
Super built-up  Area,Ready To Move,Thigalarapalya,Prtanha,2072.0,4.0,2.0,153.0,3
Super built-up  Area,Ready To Move,Thigalarapalya,Prtanha,2215.0,4.0,2.0,150.0,3
Super built-up  Area,Ready To Move,Thigalarapalya,Prtanha,2072.0,4.0,2.0,157.0,3
Built-up  Area,Ready To Move,Thigalarapalya,Prtanha,3362.0,5.0,2.0,249.0,4
Super built-up  Area,Ready To Move,Thigalarapalya,Prtanha,1830.0,3.0,2.0,133.0,3
Super built-up  Area,Ready To Move,Thigalarapalya,Prtanha,2215.0,4.0,2.0,154.0,3
Super built-up  Area,Ready To Move,Thigalarapalya,Prtanha,2215.0,4.0,2.0,157.0,3
Super built-up  Area,Ready To Move,Thigalarapalya,Prtanha,2072.0,4.0,2.0,151.0,3
Super built-up  Area,Ready To Move,Thigalarapalya,Prtanha,1400.0,2.0,2.0,105.0,2
Super built-up  Area,Ready To Move,Thigalarapalya,Prtanha,2215.0,4.0,2.0,162.0,3
Super built-up  Area,Ready To Move,Thigalarapalya,Prtanha,2215.0,4.0,2.0,152.0,3
Super built-up  Area,Ready To Move,Thubarahalli,Adity S,1128.0,2.0,2.0,75.0,2
Built-up  Area,Ready To Move,Thubarahalli,Kenia G,1185.0,2.0,2.0,65.0,2
Built-up  Area,Ready To Move,Thubarahalli,Soowsa ,975.0,2.0,1.0,55.0,2
Super built-up  Area,Ready To Move,Thubarahalli,Kenia G,1330.0,2.0,1.0,75.0,2
Super built-up  Area,Ready To Move,Thubarahalli,Adity S,1085.0,2.0,1.0,70.0,2
Built-up  Area,Ready To Move,Thubarahalli,ShdhiSa,1216.0,2.0,1.0,80.0,2
Super built-up  Area,Ready To Move,Thubarahalli,ShdhiSa,1200.0,2.0,2.0,80.0,2
Super built-up  Area,Ready To Move,Thubarahalli,ShdhiSa,1200.0,2.0,2.0,79.55,2
Built-up  Area,Ready To Move,Thubarahalli,Asnts a,1540.0,3.0,3.0,90.0,3
Built-up  Area,Ready To Move,Thubarahalli,ShdhiSa,2625.0,3.0,3.0,175.0,3
Super built-up  Area,Ready To Move,Thubarahalli,ShdhiSa,1584.0,3.0,2.0,101.0,3
Super built-up  Area,Ready To Move,Tumkur Road,SosonGa,1500.0,3.0,3.0,95.0,3
Super built-up  Area,Ready To Move,Tumkur Road,Soite E,1779.0,3.0,2.0,112.0,3
Super built-up  Area,21-Jan,Tumkur Road,Sapus S,1586.0,3.0,1.0,100.0,3
Super built-up  Area,Ready To Move,Tumkur Road,Sahtsva,1354.0,3.0,1.0,90.0,3
Super built-up  Area,Ready To Move,Tumkur Road,Sahtsva,1240.0,2.0,1.0,84.0,3
Super built-up  Area,21-Jan,Tumkur Road,Sapus S,1239.0,2.0,1.0,82.0,2
Super built-up  Area,21-Jan,Tumkur Road,Sapus S,1246.0,2.0,1.0,82.0,2
Super built-up  Area,Ready To Move,Tumkur Road,SosonGa,1500.0,3.0,3.0,100.0,3
Super built-up  Area,Ready To Move,Tumkur Road,Soubya ,1789.0,3.0,2.0,98.0,3
Super built-up  Area,Ready To Move,Tumkur Road,Sahtsva,1416.0,3.0,1.0,94.0,3
Super built-up  Area,17-Dec,Tumkur Road,Sahtsva,1027.0,2.0,1.0,60.0,2
Super built-up  Area,Ready To Move,Tumkur Road,Sahtsva,1027.0,2.0,1.0,68.62,2
Super built-up  Area,Ready To Move,Tumkur Road,Soubya ,1459.0,2.0,1.0,95.0,3
Super built-up  Area,Ready To Move,Tumkur Road,Sahtsva,992.0,2.0,1.0,60.0,2
Super built-up  Area,Ready To Move,Tumkur Road,Sahtsva,1240.0,2.0,1.0,79.0,3
Super built-up  Area,21-Jan,Tumkur Road,Sapus S,1441.0,2.0,1.0,95.0,3
Super built-up  Area,18-Apr,Tumkur Road,Sahtsva,1240.0,2.0,1.0,83.0,3
Super built-up  Area,18-May,Tumkur Road,Sahtsva,1027.0,2.0,1.0,67.0,2
Built-up  Area,Ready To Move,Tumkur Road,Mairer ,1060.0,2.0,2.0,58.3,3
Super built-up  Area,Ready To Move,Tumkur Road,Sahtsva,992.0,2.0,1.0,70.0,2
Super built-up  Area,Ready To Move,Tumkur Road,Sahtsva,1354.0,3.0,1.0,85.86,3
Built-up  Area,Ready To Move,Uttarahalli,Sungspr,1020.0,2.0,2.0,45.0,2
Super built-up  Area,Ready To Move,Uttarahalli,Siayayo,1101.0,2.0,0.0,45.0,2
Super built-up  Area,Ready To Move,Uttarahalli,Aklia R,1330.0,2.0,1.0,56.0,3
Super built-up  Area,Ready To Move,Uttarahalli,Shierhi,1008.0,2.0,3.0,45.0,2
Built-up  Area,Ready To Move,Uttarahalli,Sungsha,1150.0,2.0,1.0,49.0,2
Super built-up  Area,Ready To Move,Uttarahalli,Aklia R,1330.0,2.0,1.0,56.0,3
Super built-up  Area,Ready To Move,Uttarahalli,Shony S,1385.0,2.0,2.0,48.48,3
Super built-up  Area,Ready To Move,Uttarahalli,SLnssPr,1330.0,2.0,2.0,46.55,3
Super built-up  Area,Ready To Move,Uttarahalli,SirlsPe,1045.0,2.0,1.0,45.0,2
Built-up  Area,Ready To Move,Uttarahalli,Kinumsh,850.0,2.0,2.0,37.93,2
Super built-up  Area,Ready To Move,Uttarahalli,Aklia R,1330.0,2.0,1.0,47.0,3
Super built-up  Area,Ready To Move,Uttarahalli,Aklia R,1345.0,2.0,1.0,57.0,3
Super built-up  Area,Ready To Move,Uttarahalli,SLnssPr,1330.0,2.0,2.0,46.55,3
Super built-up  Area,Ready To Move,Uttarahalli,Sagnage,1279.0,2.0,2.0,48.0,2
Super built-up  Area,18-Aug,Uttarahalli,DSera S,1845.0,2.0,1.0,68.27,3
Super built-up  Area,Ready To Move,Uttarahalli,Suitea ,1425.0,2.0,2.0,64.0,3
Super built-up  Area,Ready To Move,Uttarahalli,SLnssPr,1155.0,2.0,2.0,40.42,2
Super built-up  Area,Ready To Move,Uttarahalli,Evood S,1300.0,2.0,1.0,55.0,3
Carpet  Area,Ready To Move,Uttarahalli,Vancya ,1350.0,2.0,2.0,53.0,3
Super built-up  Area,Ready To Move,Uttarahalli,Ayaya A,1215.0,2.0,2.0,52.85,3
Super built-up  Area,18-Dec,Uttarahalli,DSera S,1325.0,2.0,1.0,53.0,2
Super built-up  Area,Ready To Move,Uttarahalli,Evood S,1300.0,2.0,2.0,60.0,3
Built-up  Area,Ready To Move,Uttarahalli,Gaent R,850.0,2.0,2.0,35.0,2
Super built-up  Area,Ready To Move,Uttarahalli,Hemai D,1390.0,2.0,2.0,61.16,3
Built-up  Area,Ready To Move,Uttarahalli,TGeepga,1090.0,2.0,2.0,45.0,2
Super built-up  Area,Ready To Move,Uttarahalli,Aklia R,1123.0,2.0,1.0,48.0,2
Super built-up  Area,Ready To Move,Uttarahalli,Aklia R,1329.0,2.0,1.0,56.0,3
Super built-up  Area,Ready To Move,Uttarahalli,Aklia R,1345.0,2.0,1.0,47.0,3
Super built-up  Area,Ready To Move,Uttarahalli,SLnssPr,1285.0,2.0,2.0,44.98,3
Super built-up  Area,Ready To Move,Uttarahalli,Aklia R,1125.0,2.0,1.0,47.0,2
Super built-up  Area,Ready To Move,Uttarahalli,Shony S,1180.0,2.0,1.0,41.3,2
Super built-up  Area,Ready To Move,Uttarahalli,Shony S,1385.0,2.0,2.0,48.48,3
Built-up  Area,Ready To Move,Uttarahalli,Sencys ,1160.0,2.0,2.0,45.0,2
Super built-up  Area,Ready To Move,Uttarahalli,Aklia R,1330.0,2.0,1.0,57.0,3
Super built-up  Area,Ready To Move,Uttarahalli,Aklia R,1125.0,2.0,1.0,48.0,2
Super built-up  Area,Ready To Move,Uttarahalli,SLnssPr,1160.0,2.0,2.0,40.6,2
Super built-up  Area,Ready To Move,Uttarahalli,Ayaya A,1075.0,2.0,1.0,46.76,2
Super built-up  Area,Ready To Move,Uttarahalli,SLnssPr,1155.0,2.0,1.0,40.6,2
Super built-up  Area,Ready To Move,Uttarahalli,Aklia R,1590.0,3.0,2.0,58.0,3
Super built-up  Area,Ready To Move,Uttarahalli,Shony S,1180.0,2.0,1.0,41.3,2
Super built-up  Area,19-Jul,Uttarahalli,DSera S,1002.0,2.0,1.0,40.08,2
Built-up  Area,Ready To Move,Uttarahalli,DSera S,1002.0,2.0,1.0,40.08,2
Built-up  Area,Ready To Move,Uttarahalli,Sungspr,1580.0,3.0,1.0,60.0,3
Super built-up  Area,Ready To Move,Uttarahalli,SLnssPr,1155.0,2.0,2.0,40.43,2
Super built-up  Area,Ready To Move,Uttarahalli,Aklia R,1125.0,2.0,1.0,47.65,2
Super built-up  Area,Ready To Move,Uttarahalli,AkncyRe,1300.0,2.0,2.0,55.0,2
Super built-up  Area,Ready To Move,Uttarahalli,Shony S,1025.0,2.0,1.0,35.88,2
Built-up  Area,Ready To Move,Uttarahalli,SivelMa,980.0,2.0,1.0,45.0,2
Super built-up  Area,Ready To Move,Uttarahalli,Aklia R,1125.0,2.0,1.0,47.0,2
Super built-up  Area,18-May,Uttarahalli,DSera S,1525.0,2.0,2.0,62.82,3
Super built-up  Area,Ready To Move,Uttarahalli,Aklia R,1590.0,3.0,2.0,57.0,3
Super built-up  Area,Ready To Move,Uttarahalli,SLnssPr,1330.0,2.0,2.0,46.55,3
Super built-up  Area,Ready To Move,Uttarahalli,Gaent R,900.0,2.0,2.0,35.0,2
Super built-up  Area,18-Aug,Uttarahalli,DSera S,1065.0,2.0,1.0,42.6,2
Super built-up  Area,Ready To Move,Uttarahalli,SLnssPr,1330.0,2.0,2.0,46.55,3
Super built-up  Area,Ready To Move,Uttarahalli,Aklia R,1125.0,2.0,1.0,47.0,2
Super built-up  Area,Ready To Move,Uttarahalli,Ayaya A,1270.0,2.0,2.0,55.25,3
Super built-up  Area,Ready To Move,Uttarahalli,Ayaya A,1270.0,2.0,1.0,55.25,3
Super built-up  Area,Ready To Move,Uttarahalli,SLnssPr,1330.0,2.0,2.0,46.45,3
Super built-up  Area,Ready To Move,Uttarahalli,Aklia R,1330.0,2.0,1.0,58.0,3
Super built-up  Area,Ready To Move,Uttarahalli,Aklia R,1590.0,3.0,2.0,57.0,3
Super built-up  Area,Ready To Move,Uttarahalli,Aklia R,1125.0,2.0,1.0,48.0,2
Super built-up  Area,Ready To Move,Uttarahalli,Aklia R,1345.0,2.0,1.0,57.0,3
Super built-up  Area,Ready To Move,Uttarahalli,Aklia R,1345.0,2.0,1.0,57.0,3
Super built-up  Area,17-Apr,Uttarahalli,DSera S,1037.0,2.0,1.0,36.0,2
Super built-up  Area,Ready To Move,Uttarahalli,SLnssPr,1245.0,2.0,2.0,43.58,3
Super built-up  Area,Ready To Move,Uttarahalli,SBiewid,1000.0,2.0,2.0,39.5,2
Super built-up  Area,18-Mar,Uttarahalli,JPismPr,1308.0,2.0,3.0,53.0,3
Super built-up  Area,Ready To Move,Uttarahalli,SLnssPr,1160.0,2.0,2.0,40.58,2
Super built-up  Area,Ready To Move,Uttarahalli,Aklia R,1590.0,3.0,2.0,57.0,3
Built-up  Area,Ready To Move,Uttarahalli,Apmes H,1000.0,2.0,1.0,35.0,2
Super built-up  Area,Ready To Move,Uttarahalli,Aklia R,1330.0,2.0,1.0,57.0,3
Super built-up  Area,Ready To Move,Uttarahalli,Aklia R,1125.0,2.0,1.0,47.0,2
Built-up  Area,Ready To Move,Uttarahalli,Sencys ,1165.0,1.0,0.0,42.09,2
Super built-up  Area,Ready To Move,Uttarahalli,Ayaya A,1290.0,2.0,3.0,56.12,3
Super built-up  Area,Ready To Move,Uttarahalli,Aklia R,1328.0,2.0,1.0,56.0,3
Super built-up  Area,Ready To Move,Uttarahalli,Ayaya A,1290.0,2.0,2.0,56.12,3
Super built-up  Area,Ready To Move,Uttarahalli,Aklia R,1590.0,3.0,2.0,57.0,3
Super built-up  Area,Ready To Move,Uttarahalli,Ayaya A,1075.0,2.0,1.0,46.76,2
Super built-up  Area,Ready To Move,Uttarahalli,Aklia R,1345.0,2.0,1.0,57.0,3
Built-up  Area,Ready To Move,Varthur,HioraTr,1160.0,2.0,2.0,44.0,2
Super built-up  Area,Ready To Move,Varthur,Hirio L,1091.0,2.0,1.0,34.9,2
Super built-up  Area,20-Dec,Varthur,Myple M,1535.0,3.0,2.0,65.99,3
Built-up  Area,Ready To Move,Varthur,DSingSt,1024.0,2.0,2.0,42.0,2
Super built-up  Area,Ready To Move,Varthur,Pethaai,1125.0,2.0,2.0,40.0,2
Super built-up  Area,Ready To Move,Varthur,DSingSt,1112.0,2.0,2.0,40.0,2
Super built-up  Area,20-Dec,Varthur,Myple M,1055.0,2.0,2.0,45.35,2
Super built-up  Area,Ready To Move,Varthur,Maine J,977.0,2.0,2.0,36.0,2
Super built-up  Area,Ready To Move,Varthur,MKllei ,1665.0,3.0,1.0,53.0,3
Super built-up  Area,Ready To Move,Varthur,DSingSt,1111.0,2.0,2.0,41.88,2
Super built-up  Area,Ready To Move,Varthur,Caiseur,1140.0,2.0,3.0,55.5,2
Super built-up  Area,Ready To Move,Varthur,DSingSt,1140.0,2.0,2.0,39.9,2
Super built-up  Area,Ready To Move,Varthur,Ikmesay,1090.0,2.0,2.0,48.0,2
Super built-up  Area,Ready To Move,Varthur,Vaensia,1450.0,3.0,2.0,71.0,3
Built-up  Area,Ready To Move,Varthur,Vaensia,1210.0,2.0,1.0,60.0,2
Super built-up  Area,20-Dec,Varthur,Myple M,1070.0,2.0,2.0,46.0,2
Super built-up  Area,Ready To Move,Varthur,Maita R,965.0,2.0,1.0,34.0,2
Super built-up  Area,18-Apr,Varthur,Muistry,1120.0,2.0,2.0,44.24,2
Super built-up  Area,18-Feb,Varthur,HioraTr,1085.0,2.0,1.0,45.0,2
Super built-up  Area,Ready To Move,Varthur,CaestSr,1520.0,2.0,3.0,61.0,3
Built-up  Area,18-Apr,Varthur,Uptusol,1155.0,2.0,1.0,60.0,2
Super built-up  Area,Ready To Move,Varthur,MKllei ,1155.0,2.0,2.0,39.0,2
Super built-up  Area,18-Jan,Varthur,Muistry,1180.0,2.0,2.0,55.0,2
Super built-up  Area,Ready To Move,Varthur,CaestSr,1520.0,2.0,2.0,60.0,3
Super built-up  Area,Ready To Move,Varthur,DSingSt,1738.0,2.0,1.0,57.35,2
Super built-up  Area,20-Dec,Varthur,Myple M,1045.0,2.0,1.0,40.65,2
Super built-up  Area,Ready To Move,Varthur,MKllei ,1155.0,2.0,2.0,39.0,2
Super built-up  Area,20-Dec,Varthur,Myple M,1615.0,3.0,2.0,69.43,3
Super built-up  Area,18-Sep,Varthur,Soamsay,1210.0,2.0,1.0,64.15,2
Super built-up  Area,Ready To Move,Varthur,DSingSt,1737.0,2.0,1.0,57.32,3
Super built-up  Area,Ready To Move,Varthur,MKllei ,1105.0,2.0,3.0,38.0,2
Super built-up  Area,18-Jul,Varthur,Unris E,1760.0,2.0,1.0,85.0,2
Super built-up  Area,Ready To Move,Varthur,Vaensia,1210.0,2.0,2.0,54.0,2
Super built-up  Area,Ready To Move,Varthur,DSingSt,1112.0,2.0,2.0,40.0,2
Super built-up  Area,18-Apr,Varthur,Muistry,1600.0,3.0,2.0,63.2,3
Super built-up  Area,20-Dec,Varthur,Myple M,1665.0,3.0,2.0,71.58,3
Super built-up  Area,21-Jun,Vijayanagar,Saahaat,1704.0,3.0,2.0,110.0,3
Super built-up  Area,21-Jun,Vijayanagar,Saityat,1933.0,3.0,1.0,129.0,3
Super built-up  Area,Ready To Move,Vijayanagar,Swadeh ,1450.0,3.0,0.0,100.0,3
Super built-up  Area,21-Jun,Vijayanagar,Saityat,1826.0,3.0,2.0,121.0,3
Super built-up  Area,21-Jun,Vijayanagar,Saityat,1739.0,3.0,1.0,116.0,3
Super built-up  Area,21-Jun,Vijayanagar,Saahaat,1490.0,3.0,2.0,100.0,3
Super built-up  Area,20-Jun,Vijayanagar,Saityat,1180.0,2.0,2.0,65.0,2
Super built-up  Area,21-Jun,Vijayanagar,Saityat,606.0,1.0,0.0,34.78,1
Super built-up  Area,21-Jun,Vijayanagar,Saityat,1520.0,2.0,1.0,103.0,3
Super built-up  Area,21-Jun,Vijayanagar,Saityat,1749.0,3.0,1.0,117.0,3
Super built-up  Area,19-Dec,Vijayanagar,Saityat,606.0,1.0,1.0,40.0,1
Super built-up  Area,Ready To Move,Vijayanagar,J axyGa,1300.0,2.0,2.0,75.0,3
Super built-up  Area,21-Jun,Vijayanagar,Saityat,2047.0,3.0,2.0,136.0,3
Super built-up  Area,Ready To Move,Vijayanagar,Rancy R,1178.0,2.0,3.0,82.0,2
Super built-up  Area,Ready To Move,Vijayanagar,Smentha,1019.0,2.0,1.0,58.0,2
Super built-up  Area,Ready To Move,Vijayanagar,GontsAp,1375.0,2.0,0.0,75.0,3
Super built-up  Area,Ready To Move,Vittasandra,Prlla C,1404.0,2.0,1.0,71.0,2
Super built-up  Area,Ready To Move,Vittasandra,Prlla C,1246.0,2.0,1.0,67.0,2
Super built-up  Area,Ready To Move,Vittasandra,Prlla C,1404.0,2.0,1.0,69.3,2
Super built-up  Area,Ready To Move,Vittasandra,Prlla C,1246.0,2.0,1.0,67.3,2
Super built-up  Area,Ready To Move,Vittasandra,Prlla C,1246.0,2.0,1.0,64.5,2
Super built-up  Area,Ready To Move,Vittasandra,Prlla C,1246.0,2.0,1.0,64.5,2
Super built-up  Area,Ready To Move,Vittasandra,Prlla C,1246.0,2.0,1.0,68.0,2
Super built-up  Area,Ready To Move,Vittasandra,Prlla C,1743.0,3.0,2.0,85.0,3
Super built-up  Area,Ready To Move,Vittasandra,Prlla C,1404.0,2.0,1.0,75.0,2
Super built-up  Area,Ready To Move,Vittasandra,Prlla C,1246.0,2.0,1.0,65.0,2
Super built-up  Area,Ready To Move,Vittasandra,Prlla C,1404.0,2.0,1.0,68.8,2
Super built-up  Area,Ready To Move,Vittasandra,Prlla C,1246.0,2.0,1.0,62.3,2
Super built-up  Area,Ready To Move,Vittasandra,Prlla C,1650.0,3.0,1.0,84.0,3
Super built-up  Area,Ready To Move,Vittasandra,Prlla C,1650.0,3.0,2.0,85.0,3
Super built-up  Area,Ready To Move,Vittasandra,Prlla C,1404.0,2.0,2.0,70.0,2
Super built-up  Area,Ready To Move,Vittasandra,Prlla C,1404.0,2.0,1.0,75.0,2
Super built-up  Area,Ready To Move,Vittasandra,Prlla C,1650.0,3.0,2.0,85.5,3
Super built-up  Area,Ready To Move,Vittasandra,Prlla C,1246.0,2.0,1.0,67.0,2
Super built-up  Area,Ready To Move,Vittasandra,Prlla C,1650.0,3.0,1.0,85.0,3
Super built-up  Area,Ready To Move,Vittasandra,Prlla C,1650.0,3.0,2.0,85.5,3
Super built-up  Area,Ready To Move,Vittasandra,Prlla C,1246.0,2.0,1.0,67.5,2
Super built-up  Area,Ready To Move,Vittasandra,Prlla C,1246.0,2.0,1.0,67.5,2
Super built-up  Area,Ready To Move,Vittasandra,Prlla C,1404.0,2.0,1.0,70.0,2
Super built-up  Area,Ready To Move,Vittasandra,Prlla C,1404.0,2.0,1.0,67.5,2
Super built-up  Area,Ready To Move,Vittasandra,Prlla C,1246.0,2.0,1.0,67.4,2
Super built-up  Area,Ready To Move,Whitefield,DuenaTa,1170.0,2.0,1.0,38.0,2
Super built-up  Area,20-Sep,Whitefield,Goted U,1459.0,2.0,1.0,94.82,2
Built-up  Area,Ready To Move,Whitefield,Suent V,2010.0,3.0,2.0,91.0,3
Super built-up  Area,Ready To Move,Whitefield,Sonviik,1116.0,2.0,1.0,51.91,2
Built-up  Area,Ready To Move,Whitefield,Sancya ,1225.0,2.0,2.0,47.6,2
Super built-up  Area,Ready To Move,Whitefield,Gotis A,1280.0,2.0,2.0,75.0,2
Super built-up  Area,19-Dec,Whitefield,Oreldhi,1173.0,2.0,1.0,58.0,2
Super built-up  Area,Ready To Move,Whitefield,BrlisCo,1910.0,3.0,2.0,161.0,3
Super built-up  Area,Ready To Move,Whitefield,Haestt ,3252.0,4.0,1.0,230.0,4
Super built-up  Area,18-May,Whitefield,SMuilan,1130.0,2.0,1.0,42.16,2
Super built-up  Area,Ready To Move,Whitefield,SVineun,1040.0,2.0,1.0,48.5,2
Super built-up  Area,Ready To Move,Whitefield,SuMTBPr,1150.0,2.0,1.0,70.0,2
Built-up  Area,Ready To Move,Whitefield,PrOakSi,4144.0,4.0,3.0,315.0,4
Super built-up  Area,Ready To Move,Whitefield,Gotis A,1720.0,3.0,3.0,100.0,3
Super built-up  Area,Ready To Move,Whitefield,PaantPl,1140.0,2.0,1.0,56.0,2
Super built-up  Area,18-Sep,Whitefield,Umods W,1640.0,4.0,2.0,91.0,3
Super built-up  Area,Ready To Move,Whitefield,JahanSa,805.0,2.0,2.0,35.0,2
Super built-up  Area,Ready To Move,Whitefield,DNlleks,1155.0,2.0,3.0,59.95,2
Super built-up  Area,18-Dec,Whitefield,Prtates,2280.0,4.0,2.0,126.0,3
Super built-up  Area,Ready To Move,Whitefield,UKkente,1650.0,3.0,2.0,60.0,3
Super built-up  Area,Ready To Move,Whitefield,Sonviik,1116.0,2.0,3.0,51.91,2
Super built-up  Area,Ready To Move,Whitefield,UKe 2nz,2225.0,2.0,1.0,125.0,3
Super built-up  Area,Ready To Move,Whitefield,UKe 2nz,1495.0,2.0,1.0,79.5,2
Super built-up  Area,Ready To Move,Whitefield,ArsiaEx,2268.0,3.0,2.0,163.0,4
Super built-up  Area,Ready To Move,Whitefield,SRidePr,1560.0,2.0,2.0,72.0,3
Plot  Area,Ready To Move,Whitefield,Saark H,2400.0,4.0,3.0,200.0,4
Super built-up  Area,Ready To Move,Whitefield,Suent V,1985.0,3.0,2.0,75.0,3
Super built-up  Area,Ready To Move,Whitefield,BrlisCo,1360.0,2.0,1.0,95.0,2
Super built-up  Area,Ready To Move,Whitefield,SSthamh,1254.0,2.0,2.0,40.0,2
Super built-up  Area,18-Dec,Whitefield,Prtates,1697.0,3.0,2.0,94.79,3
Plot  Area,Ready To Move,Whitefield,Skensk ,5000.0,4.0,3.0,400.0,4
Plot  Area,Ready To Move,Whitefield,VDe 1Du,3000.0,5.0,3.0,250.0,4
Built-up  Area,Ready To Move,Whitefield,Mithmn ,1700.0,3.0,2.0,115.0,3
Super built-up  Area,Ready To Move,Whitefield,SSthamh,1140.0,2.0,2.0,41.0,2
Super built-up  Area,Ready To Move,Whitefield,GClmsun,1190.0,2.0,3.0,57.0,2
Super built-up  Area,Ready To Move,Whitefield,Iseenst,1403.0,2.0,2.0,60.81,3
Super built-up  Area,Ready To Move,Whitefield,Krine C,1232.0,2.0,2.0,45.0,2
Super built-up  Area,Ready To Move,Whitefield,ChodsGr,1485.0,3.0,2.0,65.0,3
Plot  Area,18-May,Whitefield,WoarkEm,1500.0,3.0,1.0,130.0,3
Super built-up  Area,18-Oct,Whitefield,Umods W,1280.0,2.0,1.0,75.0,2
Super built-up  Area,18-Dec,Whitefield,BSlasin,1330.0,2.0,1.0,71.0,2
Super built-up  Area,Ready To Move,Whitefield,AdndeBe,1405.0,2.0,1.0,78.0,3
Super built-up  Area,Ready To Move,Whitefield,UKe 2nz,2225.0,3.0,3.0,115.0,3
Super built-up  Area,21-Mar,Whitefield,PritaDo,1272.0,2.0,1.0,95.05,2
Super built-up  Area,Ready To Move,Whitefield,SSthamh,1205.0,2.0,1.0,39.0,2
Super built-up  Area,17-Oct,Whitefield,Asarqz ,1277.0,2.0,1.0,61.3,2
Super built-up  Area,18-May,Whitefield,SSdhimr,1185.0,2.0,2.0,40.0,2
Super built-up  Area,20-Dec,Whitefield,Somns T,1306.0,3.0,2.0,54.65,3
Super built-up  Area,Ready To Move,Whitefield,Nillsre,1626.0,3.0,3.0,89.0,3
Super built-up  Area,Ready To Move,Whitefield,Sudama ,1585.0,3.0,2.0,88.0,3
Built-up  Area,Ready To Move,Whitefield,Gotis A,1280.0,2.0,0.0,85.0,2
Super built-up  Area,Ready To Move,Whitefield,BruntPa,1420.0,2.0,2.0,136.0,2
Super built-up  Area,Ready To Move,Whitefield,Prtates,1697.0,3.0,2.0,108.0,3
Built-up  Area,Ready To Move,Whitefield,Viaree ,1205.0,2.0,2.0,58.0,2
Super built-up  Area,Ready To Move,Whitefield,PrOakSi,3606.0,4.0,2.0,312.0,4
Super built-up  Area,19-Dec,Whitefield,Goted U,1485.0,2.0,1.0,90.0,2
Super built-up  Area,18-Apr,Whitefield,Prtates,950.0,1.0,1.0,50.0,1
Super built-up  Area,Ready To Move,Whitefield,UKe 2nz,825.0,1.0,1.0,45.0,1
Super built-up  Area,Ready To Move,Whitefield,SrireSo,1155.0,2.0,1.0,60.0,2
Super built-up  Area,Ready To Move,Whitefield,Suent V,2010.0,3.0,3.0,92.0,3
Super built-up  Area,Ready To Move,Whitefield,Lallere,1635.0,2.0,2.0,85.0,3
Super built-up  Area,18-May,Whitefield,Prtates,1216.0,2.0,1.0,79.0,2
Super built-up  Area,Ready To Move,Whitefield,Brony H,1870.0,3.0,2.0,90.0,3
Super built-up  Area,Ready To Move,Whitefield,Sancya ,1260.0,2.0,2.0,49.5,2
Super built-up  Area,Ready To Move,Whitefield,SrireSo,920.0,2.0,1.0,63.0,2
Super built-up  Area,Ready To Move,Whitefield,Veitaus,1170.0,2.0,1.0,71.0,2
Super built-up  Area,18-Apr,Whitefield,Prtates,1118.0,2.0,1.0,75.0,2
Super built-up  Area,20-Dec,Whitefield,Oreldhi,1562.0,3.0,2.0,103.0,3
Super built-up  Area,Ready To Move,Whitefield,BainePr,1190.0,2.0,2.0,67.0,2
Super built-up  Area,18-Dec,Whitefield,Prtates,2321.0,4.0,1.0,128.0,3
Super built-up  Area,Ready To Move,Whitefield,BrlisCo,1320.0,2.0,1.0,95.0,2
Built-up  Area,Ready To Move,Whitefield,JahanSa,735.0,2.0,1.0,35.0,2
Plot  Area,Ready To Move,Whitefield,Chpana ,3010.0,3.0,2.0,200.0,3
Super built-up  Area,18-Apr,Whitefield,Prtates,1346.0,2.0,1.0,96.17,2
Super built-up  Area,Ready To Move,Whitefield,BMttaor,1280.0,2.0,2.0,52.0,2
Super built-up  Area,Ready To Move,Whitefield,Sanne E,2500.0,4.0,3.0,155.0,4
Super built-up  Area,Ready To Move,Whitefield,ArsiaEx,2268.0,3.0,0.0,146.0,4
Built-up  Area,Ready To Move,Whitefield,SNadeAr,1150.0,2.0,0.0,55.0,2
Super built-up  Area,Ready To Move,Whitefield,T ZedZe,3537.0,5.0,3.0,210.0,4
Super built-up  Area,Ready To Move,Whitefield,Iseenst,1285.0,2.0,2.0,55.9,2
Super built-up  Area,18-Dec,Whitefield,Prtates,1697.0,3.0,2.0,115.0,3
Super built-up  Area,Ready To Move,Whitefield,SMuilan,1130.0,2.0,1.0,36.0,2
Super built-up  Area,Ready To Move,Whitefield,SSthamh,1215.0,2.0,2.0,39.0,2
Super built-up  Area,Ready To Move,Whitefield,UKe 2nz,1495.0,2.0,2.0,79.5,2
Super built-up  Area,19-Mar,Whitefield,Prtates,1216.0,2.0,1.0,66.48,2
Super built-up  Area,20-Dec,Whitefield,VaarkMe,1269.0,2.0,1.0,75.0,2
Super built-up  Area,Ready To Move,Whitefield,BainePr,1545.0,3.0,2.0,79.0,3
Super built-up  Area,20-Jun,Whitefield,Somns T,1306.0,3.0,2.0,54.65,3
Built-up  Area,Ready To Move,Whitefield,Pranthi,1000.0,2.0,1.0,35.0,2
Super built-up  Area,20-Jun,Whitefield,Somns T,1386.0,3.0,1.0,57.46,3
Super built-up  Area,21-Dec,Whitefield,Preaunt,1132.0,2.0,1.0,79.28,2
Super built-up  Area,Ready To Move,Whitefield,SSthamh,1140.0,2.0,2.0,39.0,2
Super built-up  Area,18-Oct,Whitefield,Prtates,2830.0,5.0,2.0,160.0,4
Super built-up  Area,Ready To Move,Whitefield,SSthamh,1205.0,2.0,1.0,40.0,2
Super built-up  Area,Ready To Move,Whitefield,Pae 1ov,1195.0,2.0,1.0,70.0,2
Plot  Area,Ready To Move,Whitefield,Prrry M,3004.0,4.0,2.0,285.0,4
Super built-up  Area,Ready To Move,Whitefield,Veales ,1250.0,2.0,2.0,72.0,2
Super built-up  Area,Ready To Move,Whitefield,Veales ,1320.0,2.0,3.0,79.5,2
Super built-up  Area,20-Dec,Whitefield,Oreldhi,750.0,2.0,1.0,52.7,2
Super built-up  Area,Ready To Move,Whitefield,SSthamh,1180.0,2.0,2.0,41.0,2
Super built-up  Area,Ready To Move,Whitefield,Rabow R,1095.0,2.0,1.0,35.0,2
Super built-up  Area,Ready To Move,Whitefield,Nillsre,1415.0,2.0,3.0,67.0,2
Super built-up  Area,Ready To Move,Whitefield,SMuilan,1105.0,2.0,1.0,41.36,2
Plot  Area,Ready To Move,Whitefield,VDe 1Du,3445.0,5.0,3.0,270.0,4
Super built-up  Area,Ready To Move,Whitefield,Mithmn ,1700.0,3.0,1.0,140.0,3
Super built-up  Area,Ready To Move,Whitefield,SBoneuc,1405.0,2.0,2.0,84.5,2
Super built-up  Area,Ready To Move,Whitefield,SearkHy,1345.0,2.0,2.0,57.0,3
Super built-up  Area,Ready To Move,Whitefield,Viisear,1150.0,2.0,2.0,90.0,2
Super built-up  Area,18-May,Whitefield,SMuilan,1109.0,2.0,1.0,41.49,2
Super built-up  Area,Ready To Move,Whitefield,Brony H,1700.0,3.0,2.0,95.0,3
Plot  Area,Ready To Move,Whitefield,Skensk ,4960.0,4.0,3.0,400.0,4
Super built-up  Area,18-Dec,Whitefield,Suhamra,1215.0,2.0,1.0,62.0,2
Super built-up  Area,Ready To Move,Whitefield,Prtates,1216.0,2.0,1.0,84.0,2
Super built-up  Area,19-Sep,Whitefield,Prtates,2882.0,5.0,1.0,204.0,4
Super built-up  Area,Ready To Move,Whitefield,Brony H,1840.0,3.0,2.0,140.0,3
Super built-up  Area,20-Nov,Whitefield,PritaDo,1778.0,3.0,2.0,122.0,3
Built-up  Area,Ready To Move,Whitefield,Vastael,1400.0,2.0,1.0,80.0,2
Super built-up  Area,Ready To Move,Whitefield,Pranthi,650.0,1.0,1.0,25.0,1
Super built-up  Area,Ready To Move,Whitefield,Sulesil,2155.0,3.0,3.0,125.0,4
Built-up  Area,17-Jun,Whitefield,Prtates,905.0,1.0,1.0,52.0,1
Super built-up  Area,Ready To Move,Whitefield,SSthamh,1205.0,2.0,1.0,40.0,2
Super built-up  Area,18-Dec,Whitefield,Prtates,1216.0,2.0,1.0,69.06,2
Super built-up  Area,18-Dec,Whitefield,Prtates,1216.0,2.0,1.0,75.0,2
Super built-up  Area,Ready To Move,Whitefield,Veale R,1355.0,2.0,3.0,78.0,2
Super built-up  Area,Ready To Move,Whitefield,Vixirri,1255.0,2.0,3.0,77.0,2
Super built-up  Area,18-May,Whitefield,Prtates,1216.0,2.0,1.0,73.0,2
Super built-up  Area,18-Oct,Whitefield,ARipsul,1140.0,2.0,2.0,45.0,2
Super built-up  Area,Ready To Move,Whitefield,Srmesun,1190.0,2.0,2.0,60.0,2
Super built-up  Area,Ready To Move,Whitefield,Sparam ,1312.0,2.0,2.0,55.0,2
Super built-up  Area,Ready To Move,Whitefield,Gotis A,1745.0,3.0,3.0,100.0,3
Super built-up  Area,Ready To Move,Whitefield,Rabow R,1096.0,2.0,1.0,39.0,2
Super built-up  Area,Ready To Move,Whitefield,UKe 2nz,825.0,1.0,1.0,44.9,1
Super built-up  Area,Ready To Move,Whitefield,Sonviik,1116.0,2.0,1.0,51.91,2
Super built-up  Area,Ready To Move,Whitefield,Iseenst,1227.0,2.0,2.0,53.49,2
Super built-up  Area,18-Jun,Whitefield,SSdhimr,1235.0,2.0,2.0,47.0,2
Super built-up  Area,19-Jun,Whitefield,VaiteEx,1870.0,3.0,2.0,138.0,3
Super built-up  Area,18-Aug,Whitefield,SSdhimr,1175.0,2.0,1.0,39.0,2
Super built-up  Area,Ready To Move,Whitefield,SSthamh,1180.0,2.0,2.0,41.0,2
Super built-up  Area,18-Dec,Whitefield,Prtates,1655.0,3.0,1.0,113.0,3
Super built-up  Area,Ready To Move,Whitefield,UKe 2nz,530.0,1.0,1.0,29.44,1
Super built-up  Area,18-Dec,Whitefield,BSlasin,1085.0,2.0,1.0,57.0,2
Super built-up  Area,18-Apr,Whitefield,Prtates,905.0,1.0,1.0,50.0,1
Super built-up  Area,18-Dec,Whitefield,BSlasin,1600.0,3.0,2.0,82.0,3
Super built-up  Area,Ready To Move,Whitefield,SSthamh,1255.0,2.0,2.0,40.0,2
Built-up  Area,18-Mar,Whitefield,Prtates,905.0,1.0,1.0,52.0,1
Super built-up  Area,18-May,Whitefield,SMuilan,1451.0,2.0,2.0,52.43,3
Super built-up  Area,Ready To Move,Whitefield,SMuilan,1187.0,2.0,1.0,37.85,2
Super built-up  Area,Ready To Move,Whitefield,Prtates,1216.0,2.0,1.0,83.0,2
Super built-up  Area,Ready To Move,Whitefield,Nillsre,1301.0,2.0,2.0,65.0,2
Super built-up  Area,Ready To Move,Whitefield,KKdenng,1330.0,2.0,2.0,55.0,3
Super built-up  Area,Ready To Move,Whitefield,Veale R,1355.0,3.0,3.0,76.0,2
Super built-up  Area,Ready To Move,Whitefield,UKe 2nz,4075.0,5.0,3.0,226.0,4
Super built-up  Area,Ready To Move,Whitefield,Prtates,1216.0,2.0,1.0,75.0,2
Built-up  Area,Ready To Move,Whitefield,Prtates,4000.0,4.0,3.0,380.0,4
Super built-up  Area,Ready To Move,Whitefield,FoityIn,1242.0,2.0,2.0,65.0,2
Super built-up  Area,Ready To Move,Whitefield,DSe 2ie,1548.0,3.0,1.0,65.0,3
Super built-up  Area,Ready To Move,Whitefield,Gamesti,1405.0,3.0,2.0,58.0,3
Super built-up  Area,Ready To Move,Whitefield,Veale R,1355.0,2.0,3.0,73.0,2
Super built-up  Area,18-Dec,Whitefield,Prtates,2882.0,5.0,1.0,158.0,4
Super built-up  Area,19-Dec,Whitefield,Oreldhi,750.0,1.0,1.0,51.0,1
Super built-up  Area,Ready To Move,Whitefield,SSthamh,1105.0,2.0,2.0,39.99,2
Super built-up  Area,19-Dec,Whitefield,Oreldhi,1173.0,2.0,1.0,77.0,2
Super built-up  Area,18-Mar,Whitefield,Pranthi,982.0,2.0,1.0,37.0,2
Super built-up  Area,Ready To Move,Whitefield,Satanan,1118.0,2.0,1.0,42.0,2
Super built-up  Area,18-Aug,Whitefield,Prtates,1216.0,2.0,1.0,69.0,2
Super built-up  Area,17-May,Whitefield,SVineun,1100.0,2.0,1.0,37.0,2
Super built-up  Area,19-Dec,Whitefield,Goted U,2173.0,3.0,2.0,128.0,3
Built-up  Area,Ready To Move,Whitefield,JahanSa,1435.0,3.0,2.0,45.0,3
Super built-up  Area,18-Dec,Whitefield,Prtates,905.0,1.0,1.0,62.0,1
Super built-up  Area,19-Jun,Whitefield,VaiteEx,1870.0,3.0,2.0,138.0,3
Super built-up  Area,18-Feb,Whitefield,BrlisCo,1320.0,2.0,1.0,99.26,2
Super built-up  Area,Ready To Move,Whitefield,Haestt ,2901.0,4.0,2.0,190.0,3
Super built-up  Area,20-Sep,Whitefield,Goted U,1485.0,2.0,1.0,96.51,2
Super built-up  Area,Ready To Move,Whitefield,Gotis A,1755.0,3.0,3.0,101.0,3
Super built-up  Area,Ready To Move,Whitefield,BMttaor,1608.0,2.0,3.0,63.0,3
Super built-up  Area,Ready To Move,Whitefield,UKe 2nz,2225.0,3.0,1.0,149.0,3
Super built-up  Area,Ready To Move,Whitefield,Gotis A,1250.0,2.0,2.0,82.0,2
Super built-up  Area,18-Aug,Whitefield,SSdhimr,1185.0,2.0,2.0,41.0,2
Super built-up  Area,20-Dec,Whitefield,Oreldhi,1173.0,2.0,1.0,78.2,2
Super built-up  Area,18-Feb,Whitefield,BrlisCo,1740.0,4.0,3.0,130.0,3
Super built-up  Area,18-Dec,Whitefield,Prtates,1216.0,2.0,1.0,75.0,2
Super built-up  Area,Ready To Move,Whitefield,Rabow R,1060.0,2.0,1.0,35.0,2
Super built-up  Area,18-Mar,Whitefield,Prtates,1655.0,3.0,3.0,120.0,3
Built-up  Area,Ready To Move,Whitefield,GCngsn ,1125.0,2.0,2.0,45.0,2
Super built-up  Area,Ready To Move,Whitefield,Suram S,1180.0,2.0,2.0,70.0,2
Super built-up  Area,Ready To Move,Whitefield,Priew P,2023.0,4.0,2.0,130.0,3
Super built-up  Area,18-Dec,Whitefield,Prtates,2134.0,4.0,2.0,118.0,3
Super built-up  Area,Ready To Move,Whitefield,BMttaor,1458.0,2.0,2.0,62.0,3
Super built-up  Area,18-Jul,Whitefield,Prtates,905.0,1.0,1.0,60.0,1
Super built-up  Area,Ready To Move,Whitefield,BMttaor,1537.0,2.0,3.0,70.0,3
Super built-up  Area,Ready To Move,Whitefield,Sonviik,1186.0,2.0,3.0,55.0,2
Built-up  Area,Ready To Move,Whitefield,Agtiaur,1806.0,3.0,3.0,85.0,3
Super built-up  Area,Ready To Move,Whitefield,SMuilan,1109.0,2.0,1.0,35.22,2
Super built-up  Area,18-Oct,Whitefield,Prtates,1216.0,2.0,1.0,67.0,2
Super built-up  Area,Ready To Move,Whitefield,SrireSo,1150.0,2.0,2.0,55.0,2
Super built-up  Area,18-Dec,Whitefield,Prtates,2830.0,5.0,3.0,190.0,4
Super built-up  Area,Ready To Move,Whitefield,Veales ,1295.0,2.0,3.0,78.5,2
Super built-up  Area,20-Dec,Whitefield,Oreldhi,840.0,1.0,1.0,57.6,1
Super built-up  Area,Ready To Move,Whitefield,SMuilan,1109.0,2.0,1.0,35.47,2
Plot  Area,Ready To Move,Whitefield,UKe 2nz,5200.0,5.0,3.0,242.0,4
Super built-up  Area,Ready To Move,Whitefield,BrlisCo,1850.0,3.0,2.0,150.0,3
Super built-up  Area,Ready To Move,Whitefield,SSthamh,1140.0,2.0,2.0,40.0,2
Super built-up  Area,18-Apr,Whitefield,Prtates,1216.0,2.0,1.0,75.0,2
Super built-up  Area,21-Dec,Whitefield,Preaunt,1356.0,2.0,1.0,94.84,2
Super built-up  Area,20-Dec,Whitefield,Goted U,1338.0,2.0,1.0,103.0,2
Super built-up  Area,Ready To Move,Whitefield,Gamesti,1115.0,2.0,1.0,55.0,2
Super built-up  Area,Ready To Move,Whitefield,Brony H,1870.0,3.0,2.0,90.0,3
Plot  Area,Ready To Move,Whitefield,StodsWa,3450.0,4.0,2.0,208.0,3
Super built-up  Area,Ready To Move,Whitefield,SMuilan,1105.0,2.0,1.0,35.36,2
Super built-up  Area,18-Sep,Whitefield,ARipsul,1074.0,2.0,1.0,42.79,2
Super built-up  Area,Ready To Move,Whitefield,PritaDo,1267.0,2.0,1.0,90.33,2
Super built-up  Area,Ready To Move,Whitefield,Priew P,1836.0,3.0,2.0,125.0,3
Super built-up  Area,19-Dec,Whitefield,Eznuee ,3596.0,3.0,1.0,200.0,3
Built-up  Area,Ready To Move,Whitefield,Laave E,1275.0,2.0,3.0,65.0,3
Super built-up  Area,Ready To Move,Whitefield,Rabow R,1155.0,2.0,1.0,39.0,2
Super built-up  Area,19-Mar,Whitefield,Prtates,1216.0,2.0,1.0,82.0,2
Super built-up  Area,Ready To Move,Whitefield,UKe 2nz,1495.0,3.0,3.0,88.0,2
Super built-up  Area,20-Dec,Whitefield,Oreldhi,1564.0,3.0,1.0,103.0,3
Super built-up  Area,Ready To Move,Whitefield,Sulesil,1585.0,3.0,1.0,84.0,3
Super built-up  Area,18-Dec,Whitefield,Prtates,1216.0,2.0,1.0,75.0,2
Super built-up  Area,Ready To Move,Whitefield,Iseenst,1227.0,2.0,2.0,70.0,2
Super built-up  Area,Ready To Move,Whitefield,Priew P,1704.0,3.0,1.0,120.0,3
Super built-up  Area,18-Jul,Whitefield,Prtates,1195.0,2.0,1.0,62.38,2
Built-up  Area,Ready To Move,Whitefield,Paony H,1770.0,4.0,1.0,68.0,3
Super built-up  Area,Ready To Move,Whitefield,FoityIn,1570.0,3.0,3.0,88.0,3
Super built-up  Area,18-Dec,Whitefield,Prtates,1216.0,2.0,1.0,84.03,2
Super built-up  Area,18-Mar,Whitefield,Prtates,1216.0,2.0,1.0,72.5,2
Super built-up  Area,Ready To Move,Whitefield,SSthamh,1215.0,2.0,2.0,40.0,2
Super built-up  Area,Ready To Move,Whitefield,UKe 2nz,2025.0,4.0,2.0,115.0,3
Super built-up  Area,18-Dec,Whitefield,Prtates,1346.0,2.0,1.0,100.0,3
Built-up  Area,Ready To Move,Whitefield,Rallsdr,1020.0,2.0,2.0,45.0,2
Super built-up  Area,Ready To Move,Whitefield,Savarar,1024.0,2.0,1.0,32.0,2
Plot  Area,Ready To Move,Whitefield,Sahidri,2990.0,3.0,2.0,198.0,4
Super built-up  Area,Ready To Move,Whitefield,Viaree ,1205.0,2.0,2.0,58.0,2
Super built-up  Area,Ready To Move,Whitefield,Gotis A,1720.0,3.0,3.0,98.97,3
Super built-up  Area,Ready To Move,Whitefield,Aangsur,1600.0,3.0,2.0,95.0,3
Super built-up  Area,Ready To Move,Whitefield,Prtates,1655.0,3.0,1.0,108.0,3
Super built-up  Area,Ready To Move,Whitefield,Veales ,1740.0,3.0,2.0,95.0,3
Plot  Area,Ready To Move,Whitefield,Anlthmo,1200.0,3.0,1.0,56.72,3
Super built-up  Area,19-Dec,Whitefield,Oreldhi,1350.0,2.0,1.0,88.0,2
Built-up  Area,Ready To Move,Whitefield,Niborik,1030.0,2.0,2.0,44.0,2
Super built-up  Area,19-Mar,Whitefield,Prtates,1216.0,2.0,1.0,80.0,2
Plot  Area,Ready To Move,Whitefield,MIntare,2900.0,4.0,3.0,225.0,4
Super built-up  Area,18-Feb,Whitefield,BrlisCo,1340.0,2.0,1.0,101.0,2
Super built-up  Area,Ready To Move,Whitefield,Pae 1ov,1190.0,2.0,1.0,64.0,2
Super built-up  Area,Ready To Move,Whitefield,Nillsre,1626.0,3.0,3.0,85.0,3
Super built-up  Area,19-Jun,Whitefield,Pae 2ov,1195.0,2.0,1.0,61.36,2
Super built-up  Area,Ready To Move,Whitefield,DSe 2ie,1100.0,2.0,2.0,65.0,2
Super built-up  Area,Ready To Move,Whitefield,Bhentne,1100.0,2.0,1.0,46.5,2
Built-up  Area,Ready To Move,Whitefield,Hoensti,1270.0,2.0,2.0,65.0,3
Super built-up  Area,18-May,Whitefield,Prtates,1216.0,2.0,1.0,73.0,2
Super built-up  Area,Ready To Move,Whitefield,Maoma P,1135.0,2.0,2.0,58.0,2
Built-up  Area,18-Apr,Whitefield,Prtates,3150.0,3.0,1.0,290.0,3
Super built-up  Area,Ready To Move,Whitefield,Sriffhi,1185.0,2.0,2.0,56.0,2
Super built-up  Area,Ready To Move,Whitefield,PaantPl,1530.0,3.0,3.0,75.0,3
Super built-up  Area,Ready To Move,Whitefield,Arria G,1015.0,2.0,1.0,45.0,2
Super built-up  Area,Ready To Move,Whitefield,SMuilan,1187.0,2.0,1.0,38.0,2
Plot  Area,Ready To Move,Whitefield,PrOakSi,3940.0,5.0,3.0,265.0,4
Super built-up  Area,Ready To Move,Whitefield,Maoma P,1160.0,2.0,1.0,67.0,2
Super built-up  Area,18-Apr,Whitefield,Prtates,1216.0,2.0,1.0,66.88,2
Super built-up  Area,19-Dec,Whitefield,Oreldhi,1180.0,2.0,1.0,77.0,2
Super built-up  Area,20-Sep,Whitefield,Goted U,2140.0,3.0,2.0,139.0,3
Super built-up  Area,Ready To Move,Whitefield,PaantPl,1530.0,3.0,3.0,73.0,3
Super built-up  Area,18-Aug,Whitefield,SSdhimr,1160.0,2.0,2.0,39.0,2
Super built-up  Area,18-Feb,Whitefield,Alsta F,1012.0,2.0,1.0,58.0,2
Super built-up  Area,Ready To Move,Whitefield,SSthamh,1340.0,2.0,2.0,41.0,2
Super built-up  Area,Ready To Move,Whitefield,SLiand ,1431.0,3.0,2.0,85.0,3
Super built-up  Area,19-Dec,Whitefield,Oreldhi,524.0,1.0,1.0,29.0,1
Super built-up  Area,Ready To Move,Whitefield,ArsiaEx,2135.0,3.0,2.0,149.0,4
Built-up  Area,18-Aug,Whitefield,M1riaa ,2500.0,4.0,0.0,100.0,4
Super built-up  Area,Ready To Move,Whitefield,Prwer S,3075.0,2.0,3.0,188.0,4
Super built-up  Area,Ready To Move,Whitefield,BrlisCo,1760.0,3.0,2.0,160.0,3
Super built-up  Area,18-Jul,Whitefield,Prtates,1655.0,3.0,2.0,110.0,3
Super built-up  Area,19-Dec,Whitefield,Oreldhi,840.0,1.0,1.0,57.0,1
Super built-up  Area,Ready To Move,Whitefield,AjhalNa,1725.0,3.0,2.0,106.0,3
Super built-up  Area,Ready To Move,Whitefield,SMuilan,1130.0,2.0,1.0,36.0,2
Super built-up  Area,Ready To Move,Whitefield,Sonviik,1116.0,2.0,3.0,51.91,2
Super built-up  Area,18-Dec,Whitefield,Asarqz ,1639.0,3.0,2.0,107.0,3
Built-up  Area,19-Oct,Whitefield,NVaree ,3565.0,4.0,0.0,218.0,4
Super built-up  Area,18-Feb,Whitefield,BrlisCo,3410.0,5.0,3.0,253.0,4
Super built-up  Area,Ready To Move,Whitefield,SearkHy,1345.0,3.0,1.0,58.0,3
Super built-up  Area,Ready To Move,Whitefield,SSthamh,1205.0,2.0,1.0,41.0,2
Super built-up  Area,Ready To Move,Whitefield,Veales ,1250.0,2.0,2.0,85.0,2
Super built-up  Area,18-Jun,Whitefield,Asarqz ,1277.0,2.0,1.0,77.0,2
Super built-up  Area,Ready To Move,Whitefield,Brony H,1820.0,3.0,2.0,140.0,3
Built-up  Area,Ready To Move,Whitefield,ArsiaEx,3453.0,4.0,2.0,247.0,4
Super built-up  Area,18-Mar,Whitefield,Asarqz ,1245.0,2.0,1.0,59.76,2
Super built-up  Area,18-Jun,Whitefield,ARipsul,1074.0,2.0,1.0,42.8,2
Super built-up  Area,18-Oct,Whitefield,Prtates,2280.0,4.0,2.0,125.0,3
Super built-up  Area,18-Dec,Whitefield,Prtates,2882.0,5.0,1.0,200.0,4
Super built-up  Area,18-Jan,Whitefield,Suhamra,1170.0,2.0,1.0,56.0,2
Built-up  Area,Ready To Move,Whitefield,CMionsy,1634.0,3.0,2.0,68.0,3
Super built-up  Area,Ready To Move,Whitefield,Pae 1ov,1190.0,2.0,1.0,70.0,2
Super built-up  Area,Ready To Move,Whitefield,SMuilan,1105.0,2.0,1.0,35.4,2
Super built-up  Area,Ready To Move,Whitefield,BrlisCo,1270.0,2.0,1.0,94.0,2
Super built-up  Area,Ready To Move,Whitefield,Priew P,1220.0,2.0,1.0,89.0,2
Super built-up  Area,Ready To Move,Whitefield,Sonviik,1116.0,2.0,3.0,51.91,2
Super built-up  Area,Ready To Move,Whitefield,Iseenst,1436.0,2.0,3.0,62.15,3
Super built-up  Area,Ready To Move,Whitefield,SMuilan,1452.0,2.0,2.0,46.29,3
Super built-up  Area,Ready To Move,Whitefield,Sparam ,1370.0,2.0,2.0,56.0,2
Super built-up  Area,Ready To Move,Whitefield,Prarat ,1050.0,2.0,3.0,43.0,2
Super built-up  Area,18-Apr,Whitefield,Asarqz ,1496.0,2.0,1.0,71.81,3
Plot  Area,Ready To Move,Whitefield,Prrry M,5400.0,5.0,3.0,475.0,4
Super built-up  Area,18-Apr,Whitefield,Alsta F,1396.0,3.0,1.0,74.0,3
Super built-up  Area,Ready To Move,Whitefield,SSthamh,1175.0,2.0,1.0,41.0,2
Super built-up  Area,Ready To Move,Whitefield,SMuilan,1451.0,2.0,2.0,46.4,3
Super built-up  Area,19-Apr,Whitefield,ARipsul,1063.0,2.0,1.0,42.52,2
Super built-up  Area,18-Dec,Whitefield,Prtates,1346.0,2.0,1.0,76.01,2
Super built-up  Area,Ready To Move,Whitefield,Sparam ,1317.0,2.0,2.0,52.0,2
Built-up  Area,Ready To Move,Whitefield,Sudama ,1615.0,3.0,0.0,96.9,3
Super built-up  Area,Ready To Move,Whitefield,S mesci,1220.0,2.0,1.0,55.0,2
Super built-up  Area,Ready To Move,Whitefield,Soe 2Sa,1116.0,2.0,3.0,48.76,2
Super built-up  Area,Ready To Move,Whitefield,Salesni,1400.0,2.0,3.0,56.0,3
Super built-up  Area,Ready To Move,Whitefield,Sonviik,1140.0,2.0,3.0,55.0,2
Super built-up  Area,Ready To Move,Whitefield,DNlleks,1200.0,2.0,3.0,70.0,2
Super built-up  Area,Ready To Move,Whitefield,AHodsWo,1015.0,2.0,3.0,56.0,2
Super built-up  Area,Ready To Move,Whitefield,JahanSa,1430.0,3.0,2.0,52.0,3
Super built-up  Area,18-Dec,Whitefield,Prtates,1216.0,2.0,1.0,75.0,2
Built-up  Area,Ready To Move,Whitefield,JahanSa,1010.0,2.0,1.0,45.0,3
Super built-up  Area,18-Dec,Whitefield,Prtates,2321.0,4.0,1.0,157.0,3
Super built-up  Area,Ready To Move,Whitefield,Veitaus,1224.0,2.0,2.0,75.0,2
Super built-up  Area,19-Mar,Whitefield,Prtates,1655.0,3.0,2.0,113.0,3
Built-up  Area,Ready To Move,Whitefield,SneurGr,1740.0,3.0,3.0,85.0,3
Built-up  Area,18-Mar,Whitefield,MKensi ,1650.0,3.0,2.0,48.0,3
Super built-up  Area,Ready To Move,Whitefield,BMttaor,1175.0,2.0,2.0,50.0,2
Built-up  Area,Ready To Move,Whitefield,Mithmn ,1270.0,2.0,1.0,110.0,2
Super built-up  Area,Ready To Move,Whitefield,SuezeLa,1660.0,3.0,1.0,110.0,3
Super built-up  Area,Ready To Move,Whitefield,BrlisCo,1270.0,2.0,1.0,105.0,2
Super built-up  Area,Ready To Move,Whitefield,CalanGo,1315.0,2.0,2.0,69.5,2
Super built-up  Area,20-Dec,Whitefield,Oreldhi,1173.0,2.0,1.0,78.2,2
Super built-up  Area,Ready To Move,Whitefield,Asarqz ,1457.0,2.0,2.0,105.0,3
Super built-up  Area,18-Feb,Whitefield,BrlisCo,1720.0,3.0,2.0,128.0,3
Super built-up  Area,Ready To Move,Whitefield,UKe 2nz,1495.0,2.0,1.0,78.0,2
Super built-up  Area,Ready To Move,Whitefield,Suleyli,1270.0,2.0,2.0,52.0,2
Super built-up  Area,19-Dec,Whitefield,Oreldhi,1564.0,3.0,1.0,103.0,3
Super built-up  Area,18-Aug,Whitefield,SSdhimr,1240.0,2.0,2.0,41.0,2
Super built-up  Area,Ready To Move,Whitefield,SLiritn,1404.0,2.0,2.0,59.0,3
Super built-up  Area,18-Dec,Whitefield,Asarqz ,1639.0,3.0,2.0,107.0,3
Super built-up  Area,Ready To Move,Whitefield,BrlisCo,1760.0,3.0,2.0,139.0,3
Super built-up  Area,18-Dec,Whitefield,Goted U,613.0,1.0,1.0,48.0,1
Super built-up  Area,Ready To Move,Whitefield,SJces R,1730.0,3.0,2.0,125.0,3
Super built-up  Area,Ready To Move,Whitefield,SLiritn,1453.0,2.0,2.0,58.0,3
Super built-up  Area,19-Dec,Whitefield,Oreldhi,877.0,1.0,1.0,59.0,1
Built-up  Area,Ready To Move,Whitefield,ArsiaEx,3453.0,4.0,0.0,231.0,5
Super built-up  Area,Ready To Move,Yelahanka,NCowsar,1600.0,2.0,3.0,75.0,3
Super built-up  Area,19-Mar,Yelahanka,Niareum,1326.0,2.0,2.0,78.0,2
Super built-up  Area,19-Dec,Yelahanka,LedorSa,3050.0,5.0,1.0,213.0,5
Super built-up  Area,Ready To Move,Yelahanka,Pyikad ,1282.0,2.0,2.0,48.7,3
Super built-up  Area,Ready To Move,Yelahanka,Apows M,1035.0,2.0,1.0,45.0,2
Super built-up  Area,Ready To Move,Yelahanka,Sahanra,1350.0,2.0,2.0,54.0,2
Super built-up  Area,Ready To Move,Yelahanka,Pyikad ,1210.0,2.0,1.0,45.98,2
Super built-up  Area,Ready To Move,Yelahanka,Shana S,1705.0,3.0,2.0,95.0,3
Super built-up  Area,Ready To Move,Yelahanka,NCowsar,1234.0,2.0,2.0,80.0,2
Super built-up  Area,Ready To Move,Yelahanka,Velas V,1315.0,2.0,2.0,85.0,2
Super built-up  Area,Ready To Move,Yelahanka,Neite T,1170.0,2.0,1.0,62.5,2
Super built-up  Area,17-Nov,Yelahanka,Prensya,697.0,1.0,0.0,45.0,1
Super built-up  Area,Ready To Move,Yelahanka,Rarthne,1120.0,2.0,2.0,55.0,2
Built-up  Area,Ready To Move,Yelahanka,Leilo E,2195.0,4.0,2.0,127.0,3
Super built-up  Area,Ready To Move,Yelahanka,PuziaVe,1614.0,3.0,2.0,95.0,3
Super built-up  Area,Ready To Move,Yelahanka,Pyikad ,1381.0,2.0,2.0,52.48,3
Super built-up  Area,Ready To Move,Yelahanka,Ardanru,628.0,1.0,1.0,24.0,1
Built-up  Area,Ready To Move,Yelahanka,PrrloMo,1815.0,3.0,2.0,82.0,3
Super built-up  Area,Ready To Move,Yelahanka,Prensya,654.0,1.0,1.0,38.4,1
Super built-up  Area,Ready To Move,Yelahanka,Prensya,1705.0,3.0,1.0,74.16,3
Built-up  Area,Ready To Move,Yelahanka,InllaPa,3042.0,4.0,0.0,131.0,4
Super built-up  Area,Ready To Move,Yelahanka,Ulure S,1065.0,2.0,1.0,40.84,2
Super built-up  Area,Ready To Move,Yelahanka,Pyikad ,1036.0,2.0,3.0,39.35,2
Super built-up  Area,Ready To Move,Yelahanka,Chara N,1300.0,2.0,3.0,65.0,2
Super built-up  Area,18-Mar,Yelahanka,Miitat ,1825.0,3.0,1.0,105.0,3
Super built-up  Area,Ready To Move,Yelahanka,Niareum,1603.0,3.0,2.0,96.0,3
Super built-up  Area,18-May,Yelahanka,Prensya,1304.0,2.0,1.0,79.0,2
Super built-up  Area,Ready To Move,Yelahanka,Apows M,1455.0,3.0,1.0,61.5,3
Super built-up  Area,Ready To Move,Yelahanka,Rarthne,915.0,2.0,2.0,48.0,2
Super built-up  Area,21-Mar,Yelahanka,Goues A,1517.0,3.0,2.0,76.3,3
Super built-up  Area,Ready To Move,Yelahanka,Pyikad ,1274.0,2.0,2.0,48.42,2
Super built-up  Area,Ready To Move,Yelahanka,PuziaVe,1327.0,2.0,3.0,85.0,2
Built-up  Area,Ready To Move,Yelahanka,Rarthne,1371.0,2.0,2.0,65.0,3
Built-up  Area,Ready To Move,Yelahanka,NCowsar,1712.0,3.0,3.0,82.0,3
Super built-up  Area,Ready To Move,Yelahanka,PuziaVe,1566.0,3.0,2.0,97.0,3
Super built-up  Area,Ready To Move,Yelahanka,Shana S,1270.0,2.0,2.0,78.0,2
Super built-up  Area,19-Dec,Yelahanka,Masser ,1400.0,2.0,2.0,80.54,3
Super built-up  Area,Ready To Move,Yelahanka,Rarthne,1391.0,2.0,2.0,64.5,3
Super built-up  Area,Ready To Move,Yelahanka,PuziaVe,1322.0,2.0,2.0,86.0,2
Super built-up  Area,Ready To Move,Yelahanka,Niareum,1326.0,2.0,2.0,57.0,2
Plot  Area,Ready To Move,Yelahanka,Edreelm,2675.0,4.0,2.0,140.0,4
Super built-up  Area,18-Apr,Yelahanka,Prensya,654.0,1.0,1.0,37.0,1
Built-up  Area,Ready To Move,Yelahanka,NCowsar,1465.0,3.0,2.0,80.01,3
Super built-up  Area,19-Dec,Yelahanka,Goues A,1721.0,3.0,3.0,80.86,3
Super built-up  Area,Ready To Move,Yelahanka,Niareum,1226.0,2.0,2.0,52.71,2
Super built-up  Area,Ready To Move,Yelahanka,NCowsar,1692.0,3.0,2.0,83.0,3
Super built-up  Area,19-Jul,Yelahanka,Goues A,1033.0,2.0,1.0,52.58,2
Super built-up  Area,19-Dec,Yelahanka,Goues A,1390.0,2.0,2.0,65.31,2
Super built-up  Area,19-Dec,Yelahanka,Goues A,1040.0,2.0,1.0,48.86,2
Super built-up  Area,Ready To Move,Yelahanka,Apows M,1345.0,2.0,1.0,57.0,3
Super built-up  Area,18-Mar,Yelahanka,Miitat ,2145.0,3.0,3.0,125.0,3
Super built-up  Area,Ready To Move,Yelahanka,Neite T,1200.0,2.0,1.0,54.0,2
Super built-up  Area,Ready To Move,Yelahanka,PuziaVe,1322.0,2.0,2.0,75.0,2
Super built-up  Area,Ready To Move,Yelahanka,Pyikad ,1036.0,2.0,2.0,39.37,2
Super built-up  Area,18-May,Yelahanka,Prensya,602.0,1.0,1.0,26.0,1
Super built-up  Area,Ready To Move,Yelahanka,Rarthne,1100.0,2.0,1.0,60.0,2
Super built-up  Area,Ready To Move,Yelahanka,PuziaVe,1614.0,2.0,1.0,100.0,3
Super built-up  Area,18-May,Yelahanka,Miitat ,1890.0,3.0,2.0,108.0,3
Super built-up  Area,Ready To Move,Yelahanka,PuziaVe,1556.0,3.0,2.0,86.0,3
Super built-up  Area,Ready To Move,Yelahanka,PrrloMo,1610.0,4.0,2.0,85.0,3
Super built-up  Area,Ready To Move,Yelahanka,Pyikad ,1484.0,2.0,2.0,56.4,3
Super built-up  Area,19-Dec,Yelahanka,Goues A,1260.0,2.0,2.0,59.2,2
Built-up  Area,Ready To Move,Yelahanka,Rarthne,1102.0,2.0,0.0,52.0,2
Super built-up  Area,17-Dec,Yelahanka,Hotat H,1519.0,2.0,3.0,65.0,2
Super built-up  Area,18-Mar,Yelahanka,Miitat ,1859.0,3.0,1.0,108.0,3
Super built-up  Area,Ready To Move,Yelahanka,Apows M,1050.0,2.0,1.0,45.0,2
Super built-up  Area,Ready To Move,Yelahanka,PuziaVe,1322.0,2.0,2.0,80.0,2
Super built-up  Area,Ready To Move,Yelahanka,Hotat H,1285.0,2.0,2.0,56.0,2
Super built-up  Area,Ready To Move,Yelahanka,NCs 2rj,2600.0,4.0,3.0,175.0,4
Super built-up  Area,Ready To Move,Yelahanka,Shana S,1305.0,2.0,1.0,78.0,2
Super built-up  Area,21-Mar,Yelahanka,Goues A,1711.0,3.0,3.0,85.61,3
Built-up  Area,Ready To Move,Yelahanka,Velas V,1315.0,2.0,3.0,75.0,2
Super built-up  Area,21-Mar,Yelahanka,Goues A,1390.0,2.0,2.0,70.21,2
Super built-up  Area,Ready To Move,Yelahanka,PuziaVe,1614.0,3.0,2.0,95.0,3
Built-up  Area,Ready To Move,Yelahanka,BKideor,1650.0,3.0,3.0,105.0,3
Built-up  Area,Ready To Move,Yelahanka,JSlipTu,1200.0,2.0,2.0,55.0,2
Super built-up  Area,Ready To Move,Yelahanka,Pyikad ,990.0,2.0,2.0,37.62,2
Super built-up  Area,Ready To Move,Yelahanka,Pyikad ,935.0,2.0,1.0,35.53,2
Super built-up  Area,Ready To Move,Yelahanka,Pyikad ,1282.0,2.0,1.0,48.72,3
Built-up  Area,Ready To Move,Yelahanka,NCarkna,1620.0,3.0,2.0,90.0,3
Super built-up  Area,18-Feb,Yelahanka,Prensya,654.0,1.0,1.0,36.25,1
Super built-up  Area,Ready To Move,Yelahanka,NCarkna,1614.0,3.0,2.0,93.0,3
Super built-up  Area,Ready To Move,Yelahanka,Neite T,694.0,1.0,0.0,30.84,1
Super built-up  Area,Ready To Move,Yelahanka,Reverve,1115.0,2.0,2.0,60.0,2
Super built-up  Area,Ready To Move,Yelahanka,Niareum,2317.0,4.0,3.0,140.0,3
Super built-up  Area,Ready To Move,Yelahanka,Niareum,1653.0,3.0,3.0,93.0,3
Super built-up  Area,Ready To Move,Yelahanka,Prensya,654.0,1.0,1.0,38.0,1
Super built-up  Area,Ready To Move,Yelahanka,Shana S,1445.0,2.0,2.0,82.0,2
Built-up  Area,15-Aug,Yelahanka,Velas V,1225.0,2.0,2.0,62.0,2
Super built-up  Area,Ready To Move,Yelahanka,Prensya,602.0,1.0,1.0,38.0,1
Super built-up  Area,Ready To Move,Yelahanka,Prensya,697.0,1.0,1.0,35.0,1
Super built-up  Area,Ready To Move,Yelahanka,Ulure S,1065.0,2.0,1.0,41.38,2
Super built-up  Area,21-Mar,Yelahanka,Goues A,682.0,1.0,1.0,36.23,1
Super built-up  Area,19-Mar,Yelahanka,Goues A,1023.0,2.0,1.0,52.59,2
Built-up  Area,Ready To Move,Yelahanka,PuziaVe,1560.0,2.0,2.0,98.0,3
Super built-up  Area,Ready To Move,Yelahanka,PuziaVe,1780.0,3.0,2.0,107.0,3
Built-up  Area,Ready To Move,Yelahanka,NCs 2rj,1342.0,2.0,2.0,75.0,3
Super built-up  Area,20-Jan,Yelahanka,Aduil T,1823.0,3.0,2.0,103.0,3
Super built-up  Area,18-Mar,Yelahanka,Miitat ,1792.0,3.0,1.0,104.0,3
Super built-up  Area,Ready To Move,Yelahanka,Prensya,1304.0,2.0,1.0,69.97,2
Built-up  Area,Ready To Move,Yelahanka,AdniaSk,1250.0,2.0,2.0,54.0,2
Built-up  Area,Ready To Move,Yelahanka,Shana S,1270.0,2.0,2.0,57.0,2
Super built-up  Area,Ready To Move,Yelahanka,Jatish ,1300.0,2.0,2.0,69.23,2
Super built-up  Area,Ready To Move,Yelahanka,Prensya,1705.0,3.0,1.0,91.0,3
Built-up  Area,Ready To Move,Yelahanka,PrrloMo,1890.0,4.0,2.0,85.0,3
Super built-up  Area,18-Mar,Yelahanka,Miitat ,1835.0,3.0,1.0,108.0,3
Built-up  Area,18-Apr,Yelahanka,Hotat H,1847.0,3.0,3.0,92.0,3
Super built-up  Area,18-Jul,Yelahanka,Miitat ,1890.0,3.0,2.0,109.0,3
Super built-up  Area,Ready To Move,Yelahanka,BCivell,700.0,1.0,1.0,38.0,1
Super built-up  Area,Ready To Move,Yelahanka,Niareum,1491.0,3.0,2.0,85.0,3
Super built-up  Area,19-Apr,Yelahanka,LedorSa,1330.0,2.0,1.0,93.65,2
Super built-up  Area,Ready To Move,Yelahanka,BKideor,1185.0,2.0,2.0,45.0,2
Super built-up  Area,19-Dec,Yelahanka,Goues A,1517.0,3.0,2.0,71.28,3
Super built-up  Area,Ready To Move,Yelahanka,Pyikad ,1756.0,3.0,2.0,66.73,3
Super built-up  Area,Ready To Move,Yelahanka,PuziaVe,1600.0,3.0,3.0,100.0,3
Super built-up  Area,Ready To Move,Yelahanka,Neite T,1664.0,3.0,0.0,73.95,3
Built-up  Area,Ready To Move,Yelahanka,Niareum,1200.0,2.0,2.0,60.0,2
Super built-up  Area,Ready To Move,Yelahanka,Prensya,1705.0,3.0,2.0,85.0,3
Built-up  Area,Ready To Move,Yelahanka,NCs 2rj,1350.0,2.0,3.0,85.0,3
Built-up  Area,Ready To Move,Yelahanka,NCarkna,1633.0,3.0,2.0,110.0,3
Super built-up  Area,Ready To Move,Yelahanka,Rarthne,1355.0,2.0,3.0,75.0,3
Super built-up  Area,Ready To Move,Yelahanka,Juclend,1408.0,2.0,2.0,58.0,2
Super built-up  Area,Ready To Move,Yelahanka,Rarthne,1104.0,2.0,2.0,58.0,2
Built-up  Area,Ready To Move,Yelahanka,DSeak S,1325.0,2.0,2.0,58.0,3
Super built-up  Area,19-Mar,Yelahanka,Masser ,1175.0,2.0,1.0,67.77,2
Built-up  Area,18-Apr,Yelahanka,Prensya,602.0,1.0,1.0,33.0,1
Super built-up  Area,Ready To Move,Yelahanka,Velas V,1315.0,2.0,3.0,77.0,2
Super built-up  Area,Ready To Move,Yelahanka,Apows M,1430.0,3.0,1.0,61.0,3
Super built-up  Area,Ready To Move,Yelahanka,Pyikad ,1355.0,2.0,2.0,51.5,3
Built-up  Area,Ready To Move,Yelahanka,Ardanru,567.0,1.0,1.0,25.0,1
Super built-up  Area,18-Jan,Yelahanka,Prensya,602.0,2.0,1.0,30.0,1
Super built-up  Area,18-Jan,Yelahanka,Prensya,1362.0,2.0,2.0,66.0,2
Super built-up  Area,Ready To Move,Yelahanka,NCowsar,1234.0,2.0,2.0,80.0,2
Super built-up  Area,Ready To Move,Yelahanka,Pyikad ,1282.0,2.0,1.0,48.72,3
Super built-up  Area,Ready To Move,Yelahanka,PrrloMo,1180.0,2.0,1.0,55.0,2
Super built-up  Area,Ready To Move,Yelahanka,PuziaVe,1267.0,3.0,1.0,78.0,2
Super built-up  Area,20-Jan,Yelahanka,Aduil T,1360.0,2.0,1.0,78.19,2
Built-up  Area,Ready To Move,Yelahanka New Town,KHatsFl,650.0,1.0,2.0,33.0,1
Super built-up  Area,Ready To Move,Yelahanka New Town,KHatsFl,500.0,1.0,1.0,20.0,1
Super built-up  Area,Ready To Move,Yelahanka New Town,Cerasy ,1700.0,3.0,2.0,90.0,3
Built-up  Area,Ready To Move,Yelahanka New Town,KHatsFl,350.0,1.0,1.0,13.5,1
Super built-up  Area,Ready To Move,Yelahanka New Town,SPllain,1541.0,3.0,3.0,80.0,3
Super built-up  Area,Ready To Move,Yelahanka New Town,Covelrs,1385.0,2.0,3.0,65.0,2
Super built-up  Area,Ready To Move,Yelahanka New Town,KHatsFl,500.0,2.0,1.0,24.0,1
Built-up  Area,Ready To Move,Yelahanka New Town,KHatsFl,450.0,1.0,0.0,16.0,1
Super built-up  Area,Ready To Move,Yelahanka New Town,Cerasy ,1599.0,3.0,2.0,80.0,3
Super built-up  Area,Ready To Move,Yelahanka New Town,KHatsFl,960.0,2.0,2.0,50.0,2
Built-up  Area,Ready To Move,Yelahanka New Town,KHatsFl,1209.0,2.0,3.0,65.0,3
Super built-up  Area,Ready To Move,Yelahanka New Town,KHatsFl,1400.0,2.0,2.0,80.0,3
Super built-up  Area,Ready To Move,Yelahanka New Town,KHatsFl,500.0,1.0,1.0,18.0,1
Built-up  Area,Ready To Move,Yelahanka New Town,KHatsFl,488.0,1.0,1.0,20.0,1
Built-up  Area,Ready To Move,Yelahanka New Town,KHatsFl,860.0,1.0,2.0,31.0,2
Super built-up  Area,Ready To Move,Yelahanka New Town,SLhidOr,1426.0,2.0,2.0,61.5,3
Built-up  Area,Ready To Move,Yelahanka New Town,G harth,1290.0,2.0,2.0,70.0,2
Super built-up  Area,Ready To Move,Yeshwanthpur,IBityin,2502.0,3.0,3.0,138.0,3
Super built-up  Area,18-Aug,Yeshwanthpur,Aroomba,1693.0,3.0,3.0,108.0,3
Super built-up  Area,Ready To Move,Yeshwanthpur,IBityin,667.0,1.0,1.0,36.85,1
Super built-up  Area,20-Dec,Yeshwanthpur,Detat H,1950.0,4.0,0.0,130.0,4
Built-up  Area,Ready To Move,Yeshwanthpur,IBityin,1170.0,2.0,2.0,57.0,2
Super built-up  Area,Ready To Move,Yeshwanthpur,IBityin,665.0,1.0,1.0,36.85,1
Super built-up  Area,Ready To Move,Yeshwanthpur,IBityin,1161.0,2.0,2.0,64.08,2
Super built-up  Area,Ready To Move,Yeshwanthpur,IBityin,2557.0,3.0,2.0,141.0,3
Super built-up  Area,Ready To Move,Yeshwanthpur,GoandAc,1850.0,3.0,3.0,100.0,3
Super built-up  Area,Ready To Move,Yeshwanthpur,IBityin,671.0,1.0,1.0,36.85,1
Super built-up  Area,Ready To Move,Yeshwanthpur,IBityin,668.0,1.0,1.0,36.85,1
Super built-up  Area,18-Aug,Yeshwanthpur,Aroomba,1185.0,2.0,2.0,75.84,2
Super built-up  Area,Ready To Move,Yeshwanthpur,Goandn ,1400.0,2.0,2.0,100.0,2
Super built-up  Area,Ready To Move,Yeshwanthpur,IBityin,2559.0,3.0,2.0,141.0,3
Built-up  Area,Ready To Move,Yeshwanthpur,IBityin,1430.0,3.0,2.0,72.0,3
Super built-up  Area,Ready To Move,Yeshwanthpur,IBityin,673.0,1.0,1.0,36.85,1
Super built-up  Area,Ready To Move,Yeshwanthpur,IBityin,1168.0,2.0,2.0,64.08,2
Super built-up  Area,Ready To Move,Yeshwanthpur,IBityin,1382.0,2.0,2.0,76.18,3
Super built-up  Area,Ready To Move,Yeshwanthpur,IBityin,669.0,1.0,1.0,36.85,1
Super built-up  Area,Ready To Move,Yeshwanthpur,IBityin,1385.0,2.0,2.0,76.18,3
Plot  Area,Ready To Move,Yeshwanthpur,Pantym ,1200.0,2.0,0.0,63.0,2
Super built-up  Area,Ready To Move,Yeshwanthpur,IBityin,670.0,1.0,1.0,36.85,1
Super built-up  Area,Ready To Move,Yeshwanthpur,IBityin,1381.0,2.0,2.0,76.18,3
Super built-up  Area,Ready To Move,Yeshwanthpur,IBityin,1240.0,2.0,2.0,80.0,2
Super built-up  Area,18-Aug,Yeshwanthpur,Aroomba,1713.0,3.0,2.0,110.0,3
Super built-up  Area,Ready To Move,Yeshwanthpur,IBityin,1144.0,2.0,2.0,67.0,2
Super built-up  Area,Ready To Move,Yeshwanthpur,IBityin,2501.0,3.0,3.0,138.0,3
Super built-up  Area,Ready To Move,Yeshwanthpur,IBityin,666.0,1.0,1.0,36.8,1
Super built-up  Area,Ready To Move,Yeshwanthpur,IBityin,2504.0,3.0,3.0,138.0,3
Super built-up  Area,Ready To Move,Yeshwanthpur,IBityin,1165.0,2.0,1.0,85.0,2
Super built-up  Area,Ready To Move,Yeshwanthpur,IBityin,1163.0,2.0,2.0,64.08,2
Super built-up  Area,Ready To Move,Yeshwanthpur,IBityin,1165.0,2.0,2.0,64.08,2
Super built-up  Area,Ready To Move,Yeshwanthpur,IBityin,1384.0,2.0,2.0,76.18,3
Super built-up  Area,Ready To Move,Yeshwanthpur,Vaarai ,994.0,2.0,0.0,54.67,1
Super built-up  Area,Ready To Move,Yeshwanthpur,GoandAc,1500.0,3.0,1.0,100.0,3
Super built-up  Area,Ready To Move,Yeshwanthpur,IBityin,1167.0,2.0,2.0,64.08,2
Super built-up  Area,Ready To Move,Yeshwanthpur,IBityin,1164.0,2.0,2.0,64.08,2
Super built-up  Area,Ready To Move,Yeshwanthpur,IBityin,1520.0,3.0,3.0,85.0,3
Super built-up  Area,Ready To Move,Yeshwanthpur,IBityin,674.0,1.0,1.0,36.85,1
Super built-up  Area,Ready To Move,Yeshwanthpur,IBityin,1383.0,2.0,2.0,76.18,3
Super built-up  Area,Ready To Move,Yeshwanthpur,IBityin,672.0,1.0,1.0,36.85,1
Super built-up  Area,Ready To Move,Yeshwanthpur,IBityin,1162.0,2.0,2.0,64.08,2
Super built-up  Area,Ready To Move,Yeshwanthpur,IBityin,1166.0,2.0,1.0,64.08,2
Super built-up  Area,18-Aug,Yeshwanthpur,Aroomba,1692.0,3.0,3.0,108.0,3
Super built-up  Area,Ready To Move,Yeshwanthpur,IBityin,1169.0,2.0,2.0,64.08,2
Super built-up  Area,Ready To Move,Yeshwanthpur,IBityin,2500.0,3.0,3.0,138.0,3
Super built-up  Area,Ready To Move,Yeshwanthpur,IBityin,1160.0,2.0,2.0,64.08,2
Super built-up  Area,Ready To Move,Yeshwanthpur,IBityin,2503.0,3.0,3.0,138.0,3
Super built-up  Area,Ready To Move,Yeshwanthpur,Goandn ,1855.0,3.0,3.0,135.0,3
Super built-up  Area,Ready To Move,other,Ceove G,600.0,1.0,0.0,38.0,1
Super built-up  Area,Ready To Move,other,Bhncyis,1270.0,2.0,1.0,50.0,2
Super built-up  Area,Ready To Move,other,Laavevi,845.0,2.0,1.0,55.0,2
Built-up  Area,Ready To Move,other,Viony H,2511.0,3.0,3.0,205.0,3
Super built-up  Area,Ready To Move,other,AdentEl,1660.0,2.0,2.0,105.0,3
Built-up  Area,Ready To Move,other,Saenti ,1000.0,2.0,2.0,70.0,2
Super built-up  Area,Ready To Move,other,Makeser,1007.0,2.0,2.0,43.0,2
Super built-up  Area,Ready To Move,other,Maest N,1200.0,2.0,2.0,50.0,2
Super built-up  Area,Ready To Move,other,Reeroce,1413.0,2.0,2.0,75.0,3
Built-up  Area,Ready To Move,other,Sragei ,1600.0,3.0,2.0,65.0,3
Built-up  Area,Ready To Move,other,Jahts H,1870.0,3.0,3.0,110.0,3
Super built-up  Area,19-Jan,other,TiaksAa,1260.0,2.0,2.0,85.05,3
Super built-up  Area,Ready To Move,other,Dwity T,1612.0,3.0,3.0,46.74,3
Super built-up  Area,Ready To Move,other,ETens G,1904.0,3.0,1.0,150.0,3
Super built-up  Area,Ready To Move,other,Hohnari,2000.0,3.0,1.0,175.0,3
Super built-up  Area,Ready To Move,other,Naods W,1425.0,2.0,2.0,75.0,3
Built-up  Area,Ready To Move,other,Sancyra,1470.0,2.0,2.0,70.0,3
Super built-up  Area,Ready To Move,other,CaIRSCr,1909.0,3.0,2.0,88.0,3
Super built-up  Area,Ready To Move,other,HodhiSa,1580.0,3.0,3.0,100.0,3
Super built-up  Area,Ready To Move,other,AlEcone,1148.0,2.0,2.0,60.0,2
Super built-up  Area,Ready To Move,other,Laowsba,1110.0,2.0,2.0,55.0,2
Super built-up  Area,Ready To Move,other,SJcerpe,1644.0,3.0,3.0,84.0,3
Super built-up  Area,Ready To Move,other,Supams ,1285.0,2.0,3.0,72.5,2
Plot  Area,17-May,other,Sreat R,4050.0,3.0,2.0,280.0,3
Super built-up  Area,Ready To Move,other,Inntsa ,2420.0,3.0,2.0,185.0,3
Super built-up  Area,Ready To Move,other,Calyxy ,3045.0,3.0,2.0,170.0,3
Super built-up  Area,Ready To Move,other,Jahtsa ,700.0,1.0,1.0,26.0,2
Plot  Area,Ready To Move,other,Sreat R,4111.0,4.0,2.0,250.0,4
Super built-up  Area,Ready To Move,other,Bhinglv,1084.0,2.0,2.0,50.0,2
Carpet  Area,Ready To Move,other,SMikaay,950.0,2.0,2.0,47.0,2
Super built-up  Area,Ready To Move,other,Prave E,2000.0,4.0,0.0,120.0,4
Super built-up  Area,Ready To Move,other,Priewhi,1010.0,2.0,1.0,29.5,2
Super built-up  Area,Ready To Move,other,Puestig,1665.0,3.0,2.0,95.0,3
Super built-up  Area,Ready To Move,other,MaisePa,1560.0,3.0,3.0,115.0,3
Super built-up  Area,Ready To Move,other,Puodse ,1113.0,2.0,1.0,51.0,2
Super built-up  Area,Ready To Move,other,Abncy R,1200.0,2.0,2.0,52.0,2
Built-up  Area,Ready To Move,other,Itala A,1645.0,3.0,2.0,95.0,3
Super built-up  Area,Ready To Move,other,HMinebo,1192.0,2.0,2.0,74.0,2
Super built-up  Area,Ready To Move,other,Clntsrt,1250.0,2.0,2.0,40.0,2
Super built-up  Area,Ready To Move,other,Vancy R,1800.0,3.0,0.0,150.0,3
Carpet  Area,Ready To Move,other,Puens G,1592.0,3.0,2.0,75.0,3
Super built-up  Area,Ready To Move,other,AriosHe,1308.0,2.0,2.0,89.04,2
Built-up  Area,Ready To Move,other,Shyas S,1166.0,2.0,2.0,55.0,2
Super built-up  Area,Ready To Move,other,Suiseit,825.0,2.0,1.0,33.0,2
Built-up  Area,Ready To Move,other,VMowsea,1460.0,2.0,1.0,58.0,2
Built-up  Area,Ready To Move,other,Hoeatan,1760.0,3.0,2.0,88.0,3
Super built-up  Area,Ready To Move,other,SPontna,1069.0,2.0,1.0,55.0,2
Super built-up  Area,Ready To Move,other,MSanaer,1450.0,3.0,2.0,55.0,3
Super built-up  Area,18-Jul,other,Plowsri,1630.0,3.0,2.0,68.29,3
Super built-up  Area,Ready To Move,other,Bancyri,5000.0,9.0,3.0,360.0,11
Super built-up  Area,Ready To Move,other,RKntsrt,850.0,2.0,1.0,30.0,2
Super built-up  Area,Ready To Move,other,Prowsi ,900.0,2.0,1.0,40.0,2
Built-up  Area,Ready To Move,other,Sryamar,1200.0,2.0,1.0,62.0,2
Super built-up  Area,Ready To Move,other,VDdonel,1753.0,3.0,2.0,120.0,3
Super built-up  Area,Ready To Move,other,Shinei ,1000.0,2.0,1.0,53.0,2
Super built-up  Area,Ready To Move,other,OlarkLa,1353.0,2.0,2.0,110.0,2
Super built-up  Area,18-Apr,other,Arano M,1028.0,2.0,1.0,45.5,2
Super built-up  Area,Ready To Move,other,Amngsag,1222.0,2.0,2.0,45.0,2
Super built-up  Area,Ready To Move,other,Amsomun,5000.0,9.0,3.0,210.0,9
Built-up  Area,Ready To Move,other,Foconna,1325.0,2.0,1.0,90.0,3
Super built-up  Area,Ready To Move,other,Icncy R,1056.0,2.0,1.0,80.0,2
Super built-up  Area,18-May,other,Pridsi ,1305.0,2.0,1.0,58.7,3
Super built-up  Area,Ready To Move,other,ARnamru,1180.0,2.0,2.0,42.0,2
Super built-up  Area,Ready To Move,other,Veyalin,961.0,2.0,2.0,38.0,2
Super built-up  Area,Ready To Move,other,Daill S,1260.0,2.0,2.0,45.0,2
Built-up  Area,Ready To Move,other,DSureSi,1630.0,3.0,2.0,85.0,3
Super built-up  Area,17-Nov,other,Prasa W,2791.0,3.0,1.0,223.0,3
Built-up  Area,Ready To Move,other,Kaantth,834.0,1.0,1.0,60.0,1
Built-up  Area,Ready To Move,other,Eline P,1374.0,2.0,2.0,95.0,2
Carpet  Area,18-Jul,other,NSezeBr,1375.0,3.0,2.0,70.0,3
Super built-up  Area,Ready To Move,other,Prntsax,469.0,1.0,0.0,25.0,1
Super built-up  Area,Ready To Move,other,Chnts A,1820.0,2.0,3.0,86.0,3
Super built-up  Area,Ready To Move,other,ShshaSa,750.0,1.0,2.0,40.0,1
Super built-up  Area,Ready To Move,other,DSldsen,1641.0,3.0,2.0,66.0,3
Super built-up  Area,Ready To Move,other,RMcesa ,1875.0,3.0,2.0,165.0,3
Built-up  Area,Ready To Move,other,Sohea A,2300.0,3.0,3.0,120.0,3
Super built-up  Area,Ready To Move,other,MSvelek,1240.0,2.0,2.0,60.0,2
Super built-up  Area,Ready To Move,other,VDdonel,1750.0,3.0,1.0,120.0,3
Plot  Area,Ready To Move,other,Hentye ,1500.0,2.0,1.0,87.0,3
Built-up  Area,Ready To Move,other,SMikaay,950.0,2.0,1.0,44.0,2
Super built-up  Area,Ready To Move,other,PaisePa,1045.0,2.0,0.0,45.0,2
Super built-up  Area,Ready To Move,other,SSarlPe,1570.0,3.0,2.0,62.0,3
Built-up  Area,Ready To Move,other,PNncysi,1325.0,3.0,1.0,57.0,3
Super built-up  Area,Ready To Move,other,Krite D,1202.0,2.0,1.0,48.0,2
Super built-up  Area,Ready To Move,other,Srisei ,1200.0,2.0,3.0,62.5,2
Built-up  Area,Ready To Move,other,Soestrn,1020.0,2.0,1.0,52.0,2
Built-up  Area,Ready To Move,other,Alncy R,1100.0,2.0,0.0,48.0,2
Super built-up  Area,Ready To Move,other,RMcesa ,1468.0,2.0,1.0,140.0,2
Super built-up  Area,Ready To Move,other,VMianri,1750.0,3.0,2.0,85.0,3
Super built-up  Area,Ready To Move,other,Prodsth,820.0,2.0,1.0,30.0,2
Built-up  Area,Ready To Move,other,HMRWAyo,1105.0,2.0,2.0,58.0,2
Built-up  Area,Ready To Move,other,Prdowth,920.0,2.0,1.0,40.0,2
Super built-up  Area,Ready To Move,other,BMityre,1602.0,2.0,0.0,75.0,3
Super built-up  Area,Ready To Move,other,Veodsar,1566.0,3.0,1.0,83.3,3
Super built-up  Area,Ready To Move,other,Puestig,1665.0,3.0,2.0,86.58,3
Super built-up  Area,Ready To Move,other,Diacee ,1976.0,3.0,1.0,184.0,3
Built-up  Area,Ready To Move,other,Shyas S,1320.0,3.0,0.0,65.0,3
Plot  Area,Ready To Move,other,Brersld,1200.0,3.0,0.0,95.0,3
Super built-up  Area,Ready To Move,other,Leton A,1180.0,2.0,1.0,69.0,2
Super built-up  Area,Ready To Move,other,Asorai ,1554.0,3.0,2.0,55.0,3
Super built-up  Area,Ready To Move,other,Kesomrn,1282.0,2.0,2.0,87.0,2
Super built-up  Area,Ready To Move,other,Spdoren,1350.0,2.0,3.0,80.0,2
Built-up  Area,Ready To Move,other,Spanda ,650.0,2.0,0.0,42.0,2
Super built-up  Area,Ready To Move,other,Graceik,1485.0,2.0,2.0,67.0,3
Super built-up  Area,Ready To Move,other,VMianri,1141.0,2.0,0.0,62.0,2
Super built-up  Area,Ready To Move,other,ARngsd ,1358.0,2.0,1.0,43.4,3
Super built-up  Area,Ready To Move,other,Gruesaf,1209.0,2.0,1.0,50.0,2
Super built-up  Area,Ready To Move,other,RKncyha,1600.0,2.0,2.0,65.0,3
Super built-up  Area,Ready To Move,other,AritaFe,1563.0,3.0,2.0,52.0,3
Super built-up  Area,Ready To Move,other,PuontBe,1464.0,2.0,3.0,105.0,3
Built-up  Area,Ready To Move,other,Saarea ,1405.0,2.0,2.0,70.0,2
Built-up  Area,Ready To Move,other,Raaden ,1480.0,3.0,2.0,90.0,3
Super built-up  Area,Ready To Move,other,RMncy R,1200.0,2.0,2.0,35.0,2
Plot  Area,Ready To Move,other,CoiewSy,1500.0,3.0,2.0,115.0,3
Super built-up  Area,17-Dec,other,Ceral C,1824.0,3.0,3.0,125.0,3
Super built-up  Area,Ready To Move,other,ShshaSa,1260.0,2.0,1.0,60.0,3
Super built-up  Area,Ready To Move,other,Alivae ,1339.0,2.0,2.0,55.0,2
Super built-up  Area,Ready To Move,other,Saersel,1225.0,2.0,2.0,55.11,2
Built-up  Area,Ready To Move,other,Suncy R,1865.0,3.0,3.0,145.0,3
Super built-up  Area,Ready To Move,other,Srsica ,1039.0,2.0,2.0,80.0,2
Super built-up  Area,Ready To Move,other,PancyRe,1000.0,2.0,1.0,50.0,2
Plot  Area,Ready To Move,other,FeowsMe,6000.0,5.0,3.0,400.0,4
Super built-up  Area,Ready To Move,other,Shyas S,1117.0,2.0,2.0,56.0,2
Carpet  Area,Ready To Move,other,VaoldMa,910.0,2.0,1.0,30.5,2
Built-up  Area,Ready To Move,other,Suiseit,1025.0,2.0,1.0,48.0,3
Super built-up  Area,Ready To Move,other,SihtsHe,1475.0,2.0,2.0,120.0,3
Super built-up  Area,Ready To Move,other,AbnceEs,1133.0,2.0,2.0,55.0,2
Super built-up  Area,Ready To Move,other,Sothin ,856.0,2.0,3.0,40.0,2
Plot  Area,Ready To Move,other,Apavea ,14000.0,3.0,2.0,800.0,4
Built-up  Area,Ready To Move,other,PancyRe,1384.0,3.0,2.0,62.28,3
Built-up  Area,Ready To Move,other,ArnzaFi,1508.0,3.0,2.0,70.25,3
Plot  Area,Ready To Move,other,Lancy R,1240.0,2.0,1.0,60.0,2
Super built-up  Area,Ready To Move,other,BrlisMe,1960.0,3.0,3.0,160.0,3
Super built-up  Area,Ready To Move,other,AritaFe,1600.0,3.0,2.0,52.0,3
Super built-up  Area,Ready To Move,other,Srncy R,1200.0,2.0,2.0,55.0,2
Super built-up  Area,Ready To Move,other,RortsCo,1050.0,2.0,1.0,67.0,2
Super built-up  Area,Ready To Move,other,Puceswn,1596.0,3.0,1.0,105.0,3
Built-up  Area,Ready To Move,other,Sothin ,925.0,2.0,2.0,48.0,2
Super built-up  Area,Ready To Move,other,ArzzaRe,1395.0,2.0,1.0,63.59,2
Super built-up  Area,Ready To Move,other,SJcerpe,1262.0,2.0,2.0,63.0,2
Super built-up  Area,Ready To Move,other,PrestSe,1178.0,2.0,3.0,47.0,2
Built-up  Area,Ready To Move,other,Siourpl,1375.0,2.0,1.0,50.0,3
Built-up  Area,Ready To Move,other,Asene S,1267.0,3.0,2.0,56.0,3
Super built-up  Area,Ready To Move,other,Camesa ,1150.0,2.0,3.0,72.2,2
Super built-up  Area,20-Dec,other,PrarePa,1300.0,3.0,1.0,64.0,3
Built-up  Area,Ready To Move,other,Hoens T,1367.0,2.0,2.0,62.0,2
Carpet  Area,Ready To Move,other,SVon hn,1535.0,3.0,1.0,95.0,3
Super built-up  Area,Ready To Move,other,Ravashw,930.0,2.0,1.0,45.0,2
Built-up  Area,Ready To Move,other,Vaaveeh,1440.0,2.0,2.0,98.0,2
Built-up  Area,Ready To Move,other,Krtiqa ,1100.0,2.0,1.0,60.0,2
Super built-up  Area,Ready To Move,other,GradeMR,1080.0,2.0,2.0,80.0,2
Super built-up  Area,Ready To Move,other,Viiniai,1050.0,2.0,1.0,45.0,2
Built-up  Area,Ready To Move,other,NRnoral,1756.0,3.0,3.0,100.0,3
Super built-up  Area,18-Jun,other,Ozana U,1532.0,3.0,3.0,92.0,3
Built-up  Area,Ready To Move,other,DSncele,1650.0,3.0,0.0,110.0,3
Built-up  Area,Ready To Move,other,Paarklu,1200.0,2.0,2.0,66.0,2
Super built-up  Area,Ready To Move,other,Niimet ,1180.0,2.0,2.0,48.0,2
Super built-up  Area,Ready To Move,other,Asene S,1200.0,2.0,2.0,50.0,2
Super built-up  Area,Ready To Move,other,Laderav,1560.0,2.0,3.0,66.0,3
Super built-up  Area,Ready To Move,other,A rtsai,1400.0,2.0,1.0,73.0,3
Super built-up  Area,Ready To Move,other,MJeusyl,1373.0,3.0,2.0,72.0,3
Super built-up  Area,Ready To Move,other,A idse ,1052.0,2.0,2.0,50.0,2
Super built-up  Area,Ready To Move,other,Cemesti,1390.0,3.0,1.0,120.0,3
Super built-up  Area,18-Apr,other,MNtha A,1378.0,2.0,3.0,42.33,3
Super built-up  Area,Ready To Move,other,SVmesVi,1210.0,2.0,2.0,62.0,2
Built-up  Area,Ready To Move,other,InockHo,1600.0,3.0,0.0,80.0,3
Built-up  Area,Ready To Move,other,Esale O,1300.0,2.0,0.0,60.0,3
Built-up  Area,Ready To Move,other,BSarknd,1100.0,2.0,2.0,50.0,2
Super built-up  Area,Ready To Move,other,Dural C,1269.72,2.0,2.0,68.0,2
Plot  Area,Ready To Move,other,Copust ,1168.0,3.0,0.0,70.0,3
Super built-up  Area,Ready To Move,other,Sancya ,1552.0,2.0,1.0,51.0,2
Super built-up  Area,Ready To Move,other,Shntsan,1300.0,2.0,2.0,65.0,2
Super built-up  Area,Ready To Move,other,DSidePr,1515.0,3.0,3.0,93.93,3
Super built-up  Area,Ready To Move,other,Siisega,3000.0,4.0,3.0,160.0,4
Super built-up  Area,Ready To Move,other,HRnyaAn,2070.0,3.0,3.0,162.0,3
Super built-up  Area,Ready To Move,other,DSineun,1616.0,3.0,1.0,75.0,3
Super built-up  Area,Ready To Move,other,Brtiael,1645.0,3.0,2.0,100.0,3
Built-up  Area,Ready To Move,other,Raiyai ,595.0,1.0,1.0,42.0,1
Built-up  Area,Ready To Move,other,Vaodak ,1410.0,2.0,3.0,67.0,2
Super built-up  Area,Ready To Move,other,SLwernf,1254.0,2.0,1.0,53.0,2
Built-up  Area,Ready To Move,other,TealdEm,1170.0,2.0,2.0,86.0,2
Built-up  Area,Ready To Move,other,Peentn ,2800.0,2.0,0.0,200.0,3
Built-up  Area,Ready To Move,other,Riave E,1000.0,2.0,1.0,50.0,2
Super built-up  Area,Ready To Move,other,NaaveEn,920.0,2.0,0.0,35.0,2
Plot  Area,Ready To Move,other,Prigh L,2028.0,4.0,3.0,162.0,4
Built-up  Area,Ready To Move,other,Raave E,840.0,2.0,2.0,27.0,2
Super built-up  Area,Ready To Move,other,Vadidpl,1670.0,3.0,3.0,91.86,3
Super built-up  Area,Ready To Move,other,ViisePa,1690.0,2.0,2.0,55.0,3
Built-up  Area,Ready To Move,other,Keharya,1250.0,2.0,1.0,80.0,3
Super built-up  Area,Ready To Move,other,Putus L,1296.0,2.0,1.0,75.0,2
Super built-up  Area,Ready To Move,other,Inuseda,800.0,2.0,3.0,50.0,2
Super built-up  Area,Ready To Move,other,Kehts H,1260.0,2.0,2.0,58.0,2
Built-up  Area,Ready To Move,other,DancyRe,1190.0,2.0,2.0,55.0,2
Super built-up  Area,Ready To Move,other,Mauil T,1250.0,2.0,2.0,65.0,2
Super built-up  Area,Ready To Move,other,ShshaSa,1020.0,2.0,1.0,58.0,2
Super built-up  Area,Ready To Move,other,DubowRa,1614.0,3.0,1.0,110.0,3
Super built-up  Area,Ready To Move,other,NCdgerj,1450.0,2.0,2.0,135.0,3
Super built-up  Area,Ready To Move,other,AlEcone,1188.0,2.0,3.0,73.0,2
Plot  Area,Ready To Move,other,Clood E,2400.0,2.0,1.0,95.0,2
Super built-up  Area,Ready To Move,other,Mames M,1150.0,2.0,2.0,63.0,2
Super built-up  Area,Ready To Move,other,SoniaPe,2479.13,3.0,1.0,215.0,3
Built-up  Area,19-Mar,other,GKncysi,1068.0,2.0,1.0,40.05,2
Super built-up  Area,Ready To Move,other,Samesan,1000.0,2.0,1.0,36.0,2
Super built-up  Area,Ready To Move,other,VBavaai,1130.0,3.0,1.0,38.0,3
Super built-up  Area,Ready To Move,other,MaaveEn,1550.0,2.0,3.0,70.0,3
Super built-up  Area,Ready To Move,other,Soe 2as,1329.0,2.0,2.0,45.95,3
Super built-up  Area,Ready To Move,other,Prareth,916.0,2.0,1.0,42.0,2
Super built-up  Area,Ready To Move,other,Sholaya,1358.0,3.0,3.0,50.0,3
Super built-up  Area,18-Dec,other,DSdidSp,1936.0,2.0,2.0,54.21,3
Super built-up  Area,Ready To Move,other,K dotna,2172.65,3.0,3.0,120.0,4
Built-up  Area,Ready To Move,other,Suncy R,1685.0,2.0,1.0,110.0,3
Super built-up  Area,Ready To Move,other,PuontBe,1700.0,3.0,2.0,130.0,3
Built-up  Area,Ready To Move,other,Siise R,850.0,2.0,1.0,33.0,2
Built-up  Area,Ready To Move,other,Jeshan ,500.0,1.0,0.0,20.0,1
Super built-up  Area,Ready To Move,other,Reicace,1765.0,3.0,3.0,105.0,3
Super built-up  Area,Ready To Move,other,Dural C,1265.0,2.0,3.0,70.0,2
Super built-up  Area,Ready To Move,other,AkletBa,2045.0,4.0,3.0,154.0,3
Super built-up  Area,17-Aug,other,Sothin ,925.0,2.0,2.0,51.0,2
Built-up  Area,Ready To Move,other,Dhnts A,1415.0,2.0,3.0,110.0,2
Super built-up  Area,Ready To Move,other,Aaityi ,1210.0,2.0,2.0,60.0,2
Super built-up  Area,Ready To Move,other,SodilDa,1840.0,3.0,2.0,155.0,3
Super built-up  Area,18-Dec,other,Marnara,1109.0,2.0,1.0,60.0,2
Built-up  Area,Ready To Move,other,Arnorya,1533.0,3.0,2.0,115.0,3
Super built-up  Area,Ready To Move,other,Prlmsge,1352.0,2.0,2.0,87.5,2
Built-up  Area,Ready To Move,other,Paion P,1560.0,3.0,2.0,85.0,3
Super built-up  Area,Ready To Move,other,NeendLe,1375.0,2.0,3.0,85.0,3
Super built-up  Area,18-Jul,other,Plowsri,1440.0,2.0,2.0,60.33,3
Super built-up  Area,Ready To Move,other,Saeina ,975.0,2.0,1.0,43.0,2
Super built-up  Area,Ready To Move,other,Inasy E,1550.0,2.0,2.0,65.0,3
Super built-up  Area,Ready To Move,other,Ceste C,1775.0,3.0,3.0,110.0,3
Built-up  Area,Ready To Move,other,SVstos ,1500.0,3.0,2.0,88.0,3
Built-up  Area,Ready To Move,other,Sioma A,1010.0,2.0,2.0,46.0,2
Super built-up  Area,Ready To Move,other,DubowRa,1140.0,2.0,1.0,76.0,2
Super built-up  Area,Ready To Move,other,Gintsar,1000.0,1.0,1.0,55.0,2
Super built-up  Area,21-May,other,Sourtal,1934.0,3.0,2.0,150.0,3
Super built-up  Area,Ready To Move,other,GMentAp,936.0,2.0,2.0,42.0,2
Built-up  Area,Ready To Move,other,Caiseha,1020.0,2.0,1.0,37.0,2
Super built-up  Area,Ready To Move,other,Mavelr ,1520.0,2.0,3.0,62.0,2
Super built-up  Area,Ready To Move,other,KuisePa,1850.0,3.0,1.0,168.0,3
Super built-up  Area,18-Apr,other,Aaniaa ,946.0,2.0,1.0,38.0,2
Super built-up  Area,Ready To Move,other,Dhows M,1040.0,2.0,2.0,46.0,2
Super built-up  Area,Ready To Move,other,Krtiqa ,1100.0,2.0,1.0,60.0,2
Super built-up  Area,Ready To Move,other,Saitya ,1760.0,3.0,2.0,145.0,3
Super built-up  Area,Ready To Move,other,GRe 2iv,1100.0,2.0,1.0,52.0,2
Built-up  Area,Ready To Move,other,PlhtsHe,1942.0,3.0,2.0,102.0,3
Built-up  Area,Ready To Move,other,Swhtsna,1000.0,2.0,2.0,53.0,2
Super built-up  Area,Ready To Move,other,Vidil D,1022.0,2.0,2.0,52.0,2
Super built-up  Area,Ready To Move,other,ArnzaFi,1533.0,3.0,2.0,85.0,3
Super built-up  Area,Ready To Move,other,SastyDy,1475.0,3.0,2.0,70.0,3
Super built-up  Area,Ready To Move,other,EGdiaAr,605.0,1.0,1.0,29.0,1
Super built-up  Area,Ready To Move,other,ElaleSp,1452.55,2.0,3.0,110.0,2
Super built-up  Area,Ready To Move,other,Rakulai,1170.0,2.0,3.0,105.0,2
Super built-up  Area,Ready To Move,other,Prlmsge,1352.0,2.0,2.0,85.0,2
Super built-up  Area,Ready To Move,other,Saent A,1550.0,2.0,2.0,90.0,3
Built-up  Area,Ready To Move,other,MancyRe,1405.0,2.0,2.0,77.0,3
Built-up  Area,Ready To Move,other,PlhtsHe,1945.0,3.0,3.0,120.0,3
Super built-up  Area,Ready To Move,other,Puodse ,1360.0,2.0,1.0,59.27,3
Super built-up  Area,Ready To Move,other,A idse ,1065.0,2.0,2.0,50.0,2
Built-up  Area,Ready To Move,other,Skarkev,1030.0,2.0,3.0,61.0,2
Super built-up  Area,Ready To Move,other,Etuney ,1107.0,2.0,2.0,33.0,2
Super built-up  Area,Ready To Move,other,DNtonri,1520.0,3.0,3.0,80.0,3
Super built-up  Area,Ready To Move,other,Viiniai,1050.0,2.0,1.0,38.0,2
Super built-up  Area,18-Jul,other,RRnumn ,2072.0,3.0,2.0,108.0,3
Super built-up  Area,Ready To Move,other,Saeur G,1210.0,2.0,2.0,72.0,2
Super built-up  Area,Ready To Move,other,NCiteEl,1170.0,2.0,2.0,68.0,2
Super built-up  Area,Ready To Move,other,Sraveks,1035.0,2.0,2.0,38.3,2
Super built-up  Area,Ready To Move,other,Shyas S,1200.0,2.0,2.0,60.0,2
Built-up  Area,Ready To Move,other,Prineth,955.0,1.0,2.0,34.01,2
Super built-up  Area,Ready To Move,other,ShourSp,1370.0,2.0,2.0,75.0,3
Super built-up  Area,Ready To Move,other,BMtusLo,1187.0,2.0,2.0,45.0,2
Plot  Area,Ready To Move,other,Raourpl,3000.0,2.0,2.0,120.0,3
Super built-up  Area,Ready To Move,other,Maierr ,1100.0,2.0,2.0,55.0,2
Super built-up  Area,Ready To Move,other,Jants V,1900.0,3.0,3.0,160.0,3
Built-up  Area,Ready To Move,other,Suiseit,1025.0,2.0,0.0,37.0,3
Super built-up  Area,Ready To Move,other,Bancyri,4500.0,5.0,3.0,250.0,7
Built-up  Area,Ready To Move,other,Mae 2ow,1020.0,2.0,2.0,40.0,2
Super built-up  Area,Ready To Move,other,GSnts A,1051.0,2.0,1.0,33.0,2
Super built-up  Area,Ready To Move,other,ViisePa,1455.0,2.0,2.0,56.0,3
Built-up  Area,Ready To Move,other,KsonsCa,1070.0,2.0,2.0,50.0,2
Super built-up  Area,Ready To Move,other,ShshaSa,1020.0,2.0,1.0,42.48,2
Super built-up  Area,Ready To Move,other,Rainet ,1300.0,2.0,1.0,49.0,3
Super built-up  Area,Ready To Move,other,Aconyit,1535.0,3.0,1.0,55.0,3
Super built-up  Area,Ready To Move,other,Drerspe,1300.0,2.0,2.0,80.0,2
Super built-up  Area,Ready To Move,other,Ceste C,2167.0,3.0,3.0,170.0,3
Super built-up  Area,Ready To Move,other,MJarlPe,1165.0,2.0,2.0,75.0,2
Super built-up  Area,Ready To Move,other,NianaKe,780.0,2.0,2.0,25.0,2
Super built-up  Area,Ready To Move,other,ALtonea,1121.0,2.0,1.0,43.72,2
Carpet  Area,Ready To Move,other,CharkR ,1043.0,2.0,2.0,55.0,2
Super built-up  Area,Ready To Move,other,Shmolti,1357.0,2.0,2.0,65.0,3
Built-up  Area,Ready To Move,other,Rilor C,1180.0,2.0,2.0,100.0,2
Super built-up  Area,Ready To Move,other,SSoraba,1110.0,2.0,2.0,51.0,2
Built-up  Area,Ready To Move,other,Goe 3la,960.0,2.0,2.0,32.0,2
Built-up  Area,Ready To Move,other,SPontna,799.0,2.0,1.0,38.0,2
Super built-up  Area,Ready To Move,other,Sancya ,1460.0,3.0,2.0,88.0,3
Super built-up  Area,Ready To Move,other,DSureSi,1685.0,3.0,2.0,95.0,3
Plot  Area,Ready To Move,other,FeowsMe,4000.0,5.0,1.0,280.0,4
Built-up  Area,Ready To Move,other,KuncyRe,1060.0,2.0,2.0,45.0,2
Super built-up  Area,Ready To Move,other,Veisear,1675.0,3.0,3.0,75.0,3
Built-up  Area,Ready To Move,other,Sanetra,1147.0,2.0,1.0,54.0,2
Super built-up  Area,Ready To Move,other,HintsAp,1100.0,2.0,2.0,40.0,2
Built-up  Area,Ready To Move,other,Krestee,2100.0,3.0,1.0,75.0,3
Super built-up  Area,Ready To Move,other,Tencyes,1400.0,2.0,3.0,67.0,3
Super built-up  Area,Ready To Move,other,Shise P,1210.0,2.0,3.0,55.0,2
Super built-up  Area,Ready To Move,other,PintsAp,1550.0,3.0,2.0,74.0,3
Super built-up  Area,Ready To Move,other,DShtsow,794.0,1.0,1.0,60.0,1
Super built-up  Area,Ready To Move,other,VDenaWa,2800.0,3.0,2.0,250.0,3
Super built-up  Area,Ready To Move,other,Srhan P,1665.0,3.0,3.0,70.0,3
Plot  Area,Ready To Move,other,PrstaTe,4051.0,4.0,3.0,345.0,4
Super built-up  Area,Ready To Move,other,Saestde,1900.0,3.0,2.0,60.0,3
Super built-up  Area,Ready To Move,other,AriosHe,1308.0,2.0,2.0,92.66,2
Built-up  Area,Ready To Move,other,Coner C,1991.0,3.0,2.0,160.0,3
Super built-up  Area,Ready To Move,other,GMilse ,1325.0,2.0,2.0,70.0,2
Built-up  Area,Ready To Move,other,ARineha,2220.0,4.0,2.0,65.0,3
Super built-up  Area,Ready To Move,other,ARnamru,1160.0,2.0,1.0,41.75,2
Built-up  Area,Ready To Move,other,Pralmat,900.0,2.0,1.0,45.0,2
Built-up  Area,Ready To Move,other,Krllael,1200.0,2.0,2.0,50.0,2
Super built-up  Area,Ready To Move,other,Shensit,1364.0,2.0,2.0,70.0,2
Super built-up  Area,Ready To Move,other,Laowsba,1110.0,2.0,2.0,41.0,2
Built-up  Area,Ready To Move,other,Puodse ,1156.0,2.0,2.0,49.5,2
Super built-up  Area,Ready To Move,other,Sorisa ,1672.0,3.0,2.0,150.0,3
Super built-up  Area,Ready To Move,other,RMcesa ,1468.0,3.0,2.0,130.0,2
Super built-up  Area,Ready To Move,other,Mazler ,1166.0,2.0,1.0,53.0,2
Built-up  Area,Ready To Move,other,SoersTo,1190.0,3.0,1.0,55.0,3
Super built-up  Area,Ready To Move,other,Mandsi ,1350.0,2.0,2.0,68.0,3
Super built-up  Area,Ready To Move,other,Sheurre,1300.0,2.0,2.0,61.0,2
Super built-up  Area,Ready To Move,other,Niine J,1200.0,2.0,0.0,90.0,2
Built-up  Area,Ready To Move,other,Niidet ,1460.0,2.0,3.0,73.0,3
Built-up  Area,Ready To Move,other,Srncykh,1070.0,2.0,1.0,35.0,2
Super built-up  Area,Ready To Move,other,Gonoril,1125.0,2.0,1.0,75.0,2
Built-up  Area,Ready To Move,other,Puceswn,1596.0,3.0,0.0,95.0,3
Built-up  Area,Ready To Move,other,ShanaSp,1639.0,3.0,3.0,123.0,3
Super built-up  Area,Ready To Move,other,Undge T,2363.0,5.0,2.0,120.0,4
Built-up  Area,Ready To Move,other,PNncysi,885.0,2.0,3.0,40.0,2
Built-up  Area,Ready To Move,other,Saavear,925.0,2.0,2.0,63.0,2
Super built-up  Area,Ready To Move,other,Puceswn,1570.0,3.0,1.0,115.0,3
Super built-up  Area,Ready To Move,other,Puestig,1665.0,3.0,2.0,86.91,3
Super built-up  Area,Ready To Move,other,Prone M,1350.0,2.0,1.0,87.01,3
Built-up  Area,Ready To Move,other,Haows M,1200.0,2.0,3.0,50.0,2
Super built-up  Area,Ready To Move,other,Apitea ,1340.0,3.0,3.0,77.0,3
Super built-up  Area,Ready To Move,other,Mas 2 H,1800.0,3.0,2.0,70.0,3
Super built-up  Area,Ready To Move,other,Sothin ,925.0,2.0,3.0,42.0,2
Super built-up  Area,Ready To Move,other,ARntyne,1230.0,2.0,2.0,57.0,2
Super built-up  Area,Ready To Move,other,Phhidx ,1300.0,2.0,2.0,65.0,2
Built-up  Area,Ready To Move,other,Raiyai ,596.0,1.0,1.0,42.0,1
Plot  Area,Ready To Move,other,UpowsMe,1200.0,4.0,3.0,110.0,4
Built-up  Area,Ready To Move,other,ShentAp,1405.0,2.0,2.0,70.0,3
Built-up  Area,Ready To Move,other,Sorisa ,1750.0,3.0,3.0,149.0,3
Super built-up  Area,Ready To Move,other,Puodse ,1360.0,2.0,1.0,65.0,3
Super built-up  Area,19-Jun,other,Sancy R,985.0,2.0,1.0,63.0,2
Super built-up  Area,Ready To Move,other,Srowsee,1490.0,2.0,3.0,88.0,3
Super built-up  Area,Ready To Move,other,VBavaai,620.0,1.0,1.0,25.0,2
Super built-up  Area,Ready To Move,other,BaiseBa,1080.0,2.0,2.0,55.0,2
Plot  Area,Ready To Move,other,Sreat R,4428.0,4.0,2.0,255.0,4
Super built-up  Area,Ready To Move,other,Jaangm ,1301.0,2.0,2.0,55.0,2
Super built-up  Area,Ready To Move,other,DShtsow,794.0,1.0,2.0,65.0,1
Super built-up  Area,Ready To Move,other,Radhian,902.0,2.0,2.0,42.0,2
Super built-up  Area,Ready To Move,other,Vestas ,1845.0,3.0,3.0,91.0,3
Super built-up  Area,Ready To Move,other,Puownm ,1676.0,3.0,3.0,52.0,3
Super built-up  Area,Ready To Move,other,FoGemna,1374.0,2.0,2.0,70.0,3
Super built-up  Area,Ready To Move,other,BMmesHo,1240.0,2.0,2.0,52.6,2
Built-up  Area,15-Jun,other,SRzonhu,1500.0,2.0,0.0,97.0,3
Carpet  Area,Ready To Move,other,Glnetch,1203.0,2.0,1.0,59.86,2
Super built-up  Area,Ready To Move,other,Suensda,1600.0,3.0,2.0,76.0,3
Built-up  Area,Ready To Move,other,SantsAp,1100.0,2.0,2.0,50.0,2
Plot  Area,Ready To Move,other,Keersto,2400.0,2.0,1.0,160.0,2
Super built-up  Area,Ready To Move,other,Mania G,1000.0,2.0,1.0,48.5,2
Super built-up  Area,Ready To Move,other,Veodsar,1302.0,2.0,1.0,69.1,2
Super built-up  Area,Ready To Move,other,BMmesHo,1488.0,2.0,3.0,60.0,3
Super built-up  Area,Ready To Move,other,ICoolon,861.0,2.0,1.0,35.0,2
Super built-up  Area,Ready To Move,other,Naods W,1390.0,2.0,2.0,80.0,3
Super built-up  Area,Ready To Move,other,Jaers S,1159.0,2.0,1.0,60.0,2
Super built-up  Area,Ready To Move,other,Prone M,1350.0,2.0,2.0,80.99,3
Plot  Area,Ready To Move,other,Hentye ,1500.0,3.0,1.0,87.0,3
Super built-up  Area,Ready To Move,other,ETens G,1839.0,3.0,3.0,165.0,3
Built-up  Area,Ready To Move,other,VaasaPr,1100.0,2.0,1.0,46.0,2
Built-up  Area,Ready To Move,other,Mancyhi,1200.0,2.0,2.0,55.0,2
Super built-up  Area,Ready To Move,other,Flretes,1200.0,2.0,2.0,60.0,2
Built-up  Area,Ready To Move,other,Kiagar ,1650.0,2.0,1.0,52.0,3
Super built-up  Area,21-May,other,Sourtal,1559.0,3.0,2.0,127.0,3
Built-up  Area,Ready To Move,other,Nastadr,1100.0,2.0,1.0,38.0,2
Super built-up  Area,Ready To Move,other,GathiVa,1750.0,3.0,3.0,150.0,3
Super built-up  Area,Ready To Move,other,Radenta,1896.0,3.0,1.0,125.0,4
Built-up  Area,Ready To Move,other,Dhise P,1605.0,2.0,3.0,85.0,3
Built-up  Area,Ready To Move,other,SNpalaj,1140.0,2.0,2.0,65.0,2
Super built-up  Area,Ready To Move,other,Ajomaa ,1205.0,2.0,2.0,60.0,2
Super built-up  Area,Ready To Move,other,Kencyes,1255.0,2.0,1.0,80.0,2
Super built-up  Area,Ready To Move,other,ETens G,1904.0,3.0,3.0,155.0,3
Super built-up  Area,Ready To Move,other,IBaveen,2135.0,3.0,2.0,160.0,3
Super built-up  Area,Ready To Move,other,Mania G,1000.0,2.0,1.0,58.0,2
Super built-up  Area,Ready To Move,other,GMentAp,936.0,2.0,2.0,43.0,2
Super built-up  Area,Ready To Move,other,GMilse ,1325.0,2.0,1.0,70.0,2
Built-up  Area,Ready To Move,other,Mamesi ,1100.0,2.0,1.0,50.0,2
Plot  Area,Ready To Move,other,Vahid O,2776.0,4.0,2.0,195.0,3
Super built-up  Area,Ready To Move,other,Rallaa ,1185.0,2.0,1.0,85.0,2
Super built-up  Area,Ready To Move,other,Aconyit,1265.0,2.0,1.0,82.0,3
Super built-up  Area,Ready To Move,other,SoliaMa,2000.0,3.0,2.0,160.0,3
Super built-up  Area,Ready To Move,other,Prlmsge,1352.0,2.0,2.0,75.0,2
Built-up  Area,Ready To Move,other,Siite E,1300.0,2.0,2.0,70.0,3
Super built-up  Area,Ready To Move,other,PrncyRe,1080.0,2.0,1.0,45.0,2
Super built-up  Area,Ready To Move,other,PrpiaSr,1532.0,3.0,1.0,115.0,3
Plot  Area,Ready To Move,other,Pudgear,3100.0,3.0,3.0,250.0,3
Super built-up  Area,Ready To Move,other,SApusnu,1827.0,3.0,3.0,100.0,3
Super built-up  Area,Ready To Move,other,Srayatr,1210.0,2.0,1.0,75.0,2
Super built-up  Area,Ready To Move,other,Srmitev,1500.0,3.0,3.0,95.0,3
Super built-up  Area,Ready To Move,other,GancyRe,1000.0,2.0,2.0,36.0,2
Super built-up  Area,Ready To Move,other,Vaw 2il,1180.0,2.0,2.0,63.0,2
Built-up  Area,Ready To Move,other,Fants A,2270.0,3.0,1.0,180.0,3
Super built-up  Area,Ready To Move,other,Pridsi ,1305.0,2.0,1.0,59.0,3
Super built-up  Area,Ready To Move,other,Coona A,1400.0,2.0,3.0,78.0,2
Built-up  Area,Ready To Move,other,Viaxy G,1155.0,2.0,0.0,60.0,3
Built-up  Area,Ready To Move,other,ArnzaFi,1540.0,3.0,2.0,68.0,3
Super built-up  Area,Ready To Move,other,Itala A,1645.0,3.0,2.0,95.0,3
Super built-up  Area,Ready To Move,other,Undge T,2342.0,3.0,2.0,115.0,4
Super built-up  Area,Ready To Move,other,MDoseim,1056.0,2.0,2.0,33.0,2
Super built-up  Area,18-Apr,other,MNtha A,1161.0,2.0,2.0,36.69,2
Super built-up  Area,Ready To Move,other,Koowsis,1097.0,2.0,3.0,65.0,2
Built-up  Area,Ready To Move,other,VBavaai,620.0,2.0,1.0,22.0,2
Built-up  Area,Ready To Move,other,NCondia,1100.0,2.0,1.0,45.0,2
Super built-up  Area,Ready To Move,other,Metrais,1280.0,2.0,1.0,49.75,2
Super built-up  Area,Ready To Move,other,Prowshi,4104.0,4.0,3.0,360.0,4
Built-up  Area,Ready To Move,other,Pathira,965.0,2.0,2.0,48.0,2
Super built-up  Area,Ready To Move,other,Goourta,1505.0,2.0,2.0,90.0,2
Super built-up  Area,Ready To Move,other,IDldsin,1810.0,4.0,3.0,148.0,3
Super built-up  Area,Ready To Move,other,MJarlPe,1530.0,2.0,1.0,97.0,3
Built-up  Area,Ready To Move,other,Karchru,1500.0,3.0,2.0,70.0,3
Super built-up  Area,Ready To Move,other,InockHo,1600.0,3.0,3.0,72.0,3
Super built-up  Area,Ready To Move,other,Inion P,2500.0,3.0,3.0,75.0,3
Super built-up  Area,Ready To Move,other,Ciques ,1400.0,2.0,2.0,80.0,2
Super built-up  Area,Ready To Move,other,Prntsax,745.0,2.0,0.0,50.0,2
Built-up  Area,Ready To Move,other,Grmes L,1460.0,3.0,2.0,70.0,3
Super built-up  Area,Ready To Move,other,ZeodsWo,833.0,1.0,1.0,49.0,1
Built-up  Area,Ready To Move,other,Papusa ,1220.0,2.0,2.0,68.0,2
Super built-up  Area,Ready To Move,other,Patust ,1545.0,3.0,3.0,85.0,3
Built-up  Area,Ready To Move,other,Prdenth,780.0,2.0,1.0,35.0,2
Super built-up  Area,Ready To Move,other,DStra S,1350.0,2.0,2.0,41.0,2
Built-up  Area,Ready To Move,other,V2avei ,1428.0,2.0,1.0,80.0,3
Super built-up  Area,Ready To Move,other,NDpalSe,1146.0,2.0,3.0,55.0,2
Super built-up  Area,Ready To Move,other,Seasare,1096.0,2.0,2.0,48.0,2
Super built-up  Area,Ready To Move,other,Pridsi ,1305.0,2.0,1.0,60.0,3
Super built-up  Area,Ready To Move,other,Gonoril,1655.0,3.0,2.0,155.0,3
Super built-up  Area,Ready To Move,other,Jaanaa ,1200.0,2.0,2.0,75.0,2
Super built-up  Area,Ready To Move,other,Sanumn ,1235.0,2.0,2.0,60.0,2
Built-up  Area,Ready To Move,other,Viers S,1225.0,3.0,3.0,60.0,3
Built-up  Area,Ready To Move,other,SrarkSk,1550.0,2.0,1.0,60.0,3
Super built-up  Area,Ready To Move,other,LoentKr,1650.0,3.0,2.0,75.0,3
Built-up  Area,Ready To Move,other,Srvasi ,1113.0,2.0,2.0,46.0,2
Super built-up  Area,Ready To Move,other,ElentAp,1730.0,3.0,3.0,140.0,3
Carpet  Area,Ready To Move,other,Mae 1Ar,1050.0,2.0,3.0,40.0,2
Built-up  Area,Ready To Move,other,Niarknt,1758.0,3.0,2.0,95.0,3
Super built-up  Area,Ready To Move,other,Srsica ,1342.0,3.0,3.0,92.0,3
Super built-up  Area,Ready To Move,other,CoaveAt,909.0,2.0,1.0,40.0,3
Built-up  Area,Ready To Move,other,DiaveEn,1000.0,2.0,2.0,48.0,2
Super built-up  Area,Ready To Move,other,Itala A,1645.0,3.0,2.0,87.5,3
Super built-up  Area,Ready To Move,other,Viium E,1252.0,2.0,2.0,55.0,2
Super built-up  Area,Ready To Move,other,Goourta,2600.0,3.0,2.0,140.0,3
Super built-up  Area,Ready To Move,other,VMlet C,1450.0,3.0,3.0,68.0,3
Super built-up  Area,Ready To Move,other,Keony H,2431.0,3.0,1.0,100.0,3
Super built-up  Area,Ready To Move,other,Tepleee,1155.0,2.0,3.0,56.0,2
Super built-up  Area,Ready To Move,other,Siilka ,1235.0,2.0,2.0,65.0,2
Super built-up  Area,Ready To Move,other,Prone M,1300.0,3.0,2.0,77.99,3
Built-up  Area,Ready To Move,other,Saeur G,1365.0,3.0,2.0,60.0,2
Built-up  Area,Ready To Move,other,RRersow,1550.0,3.0,1.0,75.0,3
Super built-up  Area,Ready To Move,other,Swhtsna,1100.0,2.0,1.0,45.0,2
Super built-up  Area,Ready To Move,other,Dovel M,1590.0,3.0,0.0,120.0,3
Super built-up  Area,Ready To Move,other,ARngsd ,1358.0,2.0,1.0,43.1,3
Built-up  Area,Ready To Move,other,Hoens T,1367.0,2.0,2.0,62.0,2
Built-up  Area,Ready To Move,other,Asncyes,1560.0,2.0,2.0,145.0,2
Built-up  Area,Ready To Move,other,Skarkev,1340.0,2.0,3.0,77.0,2
Super built-up  Area,Ready To Move,other,ShshaSa,1300.0,2.0,1.0,63.0,3
Built-up  Area,Ready To Move,other,Dwity T,1135.0,2.0,2.0,32.91,2
Super built-up  Area,Ready To Move,other,Srowsrj,1665.0,3.0,2.0,105.0,3
Super built-up  Area,17-Dec,other,SaareNo,1220.0,2.0,2.0,48.79,2
Super built-up  Area,18-Jul,other,Mamespa,2370.0,4.0,2.0,195.0,3
Super built-up  Area,Ready To Move,other,DSvil S,1100.0,2.0,1.0,46.0,2
Super built-up  Area,Ready To Move,other,Salms G,1065.0,2.0,1.0,58.0,2
Super built-up  Area,Ready To Move,other,Saitya ,1342.0,2.0,2.0,115.0,2
Super built-up  Area,Ready To Move,other,Feissx ,1004.0,2.0,1.0,49.0,2
Built-up  Area,Ready To Move,other,Mallad ,1450.0,3.0,3.0,42.0,3
Plot  Area,18-Feb,other,V2gesre,1200.0,3.0,2.0,72.0,3
Super built-up  Area,Ready To Move,other,Inasy E,1125.0,2.0,2.0,40.0,2
Super built-up  Area,Ready To Move,other,AritaFe,1388.0,3.0,3.0,69.99,3
Super built-up  Area,Ready To Move,other,Vaurtar,1176.0,2.0,2.0,44.0,2
Built-up  Area,Ready To Move,other,TealdEm,1170.0,2.0,2.0,86.0,2
Plot  Area,Ready To Move,other,Prsisge,4830.0,5.0,1.0,390.0,4
Carpet  Area,Ready To Move,other,Malmsri,1103.0,2.0,1.0,55.0,2
Super built-up  Area,Ready To Move,other,MJeusyl,1577.0,3.0,2.0,67.0,3
Built-up  Area,Ready To Move,other,Inion P,1600.0,3.0,1.0,64.0,3
Super built-up  Area,Ready To Move,other,Goourta,2065.0,3.0,2.0,130.0,3
Built-up  Area,Ready To Move,other,DStra S,1115.0,2.0,0.0,46.0,2
Built-up  Area,Ready To Move,other,ThBayah,3080.0,2.0,1.0,285.0,4
Carpet  Area,Ready To Move,other,Niiman ,1130.0,2.0,1.0,52.0,2
Super built-up  Area,Ready To Move,other,Lehidrc,1100.0,2.0,1.0,85.0,2
Super built-up  Area,21-May,other,Sourtal,1559.0,3.0,2.0,120.0,3
Built-up  Area,Ready To Move,other,Shestth,1550.0,2.0,2.0,79.0,3
Super built-up  Area,Ready To Move,other,Saavenc,1540.0,2.0,2.0,70.0,3
Super built-up  Area,Ready To Move,other,Wiaysld,1230.0,2.0,1.0,58.0,2
Super built-up  Area,Ready To Move,other,ACopsva,950.0,2.0,1.0,40.0,2
Super built-up  Area,Ready To Move,other,Priewhi,1010.0,2.0,1.0,40.0,2
Super built-up  Area,Ready To Move,other,Sariana,1508.0,3.0,1.0,75.0,3
Super built-up  Area,Ready To Move,other,Alows M,1110.0,2.0,2.0,58.0,2
Super built-up  Area,19-Jan,other,Hanar I,999.0,2.0,1.0,43.66,2
Super built-up  Area,Ready To Move,other,Srayatr,1265.0,2.0,1.0,78.0,2
Super built-up  Area,Ready To Move,other,Goezell,1180.0,2.0,2.0,40.0,2
Super built-up  Area,Ready To Move,other,May 2ge,1060.0,2.0,2.0,42.0,2
Built-up  Area,Ready To Move,other,Ablmsol,1495.0,2.0,2.0,75.0,3
Built-up  Area,Ready To Move,other,Myace P,1450.0,2.0,2.0,81.0,3
Super built-up  Area,Ready To Move,other,Malmsri,1143.0,2.0,1.0,62.0,2
Built-up  Area,Ready To Move,other,ACopsva,1280.0,2.0,2.0,45.0,3
Super built-up  Area,Ready To Move,other,PSterAs,1070.0,2.0,2.0,33.15,2
Super built-up  Area,Ready To Move,other,Raiyai ,600.0,1.0,1.0,43.0,1
Built-up  Area,Ready To Move,other,Maest N,925.0,2.0,2.0,48.0,2
Super built-up  Area,Ready To Move,other,Vehida ,1062.0,2.0,2.0,47.0,2
Built-up  Area,Ready To Move,other,Sueesti,1477.0,2.0,2.0,80.0,3
Super built-up  Area,Ready To Move,other,Sonumy ,1793.0,3.0,2.0,98.0,3
Super built-up  Area,Ready To Move,other,Saaveir,960.0,2.0,1.0,33.0,2
Super built-up  Area,Ready To Move,other,VBavaai,620.0,2.0,1.0,23.0,2
Super built-up  Area,Ready To Move,other,SNtua S,3300.0,5.0,3.0,318.0,4
Super built-up  Area,Ready To Move,other,GRvasth,2250.0,3.0,1.0,113.0,3
Super built-up  Area,Ready To Move,other,Rarelt ,985.0,2.0,1.0,55.0,2
Super built-up  Area,Ready To Move,other,Viockit,1643.0,3.0,2.0,75.0,3
Built-up  Area,Ready To Move,other,InockHo,1740.0,3.0,2.0,55.0,3
Built-up  Area,Ready To Move,other,V2gesre,2600.0,3.0,1.0,95.0,4
Built-up  Area,Ready To Move,other,Rarelt ,1350.0,2.0,3.0,68.0,3
Super built-up  Area,Ready To Move,other,Shhin S,1310.0,2.0,3.0,68.0,3
Built-up  Area,Ready To Move,other,Maenara,1350.0,3.0,1.0,60.0,3
Super built-up  Area,Ready To Move,other,Saitya ,1760.0,3.0,2.0,160.0,3
Super built-up  Area,Ready To Move,other,SrentAp,1200.0,2.0,0.0,42.0,2
Built-up  Area,Ready To Move,other,Matrai ,1100.0,2.0,1.0,78.0,2
Super built-up  Area,Ready To Move,other,Pridsi ,1305.0,2.0,1.0,59.0,3
Super built-up  Area,Ready To Move,other,Patri M,937.0,2.0,1.0,35.0,2
Built-up  Area,Ready To Move,other,Koillph,1475.0,3.0,3.0,78.0,3
Super built-up  Area,Ready To Move,other,Rilor C,1255.0,2.0,3.0,120.0,2
Super built-up  Area,Ready To Move,other,Shbhi S,905.0,2.0,1.0,40.0,2
Built-up  Area,Ready To Move,other,VRdelit,1277.0,2.0,2.0,59.0,2
Super built-up  Area,Ready To Move,other,ALtonea,1442.0,3.0,2.0,56.24,3
Super built-up  Area,Ready To Move,other,APusenc,1233.0,2.0,3.0,100.0,2
Super built-up  Area,Ready To Move,other,Nisisn ,1090.0,2.0,1.0,54.0,2
Built-up  Area,Ready To Move,other,NaaveEn,1100.0,2.0,2.0,57.0,2
Super built-up  Area,Ready To Move,other,Shireru,1425.0,2.0,2.0,65.0,3
Built-up  Area,Ready To Move,other,VMowsea,2050.0,3.0,1.0,100.0,4
Super built-up  Area,Ready To Move,other,Suiseit,1275.0,3.0,1.0,59.0,3
Super built-up  Area,Ready To Move,other,MJeusyl,1253.0,2.0,2.0,57.0,2
Super built-up  Area,Ready To Move,other,Sanstya,1652.5,3.0,2.0,90.0,3
Super built-up  Area,Ready To Move,other,PrBayGa,2159.0,3.0,2.0,110.0,3
Built-up  Area,Ready To Move,other,SaageWi,1680.0,3.0,3.0,135.0,3
Super built-up  Area,Ready To Move,other,Maenara,1265.0,2.0,1.0,58.0,2
Built-up  Area,Ready To Move,other,SiidsGa,1035.0,2.0,2.0,44.0,2
Built-up  Area,Ready To Move,other,CMhidal,1090.0,2.0,2.0,45.0,2
Super built-up  Area,Ready To Move,other,Makeser,1000.0,2.0,1.0,36.0,2
Built-up  Area,Ready To Move,other,DSestil,1440.0,2.0,0.0,70.0,3
Built-up  Area,Ready To Move,other,Suiseit,1126.0,2.0,2.0,39.0,2
Super built-up  Area,Ready To Move,other,LendaVi,1760.0,2.0,1.0,116.0,3
Super built-up  Area,Ready To Move,other,KencyRe,1430.0,2.0,1.0,69.5,3
Super built-up  Area,Ready To Move,other,Sorisa ,1670.0,3.0,2.0,160.0,3
Super built-up  Area,Ready To Move,other,ISeekon,1410.0,2.0,2.0,75.0,2
Super built-up  Area,Ready To Move,other,Chiteny,900.0,2.0,3.0,50.0,2
Super built-up  Area,Ready To Move,other,Raide P,1776.0,2.0,3.0,75.0,3
Super built-up  Area,19-Dec,other,DSapeto,1347.0,2.0,1.0,37.72,3
Super built-up  Area,Ready To Move,other,Vaent V,1200.0,2.0,2.0,52.5,2
Built-up  Area,Ready To Move,other,VMlet C,1539.0,3.0,2.0,60.0,3
Super built-up  Area,20-Dec,other,PrarePa,1100.0,2.0,1.0,53.0,3
Super built-up  Area,Ready To Move,other,Prone M,1350.0,3.0,3.0,78.3,3
Built-up  Area,Ready To Move,other,SiineSu,1560.0,3.0,3.0,125.0,3
Super built-up  Area,Ready To Move,other,Prntsax,550.0,1.0,1.0,23.0,1
Built-up  Area,Ready To Move,other,Giersin,1783.0,3.0,2.0,125.0,3
Super built-up  Area,Ready To Move,other,MJlese ,1570.0,3.0,2.0,78.0,3
Super built-up  Area,Ready To Move,other,Sorisa ,1750.0,3.0,2.0,150.0,3
Built-up  Area,Ready To Move,other,Mavelr ,1000.0,2.0,2.0,42.0,2
Built-up  Area,18-Feb,other,BDectou,830.0,2.0,2.0,40.0,2
Super built-up  Area,Ready To Move,other,ItAnuna,1685.0,3.0,2.0,60.0,3
Super built-up  Area,Ready To Move,other,ICoolon,827.0,2.0,1.0,45.0,2
Super built-up  Area,Ready To Move,other,ShtalCr,1050.0,2.0,1.0,50.0,2
Super built-up  Area,Ready To Move,other,Alivae ,1261.0,2.0,2.0,61.0,2
Super built-up  Area,Ready To Move,other,C ensnd,1458.0,3.0,2.0,79.0,3
Super built-up  Area,Ready To Move,other,Elacet ,1424.0,2.0,3.0,55.0,3
Super built-up  Area,Ready To Move,other,ThntsAp,1250.0,3.0,1.0,55.0,3
Plot  Area,18-Mar,other,LGeete ,2200.0,4.0,2.0,160.0,3
Built-up  Area,Ready To Move,other,HooudSi,1230.0,2.0,3.0,55.0,2
Super built-up  Area,Ready To Move,other,Lalipa ,1540.0,3.0,3.0,76.0,3
Super built-up  Area,Ready To Move,other,HMtesle,1656.0,3.0,2.0,90.0,3
Super built-up  Area,Ready To Move,other,Roiti A,1900.0,3.0,3.0,155.0,3
Super built-up  Area,Ready To Move,other,RMerslu,1100.0,2.0,1.0,61.0,2
Built-up  Area,Ready To Move,other,SoliaMa,1942.0,3.0,1.0,155.0,3
Super built-up  Area,Ready To Move,other,Vaurtar,1515.0,3.0,3.0,90.0,3
Built-up  Area,Ready To Move,other,Varala ,935.0,2.0,1.0,51.5,2
Super built-up  Area,Ready To Move,other,Javasya,600.0,1.0,2.0,25.0,2
Super built-up  Area,Ready To Move,other,Stkarrd,1250.0,3.0,3.0,50.0,3
Super built-up  Area,Ready To Move,other,Paarklu,1206.0,2.0,1.0,53.0,2
Built-up  Area,Ready To Move,other,Pantsce,1250.0,2.0,1.0,58.0,2
Super built-up  Area,Ready To Move,other,MJeusyl,583.0,1.0,1.0,26.9,1
Super built-up  Area,Ready To Move,other,SLarei ,1365.0,2.0,2.0,49.0,3
Super built-up  Area,Ready To Move,other,Naiewre,1510.0,3.0,3.0,47.57,3
Super built-up  Area,Ready To Move,other,Ciques ,1717.0,3.0,3.0,99.0,3
Super built-up  Area,Ready To Move,other,AbnceEs,2108.0,3.0,3.0,85.0,3
Super built-up  Area,Ready To Move,other,MJeusyl,1198.0,2.0,1.0,54.0,2
Super built-up  Area,Ready To Move,other,Prsichi,1190.0,2.0,1.0,70.0,2
Super built-up  Area,19-Dec,other,Prard B,1594.0,3.0,2.0,99.0,3
Super built-up  Area,Ready To Move,other,SLarkic,1250.0,2.0,1.0,68.0,2
Super built-up  Area,Ready To Move,other,MJeusyl,1555.0,3.0,2.0,75.17,3
Super built-up  Area,20-Oct,other,Brens7 ,1160.0,2.0,1.0,59.0,2
Super built-up  Area,Ready To Move,other,Emsic C,2070.0,3.0,3.0,135.0,3
Built-up  Area,Ready To Move,other,Bhncy V,1600.0,2.0,2.0,75.0,3
Super built-up  Area,Ready To Move,other,SSaveik,1100.0,2.0,1.0,38.49,2
Built-up  Area,Ready To Move,other,Nentsan,900.0,1.0,1.0,44.0,2
Super built-up  Area,Ready To Move,other,Vatlede,1400.0,2.0,2.0,57.5,2
Super built-up  Area,Ready To Move,other,DSestil,1000.0,2.0,1.0,35.0,2
Super built-up  Area,Ready To Move,other,CSncele,1500.0,2.0,2.0,130.0,2
Super built-up  Area,Ready To Move,other,Krberl ,1020.0,2.0,1.0,46.5,2
Super built-up  Area,Ready To Move,other,NChtsun,1504.0,2.0,2.0,100.0,3
Super built-up  Area,Ready To Move,other,Aaityi ,2040.0,2.0,2.0,59.0,2
Plot  Area,Ready To Move,other,Thessie,1500.0,3.0,0.0,72.0,3
Built-up  Area,Ready To Move,other,Mawerer,1280.0,2.0,1.0,48.0,3
Super built-up  Area,Ready To Move,other,NaaveEn,900.0,2.0,1.0,45.0,2
Built-up  Area,Ready To Move,other,PlhtsHe,1490.0,2.0,1.0,115.0,3
Super built-up  Area,Ready To Move,other,Dhndsh ,1550.0,3.0,1.0,59.0,3
Super built-up  Area,Ready To Move,other,Lancysi,1740.0,3.0,3.0,120.0,3
Super built-up  Area,Ready To Move,other,Inentva,1020.0,2.0,2.0,60.0,2
Super built-up  Area,Ready To Move,other,SLionan,550.0,1.0,1.0,16.0,1
Super built-up  Area,Ready To Move,other,AszarAl,1492.0,2.0,2.0,65.0,2
Super built-up  Area,Ready To Move,other,Vanusn ,1431.0,3.0,2.0,65.0,3
Plot  Area,18-May,other,PrstaTe,3664.0,3.0,2.0,325.0,3
Super built-up  Area,Ready To Move,other,Mancy R,1520.0,3.0,2.0,111.0,3
Built-up  Area,Ready To Move,other,Aliewe ,1391.0,2.0,3.0,64.5,3
Super built-up  Area,Ready To Move,other,ArierPr,1250.0,2.0,2.0,90.0,2
Built-up  Area,Ready To Move,other,Lants A,900.0,2.0,1.0,33.0,2
Super built-up  Area,Ready To Move,other,DSestre,907.0,1.0,1.0,38.0,1
Super built-up  Area,Ready To Move,other,SLestde,1230.0,2.0,2.0,70.0,2
Super built-up  Area,Ready To Move,other,DSidsrc,1600.0,3.0,3.0,95.0,3
Super built-up  Area,Ready To Move,other,GoratAr,1570.0,3.0,2.0,110.0,3
Super built-up  Area,Ready To Move,other,Amlisai,1458.0,3.0,2.0,60.0,3
Built-up  Area,Ready To Move,other,Deiten ,1200.0,2.0,2.0,45.0,2
Super built-up  Area,Ready To Move,other,Leeno S,2120.0,3.0,2.0,177.0,3
Built-up  Area,Ready To Move,other,Scsta V,1315.0,2.0,2.0,65.0,3
Super built-up  Area,Ready To Move,other,Manha M,1000.0,2.0,1.0,44.0,2
Super built-up  Area,Ready To Move,other,Vaaldak,1713.0,3.0,3.0,125.0,3
Built-up  Area,Ready To Move,other,Arnts A,1200.0,2.0,0.0,43.0,2
Built-up  Area,Ready To Move,other,Makeser,1107.0,2.0,2.0,40.0,2
Super built-up  Area,Ready To Move,other,PancyPr,1600.0,3.0,2.0,112.0,3
Super built-up  Area,Ready To Move,other,GrhtiSr,1266.67,2.0,0.0,69.0,2
Super built-up  Area,Ready To Move,other,Goourta,1800.0,3.0,3.0,95.0,3
Super built-up  Area,Ready To Move,other,PSdenGa,1410.0,3.0,2.0,65.0,3
Built-up  Area,Ready To Move,other,Mawerer,1080.0,2.0,2.0,44.8,2
Super built-up  Area,Ready To Move,other,Visom B,1089.0,2.0,1.0,60.0,2
Super built-up  Area,Ready To Move,other,Pantsce,1194.0,2.0,0.0,55.0,2
Super built-up  Area,Ready To Move,other,Oce 1nd,1022.0,2.0,2.0,57.0,2
Built-up  Area,Ready To Move,other,Shsom B,1153.0,2.0,2.0,45.0,2
Built-up  Area,Ready To Move,other,Suent A,1560.0,3.0,3.0,68.0,3
Super built-up  Area,Ready To Move,other,Ranorar,950.0,2.0,2.0,38.0,2
Built-up  Area,Ready To Move,other,BhncyRe,1012.0,2.0,0.0,42.0,2
Super built-up  Area,Ready To Move,other,Soarkge,1333.0,2.0,2.0,77.27,2
Super built-up  Area,Ready To Move,other,Krtonwe,2000.0,3.0,2.0,105.0,3
Super built-up  Area,Ready To Move,other,Amlisai,1179.0,2.0,1.0,55.0,3
Super built-up  Area,Ready To Move,other,Shyas S,1013.0,2.0,1.0,51.0,2
Built-up  Area,Ready To Move,other,SPontna,1069.0,2.0,1.0,55.0,2
Plot  Area,Ready To Move,other,Ceonyy ,1200.0,3.0,2.0,99.0,3
Built-up  Area,Ready To Move,other,Naenti ,1007.0,2.0,2.0,43.0,2
Super built-up  Area,Ready To Move,other,Seityen,1012.0,2.0,1.0,59.0,2
Super built-up  Area,Ready To Move,other,Rainet ,1280.0,2.0,2.0,49.0,3
Super built-up  Area,Ready To Move,other,Sothin ,925.0,2.0,2.0,35.0,2
Built-up  Area,Ready To Move,other,Pranai ,1605.0,3.0,2.0,65.0,3
Super built-up  Area,Ready To Move,other,Bhide P,1200.0,2.0,2.0,80.0,2
Super built-up  Area,Ready To Move,other,CMhidal,946.0,2.0,2.0,45.0,2
Super built-up  Area,Ready To Move,other,Ciisera,665.0,1.0,2.0,32.0,1
Super built-up  Area,Ready To Move,other,Toiasle,2456.0,3.0,3.0,220.0,3
Super built-up  Area,Ready To Move,other,SGllaav,1439.0,3.0,1.0,57.23,3
Super built-up  Area,Ready To Move,other,Bhave E,1200.0,2.0,1.0,45.0,2
Super built-up  Area,Ready To Move,other,Reicace,1717.0,3.0,3.0,120.0,3
Super built-up  Area,Ready To Move,other,Shnto F,1250.0,2.0,1.0,50.0,2
Super built-up  Area,Ready To Move,other,NChtsun,1504.0,2.0,2.0,102.0,3
Super built-up  Area,Ready To Move,other,Shont F,1180.0,2.0,2.0,50.0,2
Super built-up  Area,Ready To Move,other,MadorSp,1490.0,2.0,1.0,92.0,3
Super built-up  Area,17-Jun,other,Mauil T,1044.0,2.0,1.0,60.0,2
Super built-up  Area,Ready To Move,other,Prlmsge,1352.0,3.0,1.0,93.0,2
Super built-up  Area,18-May,other,Naiewre,1650.0,3.0,2.0,51.98,3
Super built-up  Area,Ready To Move,other,SJcerpe,1640.0,3.0,3.0,84.0,3
Super built-up  Area,Ready To Move,other,Daganva,1141.0,2.0,1.0,55.0,2
Super built-up  Area,Ready To Move,other,Gaenty ,1240.0,2.0,2.0,65.0,3
Super built-up  Area,Ready To Move,other,Almid P,1293.0,2.0,2.0,75.0,2
Super built-up  Area,Ready To Move,other,Veyalin,967.0,2.0,2.0,41.1,2
Super built-up  Area,Ready To Move,other,SaMTBai,1885.0,3.0,3.0,90.0,3
Super built-up  Area,Ready To Move,other,ARntyne,1250.0,2.0,2.0,60.0,2
Built-up  Area,Ready To Move,other,GModsNR,1680.0,3.0,2.0,72.0,3
Plot  Area,Ready To Move,other,Vetanan,2400.0,3.0,1.0,180.0,3
Built-up  Area,18-Mar,other,SaaceSa,1350.0,3.0,2.0,48.6,3
Super built-up  Area,Ready To Move,other,Asorai ,1254.0,2.0,2.0,47.0,2
Super built-up  Area,Ready To Move,other,Kaantth,834.0,1.0,1.0,62.0,1
Built-up  Area,Ready To Move,other,Apvas N,900.0,2.0,3.0,35.0,2
Built-up  Area,Ready To Move,other,Myhrie ,1190.0,2.0,1.0,55.0,2
Built-up  Area,Ready To Move,other,Fleepi ,1335.0,2.0,1.0,87.0,3
Super built-up  Area,Ready To Move,other,Vacle P,1475.0,2.0,1.0,70.0,2
Super built-up  Area,Ready To Move,other,Srhan P,1545.0,2.0,2.0,66.0,3
Super built-up  Area,Ready To Move,other,PancyRe,1427.0,2.0,3.0,70.0,3
Super built-up  Area,Ready To Move,other,Soe 2as,1073.0,2.0,2.0,31.77,2
Built-up  Area,Ready To Move,other,Patri M,960.0,2.0,3.0,37.0,2
Super built-up  Area,Ready To Move,other,Mazler ,1350.0,3.0,2.0,68.0,3
Built-up  Area,Ready To Move,other,Shbhi S,1810.0,3.0,2.0,57.0,4
Super built-up  Area,Ready To Move,other,SoniaPe,2274.24,4.0,1.0,160.0,3
Super built-up  Area,Ready To Move,other,Pantsce,1455.0,2.0,2.0,55.0,3
Built-up  Area,Ready To Move,other,Vaenev ,1570.0,3.0,2.0,80.0,3
Super built-up  Area,Ready To Move,other,Ablmsol,1495.0,2.0,2.0,65.0,3
Super built-up  Area,Ready To Move,other,DSensn ,2515.0,4.0,3.0,155.0,3
Super built-up  Area,Ready To Move,other,Amageru,1440.0,3.0,2.0,72.0,3
Built-up  Area,Ready To Move,other,Srg Bnc,1000.0,2.0,1.0,35.0,2
Super built-up  Area,Ready To Move,other,Pridsi ,1305.0,2.0,1.0,59.0,3
Built-up  Area,Ready To Move,other,Gohts H,1567.0,3.0,0.0,140.0,2
Super built-up  Area,Ready To Move,other,Ajens G,1670.0,3.0,2.0,75.0,3
Built-up  Area,Ready To Move,other,Lancya ,1300.0,2.0,1.0,75.0,3
Super built-up  Area,Ready To Move,other,Ladenea,1130.0,2.0,2.0,36.0,2
Built-up  Area,Ready To Move,other,SMncyy ,1050.0,2.0,1.0,55.0,2
Built-up  Area,Ready To Move,other,KencyRe,1421.0,2.0,1.0,90.0,2
Built-up  Area,Ready To Move,other,ACopsva,950.0,2.0,0.0,32.0,2
Built-up  Area,17-Mar,other,Sreat R,3200.0,3.0,0.0,260.0,3
Built-up  Area,Ready To Move,other,Itala A,1450.0,3.0,2.0,90.0,3
Built-up  Area,Ready To Move,other,Undge T,1374.0,3.0,2.0,72.0,3
Super built-up  Area,Ready To Move,other,Ciques ,1893.0,3.0,2.0,115.0,3
Super built-up  Area,Ready To Move,other,ViaarSa,1250.0,2.0,1.0,43.0,2
Super built-up  Area,Ready To Move,other,AriosHe,1308.0,2.0,1.0,89.04,2
Built-up  Area,Ready To Move,other,Vithm R,1205.0,2.0,1.0,70.0,2
Plot  Area,18-Jul,other,V2gesre,1500.0,3.0,2.0,90.0,3
Built-up  Area,Ready To Move,other,CoaveAt,909.0,2.0,1.0,43.0,3
Super built-up  Area,Ready To Move,other,Ciques ,1400.0,2.0,3.0,85.0,2
Super built-up  Area,Ready To Move,other,Sothin ,925.0,2.0,2.0,70.0,2
Built-up  Area,Ready To Move,other,PavanSa,850.0,1.0,0.0,35.5,2
Built-up  Area,Ready To Move,other,Bustain,1480.0,3.0,2.0,74.0,3
Super built-up  Area,Ready To Move,other,Srsica ,1253.0,2.0,2.0,81.5,2
Super built-up  Area,Ready To Move,other,DSionhe,1310.0,2.0,1.0,55.0,3
Super built-up  Area,Ready To Move,other,MSuntra,1315.0,3.0,1.0,65.0,3
Super built-up  Area,Ready To Move,other,Pancy R,993.0,2.0,3.0,45.5,2
Built-up  Area,Ready To Move,other,AReenui,1305.0,2.0,1.0,70.0,2
Super built-up  Area,Ready To Move,other,RailsDa,870.0,2.0,2.0,38.0,2
Super built-up  Area,Ready To Move,other,SMncyy ,1050.0,2.0,2.0,50.0,2
Plot  Area,Ready To Move,other,Prsisge,4800.0,5.0,2.0,420.0,4
Built-up  Area,Ready To Move,other,AritaFe,1569.0,3.0,0.0,70.0,3
Built-up  Area,Ready To Move,other,Prigh L,2273.0,4.0,2.0,192.0,3
Super built-up  Area,Ready To Move,other,Hoxiaa ,655.0,1.0,2.0,27.0,1
Super built-up  Area,18-Mar,other,DSdidSp,600.0,1.0,0.0,18.0,1
Super built-up  Area,17-Apr,other,Naiewre,1630.0,3.0,2.0,51.35,3
Super built-up  Area,Ready To Move,other,Riave E,1000.0,2.0,1.0,45.0,2
Super built-up  Area,Ready To Move,other,JaniaGa,1400.0,2.0,3.0,78.0,3
Super built-up  Area,Ready To Move,other,Haows M,985.0,2.0,2.0,57.0,2
Built-up  Area,Ready To Move,other,Myace P,1540.0,2.0,2.0,78.0,3
Super built-up  Area,Ready To Move,other,Amsomun,1190.0,2.0,2.0,39.25,2
Super built-up  Area,Ready To Move,other,Saitya ,1760.0,3.0,2.0,142.0,3
Super built-up  Area,Ready To Move,other,MNnia E,2330.0,3.0,2.0,94.71,4
Super built-up  Area,Ready To Move,other,BSian M,1020.0,2.0,1.0,46.0,2
Super built-up  Area,Ready To Move,other,BSian M,1020.0,2.0,1.0,48.45,2
Super built-up  Area,Ready To Move,other,BrriaLu,2095.0,3.0,2.0,142.0,3
Built-up  Area,Ready To Move,other,Sutesga,1600.0,2.0,2.0,88.0,3
Super built-up  Area,17-Oct,other,Naiewre,1510.0,3.0,3.0,47.57,3
Super built-up  Area,Ready To Move,other,Prone M,1300.0,3.0,2.0,77.99,3
Super built-up  Area,18-Aug,other,MaitySe,1280.0,2.0,1.0,100.0,3
Built-up  Area,Ready To Move,other,Koncyad,1650.0,3.0,1.0,110.0,3
Super built-up  Area,Ready To Move,other,PrinePr,1176.0,2.0,1.0,45.0,3
Super built-up  Area,Ready To Move,other,MSanaer,1425.0,3.0,2.0,55.0,3
Plot  Area,18-Apr,other,Miiewa ,2000.0,2.0,2.0,95.0,3
Super built-up  Area,Ready To Move,other,Nihtsss,1240.0,2.0,2.0,60.0,2
Super built-up  Area,Ready To Move,other,MJeusyl,1601.0,3.0,3.0,70.0,3
Super built-up  Area,Ready To Move,other,Krshi G,1257.0,2.0,2.0,93.0,2
Super built-up  Area,Ready To Move,other,ETens G,1517.0,2.0,2.0,125.0,2
Super built-up  Area,Ready To Move,other,Wiaysld,1230.0,2.0,1.0,58.0,2
Built-up  Area,Ready To Move,other,GMilse ,1325.0,2.0,2.0,73.0,2
Super built-up  Area,Ready To Move,other,Srldsri,1600.0,3.0,2.0,74.5,3
Super built-up  Area,Ready To Move,other,BaiseBa,1365.0,2.0,1.0,72.0,3
Built-up  Area,Ready To Move,other,PrBayGa,2159.0,3.0,2.0,120.0,3
Plot  Area,18-Nov,other,PrhyaK ,1200.0,3.0,2.0,72.0,3
Built-up  Area,Ready To Move,other,ThBayah,2700.0,2.0,1.0,260.0,3
Super built-up  Area,Ready To Move,other,JPoldGo,1400.0,3.0,3.0,69.0,3
Super built-up  Area,Ready To Move,other,Inntsa ,1730.0,3.0,1.0,93.0,3
Super built-up  Area,Ready To Move,other,Spess C,1998.0,3.0,2.0,117.0,3
Super built-up  Area,Ready To Move,other,Prentra,1450.0,2.0,1.0,85.0,3
Super built-up  Area,Ready To Move,other,Krntsee,527.0,1.0,0.0,35.0,1
Super built-up  Area,Ready To Move,other,SodilDa,1804.0,3.0,2.0,150.0,3
Super built-up  Area,Ready To Move,other,Pry 2 R,826.0,2.0,2.0,36.0,2
Super built-up  Area,Ready To Move,other,Srrtsu ,1180.0,2.0,1.0,39.0,2
Super built-up  Area,Ready To Move,other,DencyRe,1125.0,2.0,1.0,41.5,2
Super built-up  Area,Ready To Move,other,Eledst ,1250.0,2.0,2.0,95.0,2
Super built-up  Area,Ready To Move,other,Sothin ,1850.0,3.0,3.0,95.0,3
Super built-up  Area,Ready To Move,other,Saavena,1567.0,3.0,1.0,100.0,3
Super built-up  Area,Ready To Move,other,Jaity H,1125.0,2.0,1.0,48.0,2
Super built-up  Area,Ready To Move,other,Krite D,1471.0,2.0,3.0,75.0,3
Super built-up  Area,Ready To Move,other,VKe 1 M,1220.0,2.0,1.0,65.0,2
Super built-up  Area,18-Apr,other,Sariana,1256.0,2.0,1.0,65.0,2
Super built-up  Area,Ready To Move,other,Krton S,1407.0,2.0,1.0,83.87,2
Built-up  Area,Ready To Move,other,Raave E,900.0,2.0,3.0,45.0,2
Super built-up  Area,Ready To Move,other,Dee 2 P,1200.0,2.0,1.0,67.0,2
Built-up  Area,Ready To Move,other,ApallEn,1180.0,2.0,2.0,60.0,2
Super built-up  Area,Ready To Move,other,OadraCh,1105.0,2.0,2.0,50.0,2
Super built-up  Area,Ready To Move,other,Unarlth,1000.0,2.0,1.0,51.0,2
Super built-up  Area,18-Apr,other,Hameson,1240.0,2.0,1.0,63.0,3
Built-up  Area,Ready To Move,other,Daxir E,1640.0,3.0,2.0,70.0,3
Super built-up  Area,Ready To Move,other,K dotna,2496.0,4.0,2.0,125.0,4
Super built-up  Area,Ready To Move,other,Malyxer,1495.0,3.0,2.0,55.0,3
Built-up  Area,Ready To Move,other,Pantsce,1400.0,3.0,2.0,53.0,3
Super built-up  Area,Ready To Move,other,BSarknd,1054.0,2.0,1.0,53.0,2
Super built-up  Area,Ready To Move,other,Maletr ,1394.0,2.0,3.0,52.0,2
Super built-up  Area,Ready To Move,other,EsadeNS,1075.0,2.0,1.0,57.0,2
Built-up  Area,Ready To Move,other,Reicace,1800.0,4.0,3.0,115.0,3
Super built-up  Area,Ready To Move,other,Saersel,1220.0,2.0,2.0,54.89,2
Super built-up  Area,Ready To Move,other,Muiseek,1499.0,3.0,2.0,89.0,3
Super built-up  Area,Ready To Move,other,MoaveEn,1280.0,2.0,3.0,55.0,3
Super built-up  Area,18-Apr,other,MNtha A,1161.0,2.0,3.0,36.69,2
Built-up  Area,Ready To Move,other,MaionMa,1050.0,2.0,2.0,65.0,2
Super built-up  Area,Ready To Move,other,Pridel ,1056.0,2.0,2.0,55.0,2
Built-up  Area,Ready To Move,other,Saage V,1000.0,2.0,2.0,34.0,2
Built-up  Area,Ready To Move,other,Gomeseg,1770.0,3.0,2.0,90.0,3
Super built-up  Area,Ready To Move,other,DSureSi,1152.0,2.0,1.0,57.0,2
Super built-up  Area,Ready To Move,other,AriosHe,2357.0,3.0,2.0,135.0,3
Super built-up  Area,Ready To Move,other,PlhtsHe,1464.0,2.0,1.0,135.0,3
Super built-up  Area,Ready To Move,other,Shyas S,1324.0,3.0,2.0,65.0,3
Built-up  Area,Ready To Move,other,Srvasi ,1045.0,2.0,2.0,42.0,2
Plot  Area,Ready To Move,other,Ceureld,2400.0,4.0,1.0,130.0,3
Super built-up  Area,Ready To Move,other,DSstaen,1225.0,2.0,2.0,71.05,2
Built-up  Area,Ready To Move,other,Juoryma,850.0,2.0,0.0,34.0,2
Super built-up  Area,Ready To Move,other,Rainet ,1260.0,2.0,1.0,49.0,3
Built-up  Area,Ready To Move,other,Fosic C,1450.0,3.0,1.0,65.0,3
Built-up  Area,Ready To Move,other,VmlleRo,1470.0,3.0,2.0,54.0,3
Super built-up  Area,20-Dec,other,Brens7 ,1180.0,2.0,1.0,59.47,2
Super built-up  Area,Ready To Move,other,Adevo S,1620.0,3.0,3.0,95.0,3
Super built-up  Area,Ready To Move,other,Srarkav,1156.0,2.0,2.0,46.0,2
Super built-up  Area,Ready To Move,other,Wiaysld,1705.0,3.0,2.0,75.0,3
Built-up  Area,Ready To Move,other,BMmesHo,1488.0,2.0,2.0,65.0,3
Super built-up  Area,Ready To Move,other,Visom B,1700.0,3.0,1.0,110.0,3
Super built-up  Area,Ready To Move,other,SNiew L,3700.0,4.0,2.0,314.0,4
Super built-up  Area,Ready To Move,other,SuaveRa,1200.0,2.0,2.0,55.0,2
Super built-up  Area,Ready To Move,other,LuncyRe,1800.0,3.0,2.0,53.0,3
Super built-up  Area,Ready To Move,other,MyigePr,1140.0,2.0,2.0,49.0,2
Super built-up  Area,Ready To Move,other,Skarkev,1720.0,2.0,2.0,126.0,3
Built-up  Area,Ready To Move,other,SSoraba,1100.0,2.0,2.0,45.0,2
Super built-up  Area,Ready To Move,other,Juoryma,825.0,2.0,1.0,35.0,2
Super built-up  Area,Ready To Move,other,Krtiqa ,1100.0,2.0,1.0,61.0,2
Super built-up  Area,Ready To Move,other,Viise P,800.0,1.0,1.0,29.0,2
Super built-up  Area,Ready To Move,other,MSuntra,1315.0,3.0,0.0,64.0,3
Super built-up  Area,Ready To Move,other,SVhyaga,1152.0,2.0,1.0,42.0,2
Super built-up  Area,Ready To Move,other,SMdesy ,1465.0,2.0,2.0,88.0,3
Super built-up  Area,Ready To Move,other,Deonsxp,1450.0,3.0,2.0,75.0,3
Super built-up  Area,Ready To Move,other,Coora S,800.0,1.0,1.0,29.5,1
Super built-up  Area,Ready To Move,other,Prlmsge,1352.0,2.0,2.0,72.0,2
Plot  Area,Ready To Move,other,CoiewSy,1500.0,3.0,1.0,90.0,3
Super built-up  Area,Ready To Move,other,Vidgema,1275.0,2.0,1.0,105.0,2
Built-up  Area,Ready To Move,other,Koillph,1187.0,2.0,2.0,42.0,2
Super built-up  Area,Ready To Move,other,URodsmb,1119.0,2.0,1.0,48.5,3
Super built-up  Area,Ready To Move,other,TrryaAi,1237.0,3.0,2.0,78.0,3
Built-up  Area,Ready To Move,other,SurtsCo,1224.0,2.0,2.0,45.0,2
Built-up  Area,Ready To Move,other,Saata S,1200.0,2.0,2.0,52.0,2
Super built-up  Area,Ready To Move,other,Saaksa ,1610.0,3.0,3.0,68.0,3
Super built-up  Area,Ready To Move,other,Prodsth,770.0,2.0,2.0,30.0,2
Super built-up  Area,Ready To Move,other,Suncy R,1900.0,3.0,3.0,150.0,3
Super built-up  Area,Ready To Move,other,SVstos ,1160.0,2.0,2.0,75.0,2
Super built-up  Area,Ready To Move,other,Krshi G,1257.0,2.0,1.0,105.0,2
Super built-up  Area,Ready To Move,other,Jaangm ,1294.0,2.0,2.0,52.0,3
Super built-up  Area,Ready To Move,other,DSldsen,1095.0,2.0,1.0,45.0,2
Super built-up  Area,Ready To Move,other,SuanaNa,1325.0,2.0,1.0,47.0,3
Super built-up  Area,Ready To Move,other,Makeser,1108.0,2.0,1.0,48.0,2
Super built-up  Area,Ready To Move,other,MJarlPe,1155.0,2.0,1.0,65.0,2
Super built-up  Area,Ready To Move,other,Saersel,1500.0,3.0,3.0,67.49,3
Super built-up  Area,Ready To Move,other,AlEcone,1148.0,2.0,2.0,69.0,2
Super built-up  Area,Ready To Move,other,Reicace,1719.0,3.0,2.0,110.0,3
Super built-up  Area,Ready To Move,other,Itbhaa ,1420.0,3.0,3.0,70.0,3
Plot  Area,18-Aug,other,Thessie,3000.0,4.0,3.0,264.0,4
Super built-up  Area,Ready To Move,other,Krz 2 Q,1398.0,3.0,0.0,51.0,3
Built-up  Area,Ready To Move,other,Icncy R,1320.0,2.0,3.0,90.0,2
Super built-up  Area,Ready To Move,other,GKowsea,1285.0,2.0,2.0,45.0,3
Built-up  Area,Ready To Move,other,Karchru,1504.0,3.0,2.0,67.0,3
Super built-up  Area,18-Jun,other,Maade P,1260.0,2.0,1.0,62.0,2
Built-up  Area,Ready To Move,other,SPontna,799.0,2.0,1.0,35.0,2
Super built-up  Area,Ready To Move,other,Srcha S,1077.0,2.0,1.0,34.46,2
Built-up  Area,Ready To Move,other,DShtsow,1332.0,2.0,2.0,101.0,2
Built-up  Area,Ready To Move,other,Seityen,1012.0,2.0,2.0,59.0,2
Built-up  Area,Ready To Move,other,GilomSh,1800.0,2.0,2.0,80.0,2
Super built-up  Area,Ready To Move,other,AuRISa ,1175.0,2.0,2.0,35.0,2
Super built-up  Area,Ready To Move,other,Aconyit,1115.0,2.0,1.0,50.0,2
Built-up  Area,Ready To Move,other,Aples M,1900.0,3.0,1.0,90.0,4
Super built-up  Area,Ready To Move,other,DencyRe,1600.0,2.0,1.0,90.0,3
Super built-up  Area,18-Apr,other,Sariana,1508.0,3.0,1.0,75.0,3
Built-up  Area,Ready To Move,other,Foinade,1050.0,2.0,1.0,51.0,2
Super built-up  Area,Ready To Move,other,Sohea A,2996.0,4.0,3.0,200.0,4
Built-up  Area,Ready To Move,other,BMityre,1602.0,2.0,1.0,75.0,3
Super built-up  Area,Ready To Move,other,AriosHe,2357.0,3.0,2.0,135.0,3
Built-up  Area,Ready To Move,other,Itbhaa ,1310.0,3.0,3.0,90.0,3
Super built-up  Area,Ready To Move,other,MCrds S,1400.0,2.0,2.0,80.0,3
Built-up  Area,Ready To Move,other,Tantsod,1603.0,2.0,0.0,125.0,3
Super built-up  Area,Ready To Move,other,DatroGo,1085.0,2.0,1.0,50.0,2
Super built-up  Area,Ready To Move,other,ARnamru,1160.0,2.0,1.0,40.53,2
Built-up  Area,Ready To Move,other,DSestil,1050.0,2.0,1.0,50.0,2
Built-up  Area,Ready To Move,other,Viium E,1275.0,2.0,3.0,69.0,2
Super built-up  Area,Ready To Move,other,ETens G,1623.0,3.0,3.0,155.0,3
Super built-up  Area,Ready To Move,other,SoncyRe,1245.0,2.0,1.0,55.0,2
Super built-up  Area,Ready To Move,other,Prdenth,780.0,2.0,1.0,31.0,2
Super built-up  Area,Ready To Move,other,InhtsHe,1088.0,2.0,2.0,43.5,2
Super built-up  Area,Ready To Move,other,PSterAs,1070.0,2.0,2.0,32.99,2
Super built-up  Area,Ready To Move,other,Patri M,1319.0,3.0,1.0,37.75,3
Super built-up  Area,Ready To Move,other,Srsica ,991.0,2.0,0.0,64.0,2
Super built-up  Area,Ready To Move,other,Patri M,1319.0,3.0,1.0,42.0,3
Super built-up  Area,Ready To Move,other,Nehalri,2648.0,3.0,3.0,238.0,3
Built-up  Area,Ready To Move,other,Hoxiaa ,1455.0,2.0,1.0,45.0,3
Super built-up  Area,Ready To Move,other,Soosea ,1721.0,3.0,2.0,93.0,3
Built-up  Area,Ready To Move,other,Skesta ,1184.0,2.0,1.0,55.0,2
Built-up  Area,Ready To Move,other,KSideas,1480.0,3.0,2.0,75.0,3
Super built-up  Area,Ready To Move,other,Raellil,635.0,1.0,1.0,28.0,2
Built-up  Area,Ready To Move,other,Prsisge,4800.0,4.0,3.0,420.0,4
Built-up  Area,Ready To Move,other,SuodsAc,1300.0,2.0,1.0,80.0,3
Super built-up  Area,Ready To Move,other,Vaaldak,1009.0,2.0,1.0,65.0,2
Built-up  Area,Ready To Move,other,Krton S,2400.0,4.0,3.0,135.0,4
Super built-up  Area,Ready To Move,other,Raave E,975.0,2.0,2.0,45.0,2
Plot  Area,Ready To Move,other,Prleaou,4446.0,3.0,2.0,410.0,3
Super built-up  Area,Ready To Move,other,EsadeNS,1000.0,2.0,1.0,50.0,2
Super built-up  Area,Ready To Move,other,Phens G,1000.0,2.0,2.0,35.0,2
Carpet  Area,Ready To Move,other,Trntska,4500.0,3.0,0.0,225.0,4
Super built-up  Area,Ready To Move,other,Prionve,1075.0,2.0,2.0,50.0,2
Super built-up  Area,Ready To Move,other,Sashaa ,935.0,2.0,1.0,45.9,2
Built-up  Area,Ready To Move,other,SwionMa,1130.0,2.0,1.0,75.0,2
Built-up  Area,18-May,other,Ocuil T,1334.0,2.0,1.0,62.0,2
Built-up  Area,Ready To Move,other,Sarch M,1116.0,2.0,1.0,47.0,2
Super built-up  Area,Ready To Move,other,ARngsd ,1061.0,2.0,1.0,33.84,2
Super built-up  Area,Ready To Move,other,Veiewak,1202.0,2.0,1.0,65.0,2
Super built-up  Area,Ready To Move,other,NDivaOl,1515.0,2.0,3.0,69.0,3
Super built-up  Area,Ready To Move,other,Daganva,1427.0,2.0,2.0,52.0,2
Built-up  Area,Ready To Move,other,Viine P,1050.0,2.0,1.0,48.0,2
Built-up  Area,Ready To Move,other,Prowshi,4041.0,4.0,2.0,345.0,4
Built-up  Area,Ready To Move,other,Prsichi,1210.0,2.0,0.0,75.0,2
Built-up  Area,Ready To Move,other,V2lasna,1600.0,3.0,3.0,130.0,3
Built-up  Area,Ready To Move,other,KSideas,1430.0,3.0,2.0,70.0,3
Built-up  Area,Ready To Move,other,AmthaIn,1130.0,2.0,2.0,68.0,2
Super built-up  Area,Ready To Move,other,Seityen,1245.0,1.0,3.0,60.0,2
Super built-up  Area,Ready To Move,other,ViisePa,1390.0,2.0,1.0,50.0,3
Super built-up  Area,17-Oct,other,Naiewre,1540.0,3.0,2.0,48.51,3
Super built-up  Area,Ready To Move,other,Smrryny,1100.0,2.0,2.0,57.6,2
Super built-up  Area,Ready To Move,other,PrBayGa,2159.0,3.0,2.0,120.0,3
Super built-up  Area,Ready To Move,other,Chisei ,1340.0,2.0,1.0,71.0,2
Super built-up  Area,Ready To Move,other,Reion M,1675.0,3.0,3.0,62.0,3
Super built-up  Area,Ready To Move,other,Shnto F,1250.0,2.0,1.0,55.0,2
Built-up  Area,Ready To Move,other,Soarkge,1450.0,2.0,2.0,90.0,2
Super built-up  Area,Ready To Move,other,Sumesa ,1275.0,2.0,2.0,49.5,2
Plot  Area,Ready To Move,other,SRbiaxu,2400.0,4.0,0.0,95.0,3
Super built-up  Area,Ready To Move,other,Sothin ,925.0,2.0,1.0,55.0,2
Plot  Area,Ready To Move,other,Sreat R,3900.0,3.0,3.0,250.0,3
Super built-up  Area,Ready To Move,other,MadorSp,1715.0,3.0,2.0,95.0,3
Super built-up  Area,Ready To Move,other,Asnex A,1400.0,2.0,2.0,56.0,3
Super built-up  Area,16-Nov,other,Prs 2hi,1171.0,2.0,2.0,39.0,2
Plot  Area,Ready To Move,other,LGrldti,4382.0,4.0,3.0,400.0,4
Super built-up  Area,Ready To Move,other,Naavehi,1008.0,2.0,2.0,52.0,2
Super built-up  Area,Ready To Move,other,Roarkan,1820.0,3.0,2.0,79.5,3
Super built-up  Area,Ready To Move,other,Almid P,1293.0,2.0,2.0,80.0,2
Super built-up  Area,Ready To Move,other,AlEcone,1864.0,3.0,3.0,115.0,3
Super built-up  Area,Ready To Move,other,DiiteR ,1263.0,2.0,1.0,51.5,2
Super built-up  Area,Ready To Move,other,ShshaSa,1010.0,2.0,1.0,52.0,2
Super built-up  Area,Ready To Move,other,Soe 2as,1090.0,2.0,1.0,37.0,2
Super built-up  Area,Ready To Move,other,Prone M,1300.0,3.0,2.0,77.99,3
Super built-up  Area,Ready To Move,other,IDldsin,2950.0,4.0,2.0,250.0,4
Built-up  Area,Ready To Move,other,PlhtsHe,1464.0,2.0,2.0,115.0,3
Super built-up  Area,Ready To Move,other,PSterAs,1205.0,2.0,1.0,47.0,2
Built-up  Area,Ready To Move,other,MyeurGr,1200.0,2.0,1.0,53.5,2
Plot  Area,Ready To Move,other,Vaensnd,1733.5,3.0,1.0,120.0,3
Super built-up  Area,Ready To Move,other,Essic C,1415.0,2.0,2.0,120.0,2
Built-up  Area,Ready To Move,other,Mawerer,1050.0,2.0,2.0,45.0,2
Super built-up  Area,Ready To Move,other,MJlese ,1170.0,2.0,1.0,45.51,2
Super built-up  Area,Ready To Move,other,Pao 2Sm,1025.0,2.0,1.0,65.0,2
Built-up  Area,Ready To Move,other,Saeraep,1020.0,2.0,1.0,70.0,2
Super built-up  Area,Ready To Move,other,Patust ,1155.0,2.0,2.0,69.0,2
Super built-up  Area,Ready To Move,other,Maenara,1555.0,2.0,1.0,67.0,3
Super built-up  Area,Ready To Move,other,Santspa,1000.0,2.0,3.0,58.0,2
Super built-up  Area,19-Dec,other,DSapeto,1076.0,2.0,1.0,30.13,2
Super built-up  Area,20-Dec,other,Brens7 ,1423.0,2.0,1.0,71.73,3
Super built-up  Area,Ready To Move,other,AmiewLa,1255.0,2.0,1.0,56.7,2
Super built-up  Area,17-Aug,other,ARngsd ,1061.0,2.0,1.0,38.95,2
Super built-up  Area,Ready To Move,other,Vaodak ,1410.0,2.0,2.0,73.0,2
Built-up  Area,Ready To Move,other,DSeme S,1150.0,2.0,1.0,42.0,2
Super built-up  Area,18-Jul,other,Plowsri,1170.0,2.0,2.0,53.11,2
Built-up  Area,Ready To Move,other,Mancy R,1789.0,3.0,3.0,75.0,3
Super built-up  Area,Ready To Move,other,Vencyha,1201.0,2.0,1.0,65.0,2
Super built-up  Area,Ready To Move,other,Oaines ,1370.0,2.0,2.0,87.0,3
Super built-up  Area,Ready To Move,other,VRest N,1535.0,3.0,1.0,72.0,3
Super built-up  Area,Ready To Move,other,Mauil T,1265.0,2.0,2.0,68.0,2
Built-up  Area,Ready To Move,other,Prentra,1450.0,2.0,1.0,90.0,3
Super built-up  Area,Ready To Move,other,Saisei ,1185.0,2.0,3.0,55.0,2
Super built-up  Area,20-Apr,other,LendaVi,660.0,1.0,1.0,35.0,1
Super built-up  Area,Ready To Move,other,Mancyi ,1140.0,2.0,3.0,60.0,2
Super built-up  Area,Ready To Move,other,AlEcone,1458.0,2.0,2.0,87.0,3
Super built-up  Area,Ready To Move,other,Stensg ,1178.0,2.0,1.0,80.0,2
Super built-up  Area,Ready To Move,other,Prsorhi,991.0,2.0,2.0,40.0,2
Super built-up  Area,Ready To Move,other,Saersel,1175.0,2.0,2.0,52.86,2
Super built-up  Area,Ready To Move,other,HMinebo,1810.0,3.0,3.0,131.0,3
Built-up  Area,Ready To Move,other,Saitya ,2400.0,2.0,3.0,195.0,3
Super built-up  Area,Ready To Move,other,Kesomrn,1277.0,2.0,2.0,92.0,2
Built-up  Area,Ready To Move,other,Sanorpa,1350.0,3.0,2.0,60.0,3
Plot  Area,Ready To Move,other,Brersld,2400.0,5.0,1.0,150.0,5
Super built-up  Area,Ready To Move,other,ICoolon,827.0,2.0,0.0,34.0,2
Super built-up  Area,Ready To Move,other,ShtonDw,800.0,2.0,1.0,32.0,2
Super built-up  Area,Ready To Move,other,ETens G,1839.0,3.0,3.0,160.0,3
Super built-up  Area,Ready To Move,other,Evvan V,993.0,2.0,2.0,42.0,2
Built-up  Area,Ready To Move,other,Suiseit,825.0,2.0,1.0,32.0,2
Super built-up  Area,18-Aug,other,Hisic G,650.0,1.0,1.0,50.0,1
Super built-up  Area,Ready To Move,other,Prigh L,2100.0,3.0,3.0,125.0,3
Super built-up  Area,Ready To Move,other,Mavelr ,1125.0,2.0,1.0,55.0,2
Super built-up  Area,Ready To Move,other,Prodsth,910.0,2.0,3.0,36.0,2
Super built-up  Area,Ready To Move,other,Krtiqa ,1100.0,2.0,1.0,60.0,2
Super built-up  Area,Ready To Move,other,Puodse ,1312.0,2.0,1.0,56.5,3
Super built-up  Area,Ready To Move,other,Prvaska,1182.0,2.0,1.0,60.1,3
Super built-up  Area,Ready To Move,other,PyonsCa,1053.0,2.0,1.0,46.29,2
Super built-up  Area,Ready To Move,other,SyOnen ,1900.0,2.0,2.0,65.0,3
Super built-up  Area,Ready To Move,other,BrlonAv,1410.0,3.0,3.0,90.0,3
Super built-up  Area,Ready To Move,other,AriosHe,1469.0,2.0,2.0,99.14,2
Super built-up  Area,Ready To Move,other,Sasicha,1460.0,2.0,2.0,87.0,3
Super built-up  Area,19-Jan,other,TiaksAa,1260.0,2.0,2.0,85.05,3
Super built-up  Area,Ready To Move,other,AlourAr,1250.0,2.0,2.0,65.0,2
Super built-up  Area,Ready To Move,other,Radenta,2507.0,4.0,2.0,155.0,4
Super built-up  Area,Ready To Move,other,ARngsd ,1061.0,2.0,1.0,34.0,2
Super built-up  Area,Ready To Move,other,Sapazta,1798.0,3.0,3.0,73.0,3
Super built-up  Area,Ready To Move,other,EAvarum,1179.0,2.0,2.0,56.0,2
Super built-up  Area,19-Jan,other,Ardaseo,509.0,1.0,1.0,20.0,1
Super built-up  Area,Ready To Move,other,Varve R,3535.0,4.0,2.0,215.0,4
Super built-up  Area,Ready To Move,other,Shinei ,1800.0,3.0,2.0,82.0,4
Carpet  Area,Ready To Move,other,E onsg ,2050.0,3.0,2.0,135.0,3
Super built-up  Area,Ready To Move,other,Naory G,1600.0,3.0,2.0,100.0,3
Super built-up  Area,Ready To Move,other,Sharlth,850.0,2.0,1.0,42.5,2
Super built-up  Area,Ready To Move,other,MCrds S,1184.0,2.0,1.0,62.0,2
Super built-up  Area,Ready To Move,other,Vanusn ,1545.0,3.0,2.0,65.0,3
Super built-up  Area,Ready To Move,other,NCierar,1515.0,2.0,2.0,135.0,3
Built-up  Area,Ready To Move,other,KrodsNo,3200.0,4.0,0.0,270.0,4
Super built-up  Area,Ready To Move,other,Papusa ,1165.0,2.0,1.0,65.0,2
Super built-up  Area,Ready To Move,other,Bhave E,1200.0,2.0,1.0,45.0,2
Super built-up  Area,Ready To Move,other,Bhmesa ,1255.0,2.0,3.0,65.0,2
Super built-up  Area,Ready To Move,other,Mantsce,1068.0,2.0,1.0,43.0,2
Super built-up  Area,Ready To Move,other,Malmsri,1451.0,3.0,1.0,68.0,3
Plot  Area,Ready To Move,other,Sreat R,4395.0,3.0,3.0,240.0,3
Super built-up  Area,Ready To Move,other,SSaveik,1100.0,2.0,2.0,38.5,2
Super built-up  Area,Ready To Move,other,Heate L,1700.0,3.0,1.0,71.0,3
Super built-up  Area,Ready To Move,other,Undge T,1269.0,2.0,2.0,63.0,3
Built-up  Area,Ready To Move,other,Raeusiy,1220.0,2.0,3.0,65.0,2
Built-up  Area,Ready To Move,other,Sohea A,2045.0,3.0,2.0,108.0,3
Super built-up  Area,Ready To Move,other,Dhndsh ,1410.0,2.0,1.0,54.0,3
Super built-up  Area,Ready To Move,other,AbarkVa,1310.0,2.0,1.0,88.0,2
Super built-up  Area,Ready To Move,other,Putus L,1600.0,3.0,2.0,90.0,3
Super built-up  Area,Ready To Move,other,SRensar,1416.0,2.0,2.0,67.0,2
Super built-up  Area,Ready To Move,other,PlhtsHe,1441.0,2.0,1.0,115.0,2
Super built-up  Area,Ready To Move,other,Soe 2as,1126.0,2.0,1.0,36.0,2
Super built-up  Area,19-Dec,other,UKicte ,610.0,1.0,0.0,28.0,1
Super built-up  Area,Ready To Move,other,Prone M,1300.0,3.0,3.0,77.99,3
Built-up  Area,Ready To Move,other,AlEcone,1864.0,3.0,2.0,120.0,3
Built-up  Area,Ready To Move,other,Srg Bnc,1735.0,3.0,2.0,70.0,3
Built-up  Area,Ready To Move,other,Juoryma,985.0,2.0,1.0,45.0,2
Super built-up  Area,18-May,other,CMoneoo,1100.0,2.0,1.0,62.0,2
Super built-up  Area,20-Oct,other,Brens7 ,1392.0,3.0,1.0,69.46,3
Super built-up  Area,Ready To Move,other,EAvarum,1476.0,2.0,1.0,73.0,3
Super built-up  Area,Ready To Move,other,ETens G,1279.0,2.0,3.0,100.0,2
Built-up  Area,Ready To Move,other,Suiseit,1350.0,3.0,1.0,65.0,3
Built-up  Area,Ready To Move,other,SaaceSa,1185.0,2.0,1.0,42.66,2
Super built-up  Area,Ready To Move,other,Shentnd,1000.0,2.0,2.0,50.0,2
Super built-up  Area,Ready To Move,other,SLowse ,1139.7,2.0,1.0,45.0,2
Super built-up  Area,Ready To Move,other,Soe 2as,740.0,1.0,1.0,23.65,1
Super built-up  Area,Ready To Move,other,K dotna,1247.0,2.0,1.0,58.56,2
Super built-up  Area,Ready To Move,other,Srhan P,1100.0,2.0,2.0,55.0,2
Super built-up  Area,17-Mar,other,DiiteR ,1347.0,2.0,2.0,55.0,3
Super built-up  Area,Ready To Move,other,Spity E,1449.0,3.0,1.0,72.0,3
Built-up  Area,Ready To Move,other,Icncy R,1300.0,2.0,3.0,95.0,2
Super built-up  Area,Ready To Move,other,Daxir E,1690.0,3.0,3.0,50.0,3
Built-up  Area,Ready To Move,other,DShtsow,1095.0,2.0,1.0,85.41,2
Super built-up  Area,19-Dec,other,Mamespa,1776.0,3.0,2.0,124.0,3
Super built-up  Area,Ready To Move,other,AritaFe,1559.0,3.0,2.0,62.0,3
Super built-up  Area,Ready To Move,other,Amnavdr,1060.0,2.0,1.0,52.0,2
Super built-up  Area,Ready To Move,other,IDldsin,3150.0,4.0,3.0,180.0,4
Super built-up  Area,18-Jul,other,Mamespa,1776.0,3.0,2.0,150.0,3
Super built-up  Area,Ready To Move,other,Almid P,1293.0,2.0,2.0,80.0,2
Built-up  Area,Ready To Move,other,Viowsen,1280.0,2.0,2.0,68.48,2
Super built-up  Area,Ready To Move,other,Naory G,1475.0,3.0,3.0,75.0,3
Super built-up  Area,Ready To Move,other,StwarSi,1330.0,3.0,2.0,65.0,3
Super built-up  Area,Ready To Move,other,Shbhi S,905.0,2.0,1.0,35.0,2
Built-up  Area,Ready To Move,other,Chntsat,1100.0,2.0,2.0,75.0,2
Super built-up  Area,Ready To Move,other,HMinebo,1192.0,2.0,3.0,75.0,2
Super built-up  Area,Ready To Move,other,GKiewke,1495.0,2.0,1.0,63.0,3
Built-up  Area,Ready To Move,other,SuntsAp,1250.0,2.0,3.0,75.0,2
Super built-up  Area,Ready To Move,other,HoDewy ,1230.0,2.0,1.0,50.0,2
Super built-up  Area,Ready To Move,other,Indanrt,1275.0,2.0,2.0,59.0,2
Super built-up  Area,Ready To Move,other,KSidems,1180.0,2.0,2.0,65.0,2
Built-up  Area,Ready To Move,other,BadorSp,1200.0,2.0,1.0,60.0,2
Built-up  Area,Ready To Move,other,BhisePa,1000.0,2.0,1.0,45.0,2
Built-up  Area,Ready To Move,other,Adarkya,1190.0,2.0,2.0,42.0,2
Super built-up  Area,Ready To Move,other,TNnumla,1275.0,2.0,3.0,55.0,2
Super built-up  Area,Ready To Move,other,Meines ,1170.0,2.0,1.0,39.0,2
Super built-up  Area,Ready To Move,other,ALtonea,1532.0,3.0,2.0,59.75,3
Super built-up  Area,Ready To Move,other,Prone M,1350.0,3.0,2.0,80.99,3
Super built-up  Area,Ready To Move,other,Esncyth,1080.0,2.0,1.0,48.0,2
Built-up  Area,Ready To Move,other,GRvasth,1053.0,2.0,0.0,51.0,2
Super built-up  Area,Ready To Move,other,Amsomun,1670.0,3.0,2.0,59.0,3
Built-up  Area,Ready To Move,other,AsensGa,1000.0,2.0,2.0,60.0,2
Built-up  Area,Ready To Move,other,Grmes L,1470.0,2.0,3.0,60.0,3
Super built-up  Area,18-Feb,other,MNtha A,1602.0,3.0,2.0,56.0,3
Super built-up  Area,Ready To Move,other,Srg Bnc,675.0,1.0,1.0,35.0,1
Built-up  Area,Ready To Move,other,Srigmsw,1035.0,2.0,1.0,42.5,2
Super built-up  Area,Ready To Move,other,MSadeed,1555.0,3.0,3.0,73.0,3
Super built-up  Area,Ready To Move,other,Srncy R,1025.0,2.0,1.0,42.0,2
Super built-up  Area,Ready To Move,other,Prdowth,900.0,2.0,1.0,44.5,2
Super built-up  Area,Ready To Move,other,AritaFe,1563.0,3.0,2.0,63.0,3
Built-up  Area,Ready To Move,other,Prowsi ,485.0,1.0,1.0,19.5,1
Super built-up  Area,Ready To Move,other,BrlonAv,1419.0,3.0,2.0,85.0,3
Super built-up  Area,Ready To Move,other,Raave E,865.0,2.0,2.0,33.0,2
Super built-up  Area,Ready To Move,other,Ozquaba,1145.0,2.0,2.0,60.0,3
Built-up  Area,Ready To Move,other,Jyavet ,1025.0,2.0,1.0,48.0,2
Built-up  Area,Ready To Move,other,Srentea,1320.0,2.0,0.0,50.0,2
Super built-up  Area,Ready To Move,other,E onsg ,2150.0,3.0,0.0,170.0,3
Super built-up  Area,Ready To Move,other,Reicace,1368.0,2.0,3.0,87.0,2
Built-up  Area,Ready To Move,other,Sariana,1507.0,3.0,1.0,80.0,3
Built-up  Area,Ready To Move,other,Pathira,960.0,2.0,3.0,50.0,2
Super built-up  Area,Ready To Move,other,BSian M,1021.0,2.0,2.0,46.0,2
Super built-up  Area,Ready To Move,other,IDldsin,1175.0,2.0,2.0,83.0,2
Super built-up  Area,Ready To Move,other,BSiumly,1050.0,2.0,0.0,59.0,2
Plot  Area,Ready To Move,other,Vahid O,2400.0,3.0,0.0,200.0,4
Super built-up  Area,Ready To Move,other,RSntsja,1200.0,2.0,3.0,110.0,3
Built-up  Area,Ready To Move,other,Malah A,1400.0,3.0,2.0,98.0,3
Super built-up  Area,Ready To Move,other,Vauna F,1344.0,2.0,0.0,56.0,3
Super built-up  Area,18-Feb,other,SoasaSa,1138.0,2.0,1.0,32.0,2
Built-up  Area,Ready To Move,other,Ablmsol,1495.0,2.0,2.0,70.0,3
Built-up  Area,Ready To Move,other,BrlisMe,1610.0,2.0,3.0,119.0,3
Built-up  Area,14-Jul,other,Shont F,1410.0,2.0,2.0,43.71,3
Super built-up  Area,Ready To Move,other,ShshaSa,1010.0,2.0,1.0,52.0,2
Super built-up  Area,Ready To Move,other,ItAnuna,1567.0,2.0,3.0,62.0,3
Super built-up  Area,Ready To Move,other,Leton A,2360.0,3.0,2.0,185.0,4
Built-up  Area,Ready To Move,other,VDdonel,1760.0,3.0,3.0,90.0,3
Super built-up  Area,Ready To Move,other,Myitece,1100.0,2.0,1.0,58.5,2
Built-up  Area,Ready To Move,other,Saionl ,1236.0,2.0,1.0,50.0,2
Built-up  Area,Ready To Move,other,PSterAs,1095.0,2.0,1.0,39.0,2
Super built-up  Area,Ready To Move,other,BSersTo,1126.0,2.0,1.0,39.4,2
Super built-up  Area,Ready To Move,other,MJeusyl,1357.0,2.0,2.0,59.0,3
Built-up  Area,Ready To Move,other,ViortCo,1080.0,2.0,2.0,38.0,2
Super built-up  Area,Ready To Move,other,ALtonea,1025.0,2.0,1.0,39.98,2
Super built-up  Area,Ready To Move,other,ShnyeSy,1524.0,2.0,3.0,72.0,3
Super built-up  Area,Ready To Move,other,SoersTo,900.0,2.0,1.0,40.0,2
Built-up  Area,Ready To Move,other,Shidei ,1105.0,2.0,2.0,57.0,2
Super built-up  Area,Ready To Move,other,Aconyit,1563.0,2.0,2.0,52.0,3
Super built-up  Area,Ready To Move,other,ArBayeb,1013.0,2.0,2.0,60.0,2
Carpet  Area,Ready To Move,other,Grare S,1600.0,3.0,2.0,77.0,3
Super built-up  Area,Ready To Move,other,Viconth,1190.0,2.0,1.0,48.0,2
Super built-up  Area,Ready To Move,other,SJcerpe,1625.0,3.0,2.0,95.0,3
Built-up  Area,Ready To Move,other,Vaaveeh,1300.0,2.0,3.0,90.0,2
Super built-up  Area,Ready To Move,other,TrryaAi,1053.0,2.0,3.0,44.0,2
Super built-up  Area,Ready To Move,other,PNncysi,1325.0,2.0,3.0,56.0,3
Super built-up  Area,Ready To Move,other,SaideHi,1420.0,2.0,2.0,95.0,3
Super built-up  Area,Ready To Move,other,StwarSi,1062.0,2.0,1.0,50.0,2
Super built-up  Area,Ready To Move,other,K borja,2135.0,3.0,2.0,170.0,3
Super built-up  Area,Ready To Move,other,VMlet C,1450.0,3.0,3.0,65.0,3
Super built-up  Area,Ready To Move,other,Vauna F,1500.0,2.0,0.0,70.0,3
Super built-up  Area,Ready To Move,other,Vidgema,1150.0,2.0,2.0,90.0,2
Plot  Area,Ready To Move,other,PrstaLa,5480.0,4.0,2.0,400.0,3
Built-up  Area,Ready To Move,other,Keort F,1500.0,3.0,2.0,75.0,3
Super built-up  Area,Ready To Move,other,Siuntar,1425.0,2.0,2.0,65.0,3
Built-up  Area,Ready To Move,other,Vitat H,866.0,2.0,2.0,32.0,2
Super built-up  Area,Ready To Move,other,DSestil,1100.0,2.0,1.0,41.0,2
Carpet  Area,Ready To Move,other,VancyRe,1625.0,3.0,1.0,150.0,3
Super built-up  Area,Ready To Move,other,SSityri,1350.0,2.0,2.0,47.0,3
Super built-up  Area,Ready To Move,other,Keleti ,1515.0,3.0,3.0,80.5,3
Super built-up  Area,Ready To Move,other,MRsicla,1470.0,2.0,2.0,99.0,3
Super built-up  Area,Ready To Move,other,VaantPl,1550.0,2.0,3.0,70.0,3
Super built-up  Area,Ready To Move,other,Dhndsh ,1410.0,2.0,1.0,54.0,3
Super built-up  Area,Ready To Move,other,NDpalSe,1231.0,2.0,3.0,66.0,2
Built-up  Area,Ready To Move,other,Almid P,1750.0,3.0,2.0,100.0,3
Super built-up  Area,Ready To Move,other,Puodse ,1113.0,2.0,1.0,52.0,2
Super built-up  Area,Ready To Move,other,Thionav,1738.0,3.0,2.0,110.0,3
Super built-up  Area,Ready To Move,other,V2avei ,1290.0,2.0,2.0,72.0,2
Super built-up  Area,Ready To Move,other,Asmosz ,1876.0,3.0,1.0,150.0,3
Super built-up  Area,Ready To Move,other,Soosea ,1720.0,3.0,1.0,95.0,3
Built-up  Area,Ready To Move,other,DSeme S,850.0,2.0,2.0,45.0,2
Super built-up  Area,Ready To Move,other,Giersin,1832.0,3.0,2.0,160.0,3
Built-up  Area,Ready To Move,other,ACopsva,950.0,2.0,0.0,30.0,2
Super built-up  Area,Ready To Move,other,Vadidpl,1290.0,2.0,2.0,71.95,2
Super built-up  Area,Ready To Move,other,MancyRe,1200.0,2.0,1.0,47.0,2
Built-up  Area,Ready To Move,other,VaireSo,1220.0,2.0,2.0,52.0,2
Super built-up  Area,Ready To Move,other,Inasy E,1140.0,2.0,2.0,43.0,2
Super built-up  Area,Ready To Move,other,Raood R,720.0,1.0,2.0,28.0,1
Built-up  Area,Ready To Move,other,Alnorrm,1100.0,2.0,1.0,90.0,2
Super built-up  Area,Ready To Move,other,SatonLi,1220.0,2.0,2.0,60.0,2
Super built-up  Area,Ready To Move,other,Prdenth,600.0,1.0,1.0,22.8,1
Super built-up  Area,Ready To Move,other,Prineth,540.0,1.0,2.0,24.0,1
Super built-up  Area,Ready To Move,other,Invenai,1200.0,2.0,2.0,60.5,2
Built-up  Area,Ready To Move,other,PrinePr,1154.0,2.0,1.0,57.0,2
Super built-up  Area,Ready To Move,other,CMhidal,1057.0,2.0,1.0,42.0,2
Super built-up  Area,Ready To Move,other,Daxir E,980.0,2.0,3.0,35.0,2
Super built-up  Area,18-Dec,other,DSdidSp,1270.0,2.0,1.0,35.56,3
Built-up  Area,Ready To Move,other,Shyas S,1442.0,3.0,2.0,80.0,3
Super built-up  Area,Ready To Move,other,AmiewLa,1260.0,2.0,1.0,55.0,2
Super built-up  Area,Ready To Move,other,Vestas ,1855.0,3.0,3.0,96.0,3
Super built-up  Area,Ready To Move,other,HMinebo,1280.0,2.0,1.0,88.0,2
Super built-up  Area,Ready To Move,other,Sahtsi ,1175.0,2.0,2.0,75.0,2
Super built-up  Area,Ready To Move,other,DSensn ,1770.0,3.0,2.0,99.0,3
Super built-up  Area,Ready To Move,other,Ranor M,1800.0,3.0,1.0,130.0,3
Super built-up  Area,18-May,other,Aavelis,1140.0,2.0,2.0,52.0,2
Super built-up  Area,Ready To Move,other,Veisear,1245.0,2.0,2.0,58.0,2
Super built-up  Area,Ready To Move,other,MJarlPe,1570.0,2.0,2.0,95.0,3
Super built-up  Area,Ready To Move,other,VentsAp,2250.0,3.0,0.0,180.0,3
Super built-up  Area,Ready To Move,other,Prncyay,1145.0,2.0,2.0,44.0,2
Super built-up  Area,Ready To Move,other,Saensar,1210.0,2.0,1.0,60.0,2
Super built-up  Area,Ready To Move,other,Spngsin,1684.0,3.0,2.0,86.0,3
Super built-up  Area,Ready To Move,other,Alivae ,1686.0,3.0,3.0,77.0,3
Super built-up  Area,Ready To Move,other,HRnyaAn,1989.0,4.0,3.0,155.0,3
Built-up  Area,Ready To Move,other,SLenssh,1200.0,2.0,3.0,50.0,2
Super built-up  Area,Ready To Move,other,SKthaAa,1950.0,3.0,3.0,132.0,3
Super built-up  Area,Ready To Move,other,LuntsAp,1600.0,3.0,2.0,102.0,3
Super built-up  Area,Ready To Move,other,Unentsi,1200.0,2.0,1.0,42.0,2
Super built-up  Area,Ready To Move,other,Cemesal,1510.0,2.0,2.0,65.0,3
Super built-up  Area,Ready To Move,other,Kr 10Ca,1200.0,2.0,2.0,45.0,2
Built-up  Area,Ready To Move,other,Sillaa ,1850.0,3.0,3.0,110.0,3
Super built-up  Area,Ready To Move,other,Suiseit,2150.0,3.0,2.0,85.0,4
Super built-up  Area,Ready To Move,other,GModsNR,1500.0,2.0,1.0,70.0,3
Super built-up  Area,Ready To Move,other,Reicace,1719.0,3.0,3.0,95.0,3
Super built-up  Area,Ready To Move,other,Suvasre,1200.0,3.0,2.0,80.0,2
Super built-up  Area,Ready To Move,other,Veyalin,1100.0,2.0,2.0,50.0,2
Super built-up  Area,Ready To Move,other,Prodsth,890.0,2.0,3.0,37.0,2
Super built-up  Area,Ready To Move,other,Myhrie ,1190.0,2.0,1.0,55.0,2
Super built-up  Area,Ready To Move,other,Seamaha,1162.0,2.0,1.0,48.0,2
Super built-up  Area,Ready To Move,other,Prineth,540.0,1.0,1.0,22.5,1
Super built-up  Area,Ready To Move,other,Saood S,1500.0,2.0,2.0,58.0,3
Super built-up  Area,Ready To Move,other,Shusehi,1100.0,2.0,2.0,85.0,2
Super built-up  Area,Ready To Move,other,Dwntsli,1360.0,2.0,2.0,73.0,3
Super built-up  Area,Ready To Move,other,PlhtsHe,1945.0,3.0,2.0,135.0,3
Super built-up  Area,Ready To Move,other,Suncyu ,1100.0,2.0,2.0,55.0,2
Super built-up  Area,Ready To Move,other,Shncyhi,1081.0,2.0,3.0,60.0,2
Super built-up  Area,Ready To Move,other,MasicCl,1786.0,3.0,2.0,79.99,3
Super built-up  Area,Ready To Move,other,ShshaSa,1020.0,2.0,1.0,42.48,2
Super built-up  Area,Ready To Move,other,Anair A,1369.0,2.0,3.0,72.0,3
Super built-up  Area,Ready To Move,other,ArzzaRe,1418.0,2.0,1.0,62.0,2
Super built-up  Area,Ready To Move,other,Rarelt ,1035.0,2.0,2.0,60.0,2
Super built-up  Area,Ready To Move,other,ArnzaFi,1307.0,2.0,2.0,59.0,2
Super built-up  Area,Ready To Move,other,VRaceer,1200.0,2.0,2.0,45.0,2
Super built-up  Area,Ready To Move,other,ARntyne,1830.0,3.0,2.0,95.0,3
Super built-up  Area,Ready To Move,other,BMmesHo,1486.0,2.0,2.0,65.0,3
Built-up  Area,Ready To Move,other,Siourpl,1425.0,1.0,0.0,54.0,3
Super built-up  Area,Ready To Move,other,Prone M,1350.0,3.0,2.0,80.99,3
Super built-up  Area,19-Jun,other,Siacen ,1100.0,2.0,2.0,64.08,2
Super built-up  Area,Ready To Move,other,AlEcone,1975.0,3.0,3.0,90.0,3
Built-up  Area,Ready To Move,other,Makeser,1010.0,2.0,1.0,41.0,2
Super built-up  Area,Ready To Move,other,Seityen,1012.0,2.0,1.0,62.0,2
Built-up  Area,Ready To Move,other,MCrds S,1200.0,2.0,1.0,75.0,2
Built-up  Area,Ready To Move,other,RodenGa,1490.0,3.0,0.0,140.0,3
Super built-up  Area,Ready To Move,other,PronsAs,1330.0,2.0,1.0,56.0,2
Built-up  Area,Ready To Move,other,NantsGa,1650.0,1.0,1.0,130.0,2
Super built-up  Area,Ready To Move,other,Ablmsol,1500.0,2.0,3.0,78.0,3
Super built-up  Area,Ready To Move,other,Prntsax,745.0,2.0,1.0,36.0,2
Super built-up  Area,Ready To Move,other,MJarlPe,1155.0,2.0,1.0,64.0,2
Super built-up  Area,Ready To Move,other,Sariana,1508.0,3.0,1.0,77.0,3
Super built-up  Area,Ready To Move,other,SoncyRe,1225.0,2.0,2.0,52.0,2
Super built-up  Area,Ready To Move,other,Maa 5a ,1095.0,2.0,1.0,57.0,2
Super built-up  Area,Ready To Move,other,ThhtsV ,1000.0,2.0,1.0,49.5,2
Built-up  Area,Ready To Move,other,Sariana,1256.0,2.0,1.0,65.0,2
Super built-up  Area,Ready To Move,other,OlarkLa,1353.0,2.0,2.0,110.0,2
Super built-up  Area,18-Jul,other,Plowsri,1440.0,2.0,2.0,63.93,3
Super built-up  Area,Ready To Move,other,RSntsAp,2200.0,3.0,3.0,80.0,4
